customer_id,signup_date,segment,acquisition_channel,initial_plan,initial_mrr,churn_date,upgraded_plan,final_mrr,cac
1,2023-07-01,SMB,Outbound Sales,Scale,299,2024-05-01,,0,1100.66
2,2024-09-01,Mid-Market,Paid Search,Growth,99,,,99,479.53
3,2024-03-01,Mid-Market,Paid Search,Growth,99,,Scale,299,497.51
4,2024-08-01,Mid-Market,Referral,Starter,29,,,29,80.51
5,2024-10-01,SMB,Partner,Growth,99,,,99,348.24
6,2024-04-01,Mid-Market,Organic,Starter,29,,,29,69.75
7,2023-07-01,SMB,Paid Search,Starter,29,,,29,441.23
8,2023-03-01,Mid-Market,Outbound Sales,Growth,99,,,99,1353.77
9,2023-11-01,SMB,Organic,Starter,29,2024-02-01,,0,66.59
10,2024-01-01,SMB,Organic,Scale,299,,,299,60.43
11,2024-05-01,Enterprise,Paid Search,Starter,29,,,29,461.04
12,2024-11-01,Mid-Market,Paid Search,Growth,99,,,99,351.59
13,2023-06-01,Mid-Market,Outbound Sales,Starter,29,,,29,1234.0
14,2024-04-01,Mid-Market,Organic,Scale,299,,,299,57.46
15,2023-01-01,SMB,Paid Search,Growth,99,2023-03-01,,0,370.45
16,2023-03-01,SMB,Organic,Enterprise,799,2023-07-01,,0,53.53
17,2024-02-01,Mid-Market,Referral,Starter,29,,,29,99.42
18,2023-01-01,SMB,Paid Search,Growth,99,2023-03-01,,0,365.16
19,2024-05-01,Enterprise,Organic,Starter,29,,Growth,99,50.69
20,2024-09-01,SMB,Organic,Starter,29,,Growth,99,54.73
21,2024-06-01,Enterprise,Paid Search,Growth,99,,,99,362.89
22,2023-03-01,Mid-Market,Paid Search,Starter,29,2023-10-01,,0,370.12
23,2023-02-01,Mid-Market,Paid Search,Starter,29,2023-06-01,,0,467.54
24,2024-08-01,SMB,Organic,Starter,29,,,29,58.59
25,2024-08-01,Mid-Market,Paid Search,Starter,29,,,29,408.93
26,2024-11-01,SMB,Paid Search,Starter,29,,Growth,99,424.18
27,2023-01-01,SMB,Paid Search,Starter,29,2023-08-01,,0,350.97
28,2024-04-01,SMB,Organic,Starter,29,2024-09-01,,0,71.69
29,2024-04-01,SMB,Organic,Scale,299,2024-09-01,,0,68.33
30,2024-07-01,Mid-Market,Referral,Growth,99,,,99,82.54
31,2024-06-01,SMB,Outbound Sales,Growth,99,,,99,1110.64
32,2024-07-01,SMB,Referral,Growth,99,,,99,94.22
33,2023-11-01,Mid-Market,Outbound Sales,Scale,299,,Enterprise,799,1399.74
34,2024-05-01,SMB,Organic,Growth,99,,,99,55.44
35,2024-03-01,SMB,Referral,Starter,29,2024-11-01,,0,84.26
36,2023-03-01,SMB,Paid Search,Scale,299,,,299,424.33
37,2024-07-01,SMB,Paid Search,Starter,29,2024-08-01,,0,483.7
38,2023-08-01,Mid-Market,Referral,Starter,29,2024-03-01,,0,75.93
39,2024-01-01,Enterprise,Organic,Starter,29,,,29,60.24
40,2024-04-01,SMB,Referral,Scale,299,,,299,87.73
41,2023-01-01,Mid-Market,Paid Search,Starter,29,2024-11-01,,0,414.35
42,2024-11-01,Mid-Market,Partner,Scale,299,,,299,349.17
43,2023-05-01,SMB,Paid Search,Growth,99,2024-01-01,,0,427.45
44,2023-02-01,Mid-Market,Organic,Growth,99,,,99,64.68
45,2023-04-01,Mid-Market,Outbound Sales,Growth,99,,,99,1572.84
46,2023-10-01,SMB,Paid Search,Starter,29,2024-03-01,,0,386.8
47,2024-03-01,SMB,Outbound Sales,Growth,99,,,99,1273.7
48,2023-02-01,SMB,Paid Search,Growth,99,2023-12-01,,0,374.06
49,2024-05-01,SMB,Paid Search,Starter,29,,,29,445.51
50,2024-05-01,SMB,Organic,Growth,99,2024-11-01,,0,54.09
51,2024-09-01,SMB,Paid Search,Starter,29,,Growth,99,375.43
52,2024-07-01,Mid-Market,Partner,Starter,29,2024-10-01,,0,358.41
53,2024-10-01,SMB,Referral,Starter,29,,,29,97.1
54,2023-12-01,Enterprise,Referral,Starter,29,,,29,101.32
55,2023-02-01,Mid-Market,Paid Search,Starter,29,,,29,498.76
56,2023-04-01,Mid-Market,Referral,Starter,29,,,29,106.96
57,2023-06-01,Mid-Market,Outbound Sales,Growth,99,2024-09-01,,0,1259.88
58,2024-07-01,SMB,Paid Search,Growth,99,,,99,423.15
59,2023-12-01,SMB,Paid Search,Scale,299,2024-06-01,,0,491.13
60,2023-10-01,SMB,Paid Search,Scale,299,,,299,340.31
61,2024-09-01,SMB,Organic,Growth,99,,,99,69.99
62,2023-11-01,Enterprise,Paid Search,Starter,29,,,29,480.14
63,2023-07-01,SMB,Referral,Growth,99,2023-11-01,,0,88.85
64,2024-04-01,SMB,Outbound Sales,Growth,99,,,99,1359.14
65,2023-10-01,SMB,Outbound Sales,Scale,299,,,299,1105.74
66,2024-02-01,SMB,Referral,Scale,299,2024-05-01,,0,92.01
67,2023-07-01,Mid-Market,Paid Search,Growth,99,,,99,356.68
68,2024-02-01,SMB,Organic,Growth,99,,,99,54.33
69,2024-09-01,SMB,Paid Search,Scale,299,,Enterprise,799,471.08
70,2023-06-01,SMB,Referral,Growth,99,,,99,90.17
71,2024-10-01,SMB,Paid Search,Growth,99,,,99,462.32
72,2024-01-01,Mid-Market,Organic,Starter,29,2024-09-01,,0,70.36
73,2024-07-01,Mid-Market,Organic,Starter,29,,,29,52.11
74,2024-07-01,Mid-Market,Referral,Growth,99,,,99,81.34
75,2024-03-01,Mid-Market,Partner,Starter,29,,Growth,99,310.44
76,2023-03-01,Mid-Market,Paid Search,Starter,29,2024-07-01,,0,495.53
77,2023-10-01,SMB,Paid Search,Enterprise,799,2024-01-01,,0,466.92
78,2024-05-01,SMB,Referral,Starter,29,,,29,95.02
79,2024-06-01,SMB,Paid Search,Starter,29,,,29,450.1
80,2023-11-01,Enterprise,Outbound Sales,Growth,99,,,99,1313.62
81,2023-05-01,Enterprise,Outbound Sales,Starter,29,,,29,1298.01
82,2023-08-01,Mid-Market,Paid Search,Enterprise,799,2023-09-01,,0,501.79
83,2023-05-01,SMB,Partner,Starter,29,,Growth,99,342.77
84,2023-06-01,Enterprise,Partner,Starter,29,2023-08-01,,0,331.31
85,2023-11-01,Enterprise,Paid Search,Starter,29,2024-08-01,,0,456.91
86,2024-01-01,SMB,Outbound Sales,Scale,299,,,299,1386.24
87,2023-01-01,SMB,Outbound Sales,Starter,29,2023-12-01,,0,1257.71
88,2023-02-01,Enterprise,Organic,Starter,29,,,29,58.39
89,2023-12-01,SMB,Organic,Growth,99,2024-06-01,,0,49.41
90,2023-12-01,Enterprise,Referral,Starter,29,,,29,75.22
91,2023-08-01,Mid-Market,Organic,Growth,99,2024-07-01,,0,57.23
92,2024-10-01,Mid-Market,Referral,Growth,99,,Scale,299,76.17
93,2024-01-01,Mid-Market,Organic,Starter,29,,,29,57.55
94,2023-09-01,Enterprise,Referral,Growth,99,,,99,79.68
95,2024-11-01,Mid-Market,Outbound Sales,Growth,99,,,99,1269.02
96,2023-06-01,SMB,Partner,Growth,99,2023-11-01,,0,285.51
97,2023-01-01,SMB,Partner,Scale,299,2023-10-01,,0,335.32
98,2023-02-01,Enterprise,Partner,Growth,99,,,99,322.28
99,2023-02-01,SMB,Referral,Scale,299,,,299,101.34
100,2024-08-01,SMB,Organic,Starter,29,2024-09-01,,0,56.76
101,2024-11-01,SMB,Paid Search,Starter,29,,,29,474.74
102,2024-08-01,Enterprise,Paid Search,Enterprise,799,,,799,495.54
103,2023-12-01,SMB,Paid Search,Growth,99,,Scale,299,382.61
104,2024-06-01,Mid-Market,Referral,Growth,99,,,99,97.87
105,2023-02-01,SMB,Partner,Enterprise,799,2024-06-01,,0,246.91
106,2024-03-01,Mid-Market,Referral,Growth,99,2024-08-01,,0,90.76
107,2023-11-01,Mid-Market,Referral,Growth,99,,,99,77.63
108,2023-11-01,SMB,Paid Search,Starter,29,,,29,475.94
109,2023-04-01,SMB,Partner,Growth,99,2024-08-01,,0,289.71
110,2024-10-01,Enterprise,Paid Search,Scale,299,,,299,437.52
111,2023-08-01,Mid-Market,Paid Search,Growth,99,,,99,433.81
112,2023-09-01,Mid-Market,Organic,Starter,29,,,29,50.5
113,2023-08-01,SMB,Referral,Starter,29,2024-07-01,,0,75.61
114,2023-12-01,Mid-Market,Referral,Growth,99,,,99,92.57
115,2024-04-01,SMB,Partner,Starter,29,,,29,277.8
116,2023-12-01,Mid-Market,Paid Search,Scale,299,,,299,354.72
117,2023-05-01,SMB,Organic,Starter,29,2024-02-01,,0,55.44
118,2023-02-01,Enterprise,Referral,Starter,29,,,29,78.86
119,2023-11-01,Mid-Market,Paid Search,Growth,99,,Scale,299,342.66
120,2023-04-01,SMB,Paid Search,Growth,99,,,99,399.81
121,2024-01-01,SMB,Partner,Starter,29,,,29,321.69
122,2023-09-01,Mid-Market,Organic,Growth,99,,,99,50.72
123,2024-11-01,SMB,Referral,Growth,99,,Scale,299,93.06
124,2024-11-01,SMB,Paid Search,Growth,99,,,99,361.48
125,2024-02-01,Enterprise,Partner,Enterprise,799,,,799,248.21
126,2023-09-01,SMB,Paid Search,Starter,29,2024-01-01,,0,351.49
127,2024-06-01,SMB,Organic,Starter,29,2024-12-01,,0,53.04
128,2024-05-01,SMB,Organic,Scale,299,,,299,59.17
129,2023-03-01,SMB,Outbound Sales,Growth,99,,,99,1320.03
130,2023-01-01,SMB,Referral,Growth,99,2023-07-01,,0,89.15
131,2023-01-01,Enterprise,Paid Search,Growth,99,2024-03-01,,0,399.15
132,2023-02-01,Mid-Market,Outbound Sales,Growth,99,2023-12-01,,0,1555.3
133,2023-07-01,Mid-Market,Organic,Starter,29,,,29,69.23
134,2023-06-01,Mid-Market,Organic,Starter,29,,,29,63.79
135,2024-08-01,SMB,Paid Search,Starter,29,,,29,390.44
136,2023-10-01,SMB,Organic,Scale,299,2024-08-01,,0,52.44
137,2023-09-01,Mid-Market,Paid Search,Starter,29,,Growth,99,453.22
138,2024-08-01,Mid-Market,Organic,Growth,99,,,99,71.92
139,2024-03-01,SMB,Outbound Sales,Scale,299,,,299,1522.44
140,2023-09-01,Mid-Market,Organic,Starter,29,,Growth,99,55.87
141,2024-04-01,Mid-Market,Organic,Starter,29,,,29,52.6
142,2024-02-01,SMB,Paid Search,Growth,99,,,99,473.36
143,2023-03-01,Mid-Market,Outbound Sales,Starter,29,,,29,1297.21
144,2023-08-01,Mid-Market,Paid Search,Scale,299,2024-11-01,,0,434.27
145,2023-03-01,Mid-Market,Outbound Sales,Growth,99,,,99,1102.95
146,2023-11-01,Mid-Market,Organic,Growth,99,,,99,67.35
147,2023-04-01,SMB,Organic,Scale,299,2024-03-01,,0,52.85
148,2023-02-01,SMB,Outbound Sales,Starter,29,2023-07-01,,0,1492.3
149,2024-02-01,SMB,Outbound Sales,Scale,299,2024-06-01,,0,1436.57
150,2023-07-01,Mid-Market,Referral,Growth,99,,,99,86.85
151,2024-10-01,SMB,Paid Search,Scale,299,2024-12-01,,0,425.63
152,2023-03-01,Mid-Market,Referral,Starter,29,2024-01-01,,0,91.35
153,2024-11-01,SMB,Organic,Starter,29,,,29,53.41
154,2024-10-01,Mid-Market,Referral,Growth,99,,Scale,299,76.65
155,2024-10-01,Enterprise,Paid Search,Scale,299,,,299,472.09
156,2023-06-01,SMB,Organic,Starter,29,2023-07-01,,0,64.56
157,2023-08-01,SMB,Organic,Starter,29,2024-04-01,,0,62.91
158,2023-08-01,SMB,Organic,Starter,29,,,29,54.68
159,2023-12-01,Enterprise,Referral,Growth,99,2024-07-01,,0,86.48
160,2024-01-01,SMB,Outbound Sales,Scale,299,,,299,1159.52
161,2023-10-01,Mid-Market,Paid Search,Starter,29,2024-08-01,,0,462.74
162,2023-12-01,SMB,Referral,Starter,29,,,29,72.54
163,2023-02-01,SMB,Referral,Starter,29,2023-05-01,,0,72.1
164,2024-10-01,Mid-Market,Organic,Growth,99,,,99,60.5
165,2023-01-01,SMB,Organic,Enterprise,799,2023-02-01,,0,56.26
166,2024-03-01,SMB,Organic,Starter,29,2024-12-01,,0,51.45
167,2023-03-01,SMB,Paid Search,Enterprise,799,2023-06-01,,0,457.47
168,2024-03-01,SMB,Outbound Sales,Growth,99,2024-12-01,,0,1583.32
169,2024-04-01,Enterprise,Organic,Scale,299,,,299,54.74
170,2024-09-01,Mid-Market,Organic,Enterprise,799,,,799,62.46
171,2024-07-01,Mid-Market,Organic,Scale,299,,,299,65.88
172,2024-10-01,Enterprise,Partner,Starter,29,,Growth,99,313.9
173,2023-11-01,SMB,Referral,Growth,99,2023-12-01,,0,85.79
174,2023-06-01,SMB,Partner,Starter,29,,Growth,99,306.67
175,2024-08-01,Mid-Market,Paid Search,Starter,29,2024-11-01,,0,457.73
176,2024-03-01,Enterprise,Paid Search,Growth,99,,,99,494.46
177,2024-03-01,SMB,Partner,Enterprise,799,2024-04-01,,0,332.68
178,2023-03-01,Mid-Market,Referral,Growth,99,,,99,83.34
179,2023-10-01,SMB,Paid Search,Starter,29,2024-06-01,,0,448.87
180,2023-07-01,SMB,Referral,Growth,99,,Scale,299,104.98
181,2024-11-01,SMB,Paid Search,Growth,99,,,99,423.19
182,2023-09-01,SMB,Paid Search,Growth,99,2024-03-01,,0,352.06
183,2023-05-01,SMB,Partner,Enterprise,799,,,799,316.94
184,2023-12-01,Mid-Market,Partner,Starter,29,2024-12-01,,0,312.6
185,2023-07-01,SMB,Outbound Sales,Growth,99,,,99,1152.59
186,2023-03-01,Mid-Market,Outbound Sales,Growth,99,,,99,1209.36
187,2024-10-01,Mid-Market,Outbound Sales,Starter,29,2024-12-01,,0,1442.84
188,2024-09-01,Mid-Market,Paid Search,Starter,29,,,29,499.57
189,2023-04-01,SMB,Outbound Sales,Scale,299,,,299,1173.84
190,2023-10-01,Mid-Market,Organic,Scale,299,,,299,62.74
191,2023-09-01,SMB,Partner,Starter,29,2024-07-01,,0,296.86
192,2023-06-01,SMB,Paid Search,Starter,29,,,29,393.07
193,2023-02-01,SMB,Partner,Growth,99,,,99,349.7
194,2023-03-01,SMB,Partner,Scale,299,2023-11-01,,0,352.47
195,2023-03-01,Mid-Market,Organic,Enterprise,799,,,799,51.92
196,2023-07-01,Enterprise,Outbound Sales,Scale,299,,,299,1461.41
197,2023-10-01,SMB,Organic,Scale,299,2024-10-01,,0,66.58
198,2024-08-01,SMB,Referral,Starter,29,,,29,105.24
199,2024-06-01,Mid-Market,Paid Search,Scale,299,,,299,348.29
200,2023-08-01,SMB,Organic,Growth,99,2024-01-01,,0,70.37
201,2024-05-01,SMB,Referral,Growth,99,,,99,80.87
202,2023-06-01,Mid-Market,Referral,Scale,299,,,299,102.9
203,2023-08-01,Mid-Market,Outbound Sales,Scale,299,,,299,1527.23
204,2023-02-01,Mid-Market,Outbound Sales,Scale,299,2023-07-01,,0,1508.55
205,2024-04-01,SMB,Paid Search,Starter,29,,Growth,99,385.35
206,2023-09-01,SMB,Paid Search,Growth,99,,,99,463.63
207,2023-05-01,Mid-Market,Paid Search,Enterprise,799,,,799,379.99
208,2024-10-01,SMB,Referral,Enterprise,799,,,799,83.15
209,2023-02-01,Enterprise,Paid Search,Scale,299,2024-10-01,,0,473.28
210,2024-10-01,Enterprise,Paid Search,Starter,29,,,29,434.17
211,2024-07-01,Mid-Market,Referral,Growth,99,,Scale,299,82.85
212,2023-01-01,SMB,Paid Search,Starter,29,,,29,453.53
213,2023-09-01,Mid-Market,Organic,Starter,29,2024-12-01,,0,68.58
214,2024-03-01,Mid-Market,Paid Search,Starter,29,,,29,429.68
215,2023-01-01,SMB,Organic,Starter,29,,,29,53.25
216,2024-03-01,SMB,Referral,Growth,99,2024-06-01,,0,92.87
217,2023-02-01,Mid-Market,Paid Search,Growth,99,,,99,434.38
218,2024-06-01,SMB,Referral,Starter,29,,,29,94.71
219,2024-01-01,Enterprise,Paid Search,Starter,29,2024-11-01,,0,467.17
220,2023-09-01,Mid-Market,Outbound Sales,Growth,99,,,99,1609.64
221,2023-08-01,SMB,Referral,Enterprise,799,2024-12-01,,0,75.96
222,2023-11-01,Mid-Market,Organic,Scale,299,2024-10-01,,0,52.6
223,2024-07-01,Mid-Market,Paid Search,Growth,99,,,99,472.91
224,2023-04-01,SMB,Outbound Sales,Scale,299,,,299,1365.63
225,2023-01-01,Mid-Market,Organic,Growth,99,,,99,65.89
226,2023-07-01,Mid-Market,Outbound Sales,Enterprise,799,,,799,1304.64
227,2024-04-01,SMB,Paid Search,Starter,29,2024-09-01,,0,476.93
228,2023-03-01,Mid-Market,Referral,Growth,99,,,99,87.16
229,2024-06-01,Enterprise,Referral,Starter,29,,,29,106.08
230,2023-08-01,SMB,Referral,Growth,99,2023-10-01,,0,86.08
231,2024-04-01,SMB,Organic,Starter,29,,Growth,99,54.75
232,2023-11-01,SMB,Paid Search,Growth,99,,,99,353.14
233,2024-08-01,Mid-Market,Referral,Starter,29,,,29,102.55
234,2023-12-01,Mid-Market,Partner,Scale,299,,,299,353.92
235,2024-11-01,SMB,Paid Search,Scale,299,,,299,486.24
236,2024-05-01,SMB,Partner,Starter,29,,,29,331.19
237,2024-02-01,SMB,Referral,Scale,299,,,299,87.56
238,2024-01-01,SMB,Partner,Starter,29,2024-03-01,,0,276.96
239,2024-11-01,Enterprise,Outbound Sales,Scale,299,,,299,1233.67
240,2024-04-01,Mid-Market,Referral,Growth,99,,,99,99.34
241,2023-06-01,Mid-Market,Organic,Growth,99,,,99,56.28
242,2023-12-01,Mid-Market,Outbound Sales,Growth,99,2024-07-01,,0,1503.96
243,2023-10-01,Mid-Market,Outbound Sales,Scale,299,,,299,1610.43
244,2024-06-01,Mid-Market,Partner,Growth,99,,,99,262.66
245,2024-03-01,SMB,Organic,Scale,299,2024-04-01,,0,50.74
246,2023-01-01,Enterprise,Partner,Scale,299,,Enterprise,799,254.33
247,2024-05-01,SMB,Paid Search,Starter,29,,,29,345.91
248,2024-07-01,SMB,Partner,Growth,99,,,99,322.91
249,2023-03-01,SMB,Outbound Sales,Starter,29,2024-06-01,,0,1400.21
250,2024-10-01,Mid-Market,Outbound Sales,Growth,99,,,99,1384.82
251,2024-04-01,SMB,Outbound Sales,Scale,299,,,299,1394.07
252,2023-03-01,SMB,Outbound Sales,Starter,29,,Growth,99,1117.55
253,2024-11-01,Mid-Market,Paid Search,Starter,29,,Growth,99,384.93
254,2023-06-01,SMB,Referral,Starter,29,2023-07-01,,0,81.57
255,2023-11-01,SMB,Paid Search,Growth,99,,,99,416.48
256,2023-01-01,Mid-Market,Outbound Sales,Starter,29,2024-08-01,,0,1554.66
257,2023-05-01,Mid-Market,Organic,Enterprise,799,,,799,71.33
258,2024-05-01,Enterprise,Organic,Scale,299,,,299,62.69
259,2023-04-01,SMB,Outbound Sales,Starter,29,,,29,1213.27
260,2024-02-01,Mid-Market,Organic,Starter,29,,,29,57.14
261,2024-05-01,SMB,Referral,Growth,99,2024-11-01,,0,83.71
262,2023-12-01,Mid-Market,Paid Search,Growth,99,,,99,370.28
263,2024-11-01,SMB,Paid Search,Scale,299,,,299,500.39
264,2024-09-01,Enterprise,Paid Search,Scale,299,,Enterprise,799,358.1
265,2023-11-01,SMB,Outbound Sales,Starter,29,2024-07-01,,0,1385.87
266,2024-03-01,Enterprise,Organic,Starter,29,,,29,67.17
267,2024-03-01,SMB,Paid Search,Scale,299,,,299,493.85
268,2024-08-01,Mid-Market,Organic,Growth,99,,,99,52.82
269,2023-02-01,Mid-Market,Paid Search,Starter,29,,,29,368.3
270,2024-07-01,Mid-Market,Organic,Enterprise,799,,,799,59.93
271,2023-01-01,SMB,Referral,Starter,29,2024-08-01,,0,85.84
272,2024-10-01,SMB,Outbound Sales,Starter,29,,,29,1214.64
273,2023-09-01,SMB,Referral,Growth,99,2024-06-01,,0,75.4
274,2023-10-01,SMB,Paid Search,Starter,29,2024-05-01,,0,397.26
275,2023-12-01,SMB,Paid Search,Growth,99,,,99,383.3
276,2024-01-01,Enterprise,Paid Search,Growth,99,,Scale,299,364.9
277,2023-12-01,SMB,Organic,Scale,299,2024-06-01,,0,56.84
278,2023-03-01,SMB,Paid Search,Starter,29,,,29,349.71
279,2024-03-01,SMB,Outbound Sales,Starter,29,,,29,1575.24
280,2024-01-01,Mid-Market,Outbound Sales,Scale,299,,,299,1403.46
281,2024-07-01,SMB,Paid Search,Growth,99,2024-09-01,,0,416.51
282,2023-11-01,SMB,Referral,Starter,29,,,29,76.67
283,2024-04-01,Mid-Market,Referral,Starter,29,,,29,99.99
284,2024-03-01,Mid-Market,Organic,Starter,29,,Growth,99,49.81
285,2024-03-01,SMB,Organic,Growth,99,,,99,71.64
286,2023-12-01,SMB,Referral,Starter,29,,,29,102.34
287,2024-04-01,Mid-Market,Organic,Growth,99,,,99,59.3
288,2024-09-01,Mid-Market,Organic,Starter,29,,,29,64.12
289,2024-07-01,Mid-Market,Partner,Growth,99,2024-11-01,,0,250.67
290,2023-09-01,SMB,Paid Search,Scale,299,2023-12-01,,0,418.07
291,2023-12-01,Mid-Market,Partner,Starter,29,,,29,338.35
292,2024-11-01,Mid-Market,Paid Search,Starter,29,2024-12-01,,0,349.14
293,2024-05-01,SMB,Paid Search,Growth,99,,,99,372.46
294,2024-03-01,SMB,Outbound Sales,Growth,99,2024-08-01,,0,1499.74
295,2023-03-01,Mid-Market,Referral,Starter,29,,,29,88.5
296,2024-06-01,SMB,Paid Search,Scale,299,,,299,447.71
297,2023-04-01,SMB,Partner,Starter,29,,,29,338.18
298,2024-07-01,Mid-Market,Paid Search,Growth,99,,Scale,299,360.44
299,2024-05-01,Enterprise,Referral,Enterprise,799,,,799,88.87
300,2024-11-01,Enterprise,Partner,Enterprise,799,,,799,307.51
301,2024-11-01,SMB,Organic,Growth,99,,,99,62.76
302,2023-07-01,Mid-Market,Paid Search,Growth,99,,Scale,299,478.43
303,2023-06-01,SMB,Paid Search,Scale,299,2023-11-01,,0,416.03
304,2024-05-01,SMB,Paid Search,Starter,29,,,29,389.29
305,2024-10-01,Mid-Market,Paid Search,Scale,299,,,299,470.8
306,2024-01-01,SMB,Referral,Growth,99,2024-09-01,,0,104.29
307,2023-08-01,Mid-Market,Partner,Growth,99,,Scale,299,283.04
308,2024-01-01,SMB,Organic,Starter,29,2024-02-01,,0,65.43
309,2023-07-01,SMB,Paid Search,Starter,29,,,29,371.6
310,2024-07-01,SMB,Organic,Starter,29,,Growth,99,50.16
311,2024-07-01,SMB,Organic,Enterprise,799,,,799,57.04
312,2024-01-01,Mid-Market,Outbound Sales,Scale,299,,Enterprise,799,1299.76
313,2024-04-01,Mid-Market,Outbound Sales,Starter,29,,,29,1141.57
314,2024-10-01,Mid-Market,Partner,Starter,29,,,29,252.27
315,2023-10-01,SMB,Referral,Growth,99,,,99,97.42
316,2024-03-01,SMB,Outbound Sales,Starter,29,,Growth,99,1468.16
317,2024-03-01,SMB,Organic,Starter,29,,,29,49.74
318,2024-09-01,Mid-Market,Outbound Sales,Starter,29,,Growth,99,1353.65
319,2023-04-01,SMB,Referral,Growth,99,2023-12-01,,0,92.15
320,2023-04-01,SMB,Outbound Sales,Growth,99,,,99,1349.24
321,2023-11-01,SMB,Outbound Sales,Growth,99,2023-12-01,,0,1608.76
322,2023-02-01,Enterprise,Organic,Growth,99,2023-11-01,,0,58.99
323,2023-12-01,SMB,Paid Search,Enterprise,799,,,799,427.61
324,2024-07-01,SMB,Partner,Starter,29,,Growth,99,277.22
325,2024-11-01,SMB,Partner,Starter,29,,,29,270.27
326,2023-05-01,SMB,Referral,Starter,29,2023-12-01,,0,101.48
327,2024-11-01,Mid-Market,Organic,Enterprise,799,,,799,70.27
328,2024-04-01,Mid-Market,Paid Search,Starter,29,,,29,390.05
329,2024-11-01,SMB,Paid Search,Enterprise,799,,,799,478.42
330,2024-11-01,Enterprise,Paid Search,Starter,29,,,29,406.85
331,2024-11-01,SMB,Outbound Sales,Growth,99,,,99,1363.24
332,2023-09-01,Enterprise,Referral,Scale,299,,,299,78.41
333,2024-03-01,Mid-Market,Paid Search,Growth,99,,,99,434.18
334,2024-04-01,SMB,Paid Search,Starter,29,2024-08-01,,0,496.05
335,2023-09-01,SMB,Referral,Starter,29,2024-10-01,,0,73.82
336,2024-08-01,Mid-Market,Paid Search,Growth,99,,,99,379.9
337,2024-02-01,SMB,Organic,Enterprise,799,,,799,64.67
338,2024-02-01,SMB,Referral,Growth,99,2024-03-01,,0,81.67
339,2024-10-01,SMB,Referral,Growth,99,,,99,85.25
340,2023-11-01,Mid-Market,Organic,Starter,29,,,29,54.96
341,2023-08-01,Enterprise,Paid Search,Starter,29,,,29,498.53
342,2024-07-01,Mid-Market,Referral,Starter,29,,,29,89.54
343,2023-05-01,SMB,Referral,Growth,99,2023-07-01,,0,76.82
344,2024-09-01,Mid-Market,Partner,Scale,299,,,299,254.67
345,2024-11-01,SMB,Referral,Starter,29,,,29,83.17
346,2023-12-01,SMB,Referral,Starter,29,2024-09-01,,0,86.44
347,2023-12-01,SMB,Organic,Growth,99,,,99,54.93
348,2023-01-01,Mid-Market,Outbound Sales,Growth,99,,,99,1377.29
349,2023-08-01,SMB,Paid Search,Scale,299,,,299,482.46
350,2023-08-01,Mid-Market,Referral,Growth,99,,,99,100.37
351,2024-06-01,Mid-Market,Paid Search,Starter,29,,,29,433.27
352,2023-05-01,Mid-Market,Paid Search,Starter,29,,,29,457.67
353,2023-08-01,SMB,Paid Search,Growth,99,,,99,447.29
354,2023-08-01,Enterprise,Paid Search,Scale,299,,,299,347.08
355,2024-02-01,Mid-Market,Organic,Starter,29,,,29,63.23
356,2024-05-01,Mid-Market,Paid Search,Starter,29,,,29,482.51
357,2023-11-01,Enterprise,Referral,Growth,99,,,99,101.88
358,2024-11-01,SMB,Outbound Sales,Starter,29,,,29,1333.83
359,2023-05-01,SMB,Paid Search,Scale,299,,,299,390.75
360,2024-09-01,SMB,Paid Search,Starter,29,,,29,399.47
361,2024-06-01,Mid-Market,Outbound Sales,Starter,29,,,29,1385.53
362,2024-04-01,SMB,Organic,Enterprise,799,,,799,57.83
363,2023-09-01,Mid-Market,Organic,Starter,29,,,29,56.36
364,2024-03-01,Mid-Market,Referral,Growth,99,,Scale,299,76.27
365,2023-04-01,Mid-Market,Organic,Growth,99,2024-10-01,,0,50.55
366,2023-07-01,SMB,Partner,Growth,99,,,99,243.52
367,2023-12-01,SMB,Paid Search,Starter,29,2024-06-01,,0,502.97
368,2023-10-01,SMB,Organic,Starter,29,,,29,56.7
369,2024-02-01,SMB,Organic,Scale,299,,,299,49.74
370,2023-10-01,SMB,Paid Search,Starter,29,2024-09-01,,0,431.36
371,2023-06-01,SMB,Paid Search,Growth,99,2023-07-01,,0,449.41
372,2024-08-01,SMB,Outbound Sales,Starter,29,,,29,1447.62
373,2023-07-01,SMB,Referral,Enterprise,799,,,799,106.9
374,2023-02-01,SMB,Paid Search,Starter,29,2024-04-01,,0,371.82
375,2023-06-01,Mid-Market,Organic,Starter,29,,,29,69.47
376,2024-03-01,SMB,Partner,Starter,29,,,29,348.74
377,2024-08-01,Enterprise,Paid Search,Growth,99,,,99,412.9
378,2023-01-01,SMB,Paid Search,Growth,99,,,99,496.07
379,2024-03-01,SMB,Referral,Growth,99,,,99,79.26
380,2023-08-01,Mid-Market,Organic,Starter,29,2023-10-01,,0,56.15
381,2024-08-01,Mid-Market,Referral,Growth,99,,,99,99.34
382,2024-01-01,SMB,Referral,Starter,29,2024-02-01,,0,106.02
383,2024-04-01,Mid-Market,Organic,Growth,99,,,99,49.87
384,2023-04-01,Mid-Market,Organic,Starter,29,2024-08-01,,0,64.15
385,2023-01-01,Enterprise,Paid Search,Starter,29,2023-07-01,,0,494.45
386,2023-10-01,SMB,Partner,Growth,99,,,99,252.35
387,2023-03-01,Enterprise,Paid Search,Starter,29,,,29,366.76
388,2024-06-01,Mid-Market,Organic,Starter,29,,,29,64.25
389,2023-09-01,SMB,Paid Search,Starter,29,,,29,442.2
390,2023-11-01,Enterprise,Referral,Starter,29,,,29,82.74
391,2024-07-01,SMB,Paid Search,Scale,299,2024-10-01,,0,493.34
392,2023-06-01,SMB,Referral,Starter,29,,Growth,99,85.92
393,2024-11-01,SMB,Paid Search,Starter,29,,,29,393.35
394,2024-06-01,SMB,Paid Search,Starter,29,,,29,477.33
395,2023-03-01,Mid-Market,Organic,Growth,99,2023-12-01,,0,61.48
396,2024-10-01,SMB,Organic,Starter,29,,,29,58.61
397,2024-07-01,Mid-Market,Organic,Scale,299,2024-09-01,,0,61.07
398,2023-08-01,SMB,Organic,Growth,99,2024-11-01,,0,65.21
399,2023-11-01,SMB,Paid Search,Starter,29,,,29,350.01
400,2023-06-01,SMB,Organic,Scale,299,2024-10-01,,0,56.01
401,2023-06-01,Mid-Market,Referral,Starter,29,2024-01-01,,0,102.98
402,2024-06-01,SMB,Paid Search,Starter,29,,Growth,99,459.06
403,2023-10-01,SMB,Paid Search,Scale,299,2024-07-01,,0,348.39
404,2024-09-01,SMB,Organic,Growth,99,,,99,59.05
405,2023-12-01,Enterprise,Partner,Growth,99,,,99,276.95
406,2023-05-01,SMB,Organic,Enterprise,799,2023-07-01,,0,67.03
407,2023-02-01,Mid-Market,Paid Search,Growth,99,,,99,360.16
408,2024-10-01,SMB,Referral,Scale,299,,Enterprise,799,77.22
409,2024-02-01,Mid-Market,Paid Search,Scale,299,2024-04-01,,0,460.59
410,2024-06-01,SMB,Outbound Sales,Growth,99,,,99,1613.06
411,2024-11-01,SMB,Referral,Starter,29,,,29,86.04
412,2024-09-01,SMB,Partner,Enterprise,799,,,799,343.62
413,2024-11-01,SMB,Referral,Starter,29,,,29,86.33
414,2024-07-01,Mid-Market,Organic,Starter,29,,,29,63.76
415,2024-05-01,SMB,Organic,Starter,29,,,29,59.68
416,2023-02-01,Mid-Market,Paid Search,Starter,29,,Growth,99,460.86
417,2023-05-01,Mid-Market,Partner,Growth,99,2023-09-01,,0,246.86
418,2023-11-01,Mid-Market,Organic,Scale,299,2024-06-01,,0,61.19
419,2024-03-01,Mid-Market,Paid Search,Growth,99,,,99,503.73
420,2023-11-01,SMB,Paid Search,Growth,99,2024-01-01,,0,462.27
421,2024-09-01,Enterprise,Referral,Growth,99,,,99,80.29
422,2024-02-01,SMB,Referral,Growth,99,2024-09-01,,0,83.0
423,2023-12-01,SMB,Organic,Starter,29,2024-04-01,,0,64.54
424,2024-05-01,SMB,Paid Search,Starter,29,2024-10-01,,0,361.02
425,2024-10-01,SMB,Outbound Sales,Starter,29,,,29,1083.83
426,2023-02-01,SMB,Outbound Sales,Growth,99,2024-03-01,,0,1497.34
427,2023-05-01,Mid-Market,Paid Search,Scale,299,,,299,436.71
428,2024-04-01,SMB,Paid Search,Starter,29,2024-12-01,,0,449.05
429,2024-09-01,Enterprise,Outbound Sales,Growth,99,,,99,1091.93
430,2023-12-01,SMB,Organic,Enterprise,799,,,799,57.09
431,2023-11-01,SMB,Paid Search,Starter,29,2024-12-01,,0,425.34
432,2024-04-01,SMB,Outbound Sales,Starter,29,,,29,1456.83
433,2023-09-01,SMB,Referral,Starter,29,,,29,102.4
434,2024-02-01,SMB,Paid Search,Growth,99,,,99,384.14
435,2023-07-01,SMB,Referral,Growth,99,,,99,104.65
436,2024-04-01,SMB,Referral,Growth,99,,,99,96.2
437,2024-01-01,Mid-Market,Organic,Starter,29,,,29,57.56
438,2024-04-01,Enterprise,Organic,Starter,29,,,29,63.88
439,2023-07-01,SMB,Partner,Growth,99,,,99,319.33
440,2024-02-01,SMB,Referral,Growth,99,2024-11-01,,0,79.69
441,2024-11-01,SMB,Referral,Scale,299,,,299,72.22
442,2023-12-01,Enterprise,Partner,Growth,99,,,99,254.71
443,2023-08-01,SMB,Referral,Growth,99,2023-10-01,,0,106.38
444,2023-06-01,SMB,Organic,Starter,29,2024-10-01,,0,68.6
445,2023-03-01,Mid-Market,Partner,Scale,299,,,299,260.69
446,2023-11-01,SMB,Paid Search,Scale,299,,,299,446.79
447,2023-01-01,SMB,Paid Search,Starter,29,2023-02-01,,0,489.92
448,2024-05-01,Mid-Market,Partner,Starter,29,,,29,349.93
449,2024-11-01,SMB,Paid Search,Growth,99,,,99,430.82
450,2024-08-01,Enterprise,Organic,Starter,29,,,29,65.36
451,2024-01-01,SMB,Outbound Sales,Starter,29,,,29,1292.79
452,2023-11-01,SMB,Paid Search,Growth,99,,,99,348.12
453,2023-06-01,SMB,Outbound Sales,Growth,99,,,99,1365.53
454,2024-03-01,Mid-Market,Paid Search,Starter,29,,,29,389.45
455,2023-01-01,SMB,Organic,Growth,99,2024-11-01,,0,57.77
456,2023-07-01,Mid-Market,Paid Search,Starter,29,2024-06-01,,0,365.21
457,2023-07-01,SMB,Organic,Starter,29,,,29,65.64
458,2024-05-01,Mid-Market,Paid Search,Growth,99,2024-08-01,,0,495.31
459,2023-11-01,SMB,Paid Search,Enterprise,799,2024-01-01,,0,453.72
460,2023-02-01,Mid-Market,Outbound Sales,Starter,29,,,29,1345.83
461,2023-04-01,Enterprise,Organic,Starter,29,,,29,58.06
462,2023-01-01,Mid-Market,Paid Search,Starter,29,,,29,428.57
463,2023-12-01,Enterprise,Partner,Growth,99,,,99,318.15
464,2024-09-01,Mid-Market,Referral,Starter,29,,,29,76.56
465,2024-11-01,Mid-Market,Paid Search,Starter,29,,,29,468.83
466,2024-07-01,SMB,Referral,Starter,29,,Growth,99,72.19
467,2023-09-01,Mid-Market,Organic,Starter,29,2024-09-01,,0,68.28
468,2023-01-01,SMB,Organic,Starter,29,2024-02-01,,0,60.06
469,2024-06-01,SMB,Paid Search,Starter,29,2024-09-01,,0,409.01
470,2024-05-01,Mid-Market,Organic,Starter,29,,,29,50.9
471,2023-06-01,Enterprise,Paid Search,Starter,29,,,29,434.15
472,2024-04-01,Mid-Market,Outbound Sales,Starter,29,2024-07-01,,0,1128.07
473,2023-02-01,Enterprise,Paid Search,Starter,29,,,29,481.48
474,2024-08-01,SMB,Paid Search,Scale,299,,,299,386.78
475,2023-08-01,SMB,Partner,Starter,29,2024-05-01,,0,260.71
476,2023-11-01,Mid-Market,Organic,Scale,299,2024-01-01,,0,54.03
477,2023-12-01,SMB,Paid Search,Growth,99,2024-03-01,,0,425.57
478,2024-04-01,SMB,Organic,Starter,29,2024-11-01,,0,61.44
479,2024-02-01,SMB,Paid Search,Growth,99,,,99,392.86
480,2023-09-01,Enterprise,Organic,Starter,29,,,29,66.92
481,2024-02-01,SMB,Organic,Growth,99,2024-06-01,,0,57.07
482,2024-11-01,SMB,Organic,Growth,99,,,99,58.5
483,2024-05-01,SMB,Paid Search,Growth,99,2024-08-01,,0,357.85
484,2024-01-01,Mid-Market,Organic,Growth,99,2024-12-01,,0,51.25
485,2024-09-01,Enterprise,Paid Search,Enterprise,799,,,799,353.01
486,2023-05-01,SMB,Paid Search,Scale,299,,,299,360.62
487,2023-10-01,SMB,Partner,Scale,299,,,299,348.02
488,2024-03-01,SMB,Organic,Scale,299,,,299,64.44
489,2024-01-01,SMB,Outbound Sales,Scale,299,,,299,1442.86
490,2023-02-01,SMB,Referral,Starter,29,,,29,77.25
491,2023-06-01,SMB,Paid Search,Scale,299,2023-07-01,,0,423.27
492,2024-03-01,SMB,Paid Search,Enterprise,799,2024-10-01,,0,418.09
493,2023-07-01,SMB,Organic,Starter,29,2024-05-01,,0,54.9
494,2023-07-01,SMB,Outbound Sales,Scale,299,2024-08-01,,0,1225.84
495,2024-10-01,SMB,Organic,Starter,29,,Growth,99,66.3
496,2023-07-01,SMB,Referral,Starter,29,2023-11-01,,0,82.73
497,2024-01-01,Mid-Market,Paid Search,Starter,29,,,29,435.54
498,2024-06-01,SMB,Organic,Growth,99,2024-08-01,,0,70.07
499,2024-08-01,Mid-Market,Organic,Starter,29,,Growth,99,60.33
500,2024-10-01,SMB,Organic,Growth,99,,,99,62.5
501,2024-03-01,SMB,Paid Search,Starter,29,2024-12-01,,0,483.04
502,2024-08-01,SMB,Partner,Growth,99,,,99,326.52
503,2024-10-01,Mid-Market,Referral,Growth,99,2024-11-01,,0,72.49
504,2024-04-01,SMB,Outbound Sales,Growth,99,,,99,1158.22
505,2023-09-01,SMB,Partner,Growth,99,,Scale,299,272.28
506,2024-04-01,SMB,Referral,Starter,29,2024-11-01,,0,87.49
507,2023-11-01,SMB,Referral,Starter,29,,,29,81.94
508,2024-05-01,Mid-Market,Paid Search,Starter,29,,,29,413.51
509,2024-06-01,SMB,Organic,Starter,29,2024-10-01,,0,66.81
510,2023-04-01,Mid-Market,Paid Search,Starter,29,,,29,499.46
511,2024-04-01,Mid-Market,Outbound Sales,Growth,99,2024-09-01,,0,1419.84
512,2024-04-01,SMB,Referral,Starter,29,,,29,103.33
513,2023-05-01,Enterprise,Partner,Enterprise,799,,,799,281.25
514,2024-01-01,SMB,Referral,Starter,29,2024-05-01,,0,76.93
515,2024-07-01,Mid-Market,Partner,Growth,99,,,99,339.96
516,2024-09-01,SMB,Organic,Starter,29,,,29,66.52
517,2023-09-01,Enterprise,Outbound Sales,Starter,29,,,29,1207.55
518,2024-02-01,SMB,Referral,Growth,99,2024-07-01,,0,91.39
519,2024-07-01,Mid-Market,Referral,Enterprise,799,,,799,107.78
520,2024-07-01,SMB,Paid Search,Starter,29,,,29,499.27
521,2024-11-01,Mid-Market,Partner,Starter,29,,,29,294.26
522,2023-05-01,SMB,Outbound Sales,Starter,29,2024-05-01,,0,1233.16
523,2024-04-01,Enterprise,Partner,Starter,29,,Growth,99,275.23
524,2023-04-01,SMB,Outbound Sales,Starter,29,2023-12-01,,0,1554.18
525,2024-11-01,SMB,Referral,Starter,29,,,29,96.08
526,2023-02-01,SMB,Outbound Sales,Scale,299,2024-03-01,,0,1403.64
527,2024-09-01,Enterprise,Organic,Growth,99,,,99,54.43
528,2023-10-01,Enterprise,Paid Search,Growth,99,,,99,404.27
529,2023-09-01,Mid-Market,Outbound Sales,Growth,99,2024-05-01,,0,1381.17
530,2024-07-01,SMB,Organic,Starter,29,2024-10-01,,0,60.51
531,2024-11-01,Enterprise,Organic,Starter,29,,,29,49.26
532,2023-08-01,Mid-Market,Partner,Starter,29,,,29,298.41
533,2024-07-01,Mid-Market,Paid Search,Growth,99,,,99,438.57
534,2023-01-01,Mid-Market,Partner,Growth,99,2023-03-01,,0,334.52
535,2024-04-01,SMB,Referral,Starter,29,,,29,76.63
536,2023-03-01,SMB,Outbound Sales,Starter,29,2023-06-01,,0,1525.28
537,2023-12-01,Enterprise,Organic,Starter,29,2024-09-01,,0,50.23
538,2023-06-01,Mid-Market,Paid Search,Scale,299,,Enterprise,799,419.89
539,2024-06-01,SMB,Referral,Starter,29,,,29,75.05
540,2023-04-01,SMB,Referral,Starter,29,2024-04-01,,0,101.43
541,2024-01-01,SMB,Referral,Starter,29,2024-09-01,,0,88.7
542,2024-04-01,Mid-Market,Organic,Starter,29,,,29,62.89
543,2024-03-01,Mid-Market,Organic,Growth,99,,,99,59.97
544,2024-04-01,Mid-Market,Paid Search,Growth,99,,,99,413.47
545,2024-11-01,SMB,Partner,Scale,299,,,299,261.92
546,2024-03-01,Mid-Market,Referral,Scale,299,,Enterprise,799,105.96
547,2024-11-01,SMB,Outbound Sales,Enterprise,799,,,799,1473.47
548,2024-02-01,SMB,Partner,Growth,99,,,99,308.02
549,2024-01-01,Mid-Market,Partner,Growth,99,,,99,264.7
550,2024-08-01,Enterprise,Paid Search,Enterprise,799,,,799,403.28
551,2024-09-01,Enterprise,Organic,Starter,29,,,29,56.22
552,2023-05-01,Mid-Market,Paid Search,Starter,29,,,29,462.92
553,2024-08-01,SMB,Referral,Growth,99,,,99,78.94
554,2024-11-01,Mid-Market,Paid Search,Starter,29,,,29,448.1
555,2024-08-01,SMB,Referral,Growth,99,2024-09-01,,0,104.49
556,2023-08-01,SMB,Referral,Scale,299,,,299,102.18
557,2024-10-01,SMB,Partner,Starter,29,,,29,280.73
558,2023-04-01,SMB,Outbound Sales,Growth,99,2023-09-01,,0,1161.93
559,2023-07-01,SMB,Referral,Starter,29,,Growth,99,85.05
560,2023-04-01,SMB,Paid Search,Starter,29,2024-12-01,,0,402.26
561,2024-02-01,SMB,Referral,Starter,29,2024-10-01,,0,91.34
562,2024-01-01,Mid-Market,Paid Search,Starter,29,,,29,343.6
563,2023-10-01,Enterprise,Paid Search,Starter,29,,Growth,99,421.81
564,2024-05-01,SMB,Organic,Growth,99,,,99,62.52
565,2023-06-01,SMB,Paid Search,Enterprise,799,2023-09-01,,0,494.24
566,2024-09-01,Enterprise,Organic,Starter,29,,Growth,99,65.39
567,2024-06-01,SMB,Organic,Starter,29,,,29,48.68
568,2024-01-01,Mid-Market,Organic,Starter,29,,,29,52.2
569,2024-10-01,SMB,Organic,Starter,29,,,29,59.41
570,2023-06-01,SMB,Organic,Starter,29,2023-12-01,,0,71.42
571,2023-03-01,Mid-Market,Paid Search,Growth,99,2023-12-01,,0,437.0
572,2024-08-01,Enterprise,Paid Search,Starter,29,,,29,477.84
573,2023-12-01,Mid-Market,Paid Search,Starter,29,,Growth,99,353.46
574,2024-01-01,SMB,Referral,Starter,29,,,29,87.74
575,2023-08-01,SMB,Paid Search,Growth,99,,,99,339.75
576,2024-08-01,Mid-Market,Paid Search,Starter,29,,,29,377.72
577,2023-07-01,SMB,Organic,Starter,29,2024-05-01,,0,67.47
578,2024-09-01,SMB,Referral,Scale,299,,,299,94.4
579,2023-10-01,SMB,Organic,Growth,99,,,99,54.77
580,2024-03-01,SMB,Paid Search,Growth,99,,,99,477.45
581,2024-01-01,SMB,Referral,Growth,99,,,99,98.47
582,2023-07-01,Mid-Market,Organic,Scale,299,2023-08-01,,0,60.04
583,2023-01-01,Enterprise,Outbound Sales,Starter,29,2024-03-01,,0,1103.89
584,2024-04-01,SMB,Referral,Starter,29,2024-09-01,,0,104.63
585,2024-08-01,SMB,Paid Search,Starter,29,,,29,448.41
586,2024-02-01,SMB,Outbound Sales,Starter,29,,,29,1519.27
587,2024-02-01,SMB,Organic,Enterprise,799,2024-04-01,,0,70.46
588,2023-01-01,SMB,Paid Search,Starter,29,2023-12-01,,0,359.24
589,2023-05-01,SMB,Paid Search,Starter,29,2024-10-01,,0,462.48
590,2024-09-01,Enterprise,Partner,Starter,29,,Growth,99,258.55
591,2024-09-01,SMB,Outbound Sales,Scale,299,,,299,1358.44
592,2024-04-01,SMB,Organic,Growth,99,,,99,65.45
593,2023-02-01,Mid-Market,Referral,Scale,299,,,299,90.73
594,2023-10-01,SMB,Paid Search,Growth,99,2024-12-01,,0,415.39
595,2024-05-01,Enterprise,Outbound Sales,Growth,99,2024-08-01,,0,1233.01
596,2023-04-01,Mid-Market,Paid Search,Growth,99,2023-08-01,,0,465.03
597,2024-09-01,Mid-Market,Paid Search,Growth,99,,,99,351.02
598,2024-08-01,SMB,Organic,Starter,29,,,29,53.56
599,2024-02-01,Enterprise,Paid Search,Starter,29,,,29,343.59
600,2024-02-01,Mid-Market,Partner,Scale,299,,,299,261.25
601,2024-09-01,SMB,Paid Search,Starter,29,,,29,404.48
602,2024-04-01,SMB,Partner,Enterprise,799,2024-08-01,,0,243.57
603,2024-03-01,SMB,Paid Search,Growth,99,2024-06-01,,0,374.11
604,2024-11-01,SMB,Referral,Starter,29,,Growth,99,73.46
605,2024-01-01,Enterprise,Organic,Enterprise,799,2024-11-01,,0,69.02
606,2023-03-01,Enterprise,Organic,Starter,29,,,29,69.36
607,2023-12-01,Mid-Market,Referral,Starter,29,,,29,97.15
608,2023-03-01,SMB,Paid Search,Starter,29,2024-07-01,,0,435.88
609,2024-09-01,SMB,Paid Search,Scale,299,2024-11-01,,0,469.7
610,2024-09-01,SMB,Paid Search,Starter,29,,Growth,99,383.28
611,2023-05-01,Mid-Market,Organic,Starter,29,,,29,65.81
612,2023-08-01,SMB,Referral,Starter,29,2024-04-01,,0,83.89
613,2023-12-01,Mid-Market,Referral,Growth,99,,,99,87.95
614,2023-12-01,SMB,Outbound Sales,Growth,99,2024-08-01,,0,1609.23
615,2023-02-01,Mid-Market,Partner,Starter,29,2023-07-01,,0,341.5
616,2023-09-01,SMB,Partner,Scale,299,,Enterprise,799,290.24
617,2023-07-01,SMB,Paid Search,Scale,299,2023-12-01,,0,488.05
618,2024-03-01,Mid-Market,Referral,Scale,299,2024-10-01,,0,75.5
619,2023-09-01,SMB,Partner,Growth,99,2024-01-01,,0,348.35
620,2024-06-01,Mid-Market,Referral,Growth,99,,Scale,299,104.01
621,2024-05-01,Mid-Market,Organic,Growth,99,,,99,63.52
622,2024-11-01,SMB,Organic,Starter,29,,,29,55.79
623,2024-06-01,SMB,Outbound Sales,Growth,99,,,99,1523.98
624,2024-10-01,Enterprise,Referral,Scale,299,,,299,81.8
625,2023-06-01,SMB,Referral,Starter,29,2023-12-01,,0,77.12
626,2024-05-01,Mid-Market,Referral,Growth,99,,,99,91.84
627,2023-07-01,SMB,Outbound Sales,Starter,29,,Growth,99,1149.56
628,2024-06-01,Mid-Market,Organic,Growth,99,,,99,56.58
629,2024-07-01,SMB,Paid Search,Starter,29,2024-09-01,,0,433.4
630,2024-11-01,Mid-Market,Paid Search,Growth,99,,,99,370.87
631,2023-02-01,SMB,Partner,Growth,99,2024-06-01,,0,289.65
632,2024-09-01,Enterprise,Organic,Growth,99,,,99,55.39
633,2024-05-01,Enterprise,Referral,Starter,29,,,29,77.56
634,2023-12-01,SMB,Outbound Sales,Starter,29,,,29,1422.27
635,2023-05-01,Mid-Market,Outbound Sales,Growth,99,,,99,1404.11
636,2024-11-01,Mid-Market,Paid Search,Growth,99,,,99,429.91
637,2023-12-01,Enterprise,Outbound Sales,Enterprise,799,,,799,1582.84
638,2024-02-01,Mid-Market,Organic,Growth,99,,,99,70.24
639,2023-07-01,SMB,Paid Search,Growth,99,,,99,432.16
640,2023-11-01,Mid-Market,Organic,Growth,99,2024-01-01,,0,65.73
641,2023-03-01,SMB,Paid Search,Starter,29,2023-07-01,,0,471.23
642,2024-01-01,Mid-Market,Organic,Enterprise,799,,,799,50.64
643,2024-05-01,SMB,Referral,Starter,29,2024-11-01,,0,102.42
644,2024-04-01,SMB,Paid Search,Starter,29,,,29,336.86
645,2023-09-01,SMB,Outbound Sales,Starter,29,2023-10-01,,0,1081.1
646,2023-11-01,Mid-Market,Organic,Starter,29,2024-01-01,,0,55.45
647,2024-10-01,Mid-Market,Organic,Growth,99,,,99,67.03
648,2023-08-01,Mid-Market,Outbound Sales,Starter,29,,,29,1577.56
649,2023-07-01,SMB,Referral,Growth,99,2023-10-01,,0,86.37
650,2023-06-01,SMB,Outbound Sales,Scale,299,2024-08-01,,0,1420.75
651,2023-03-01,SMB,Paid Search,Enterprise,799,,,799,415.39
652,2024-10-01,Mid-Market,Paid Search,Enterprise,799,,,799,382.99
653,2023-11-01,SMB,Organic,Growth,99,,,99,68.83
654,2023-11-01,Enterprise,Paid Search,Starter,29,,,29,434.61
655,2024-04-01,Mid-Market,Paid Search,Growth,99,,,99,451.81
656,2023-07-01,Enterprise,Partner,Growth,99,2024-03-01,,0,314.06
657,2024-10-01,SMB,Paid Search,Growth,99,,,99,350.12
658,2023-10-01,SMB,Paid Search,Starter,29,2024-02-01,,0,475.37
659,2024-05-01,SMB,Paid Search,Starter,29,,,29,342.47
660,2024-09-01,Mid-Market,Referral,Enterprise,799,,,799,96.87
661,2024-10-01,SMB,Referral,Starter,29,2024-11-01,,0,77.09
662,2024-04-01,SMB,Referral,Growth,99,2024-06-01,,0,91.71
663,2023-12-01,Mid-Market,Organic,Enterprise,799,,,799,51.06
664,2023-04-01,SMB,Referral,Growth,99,2024-08-01,,0,106.9
665,2024-04-01,Mid-Market,Paid Search,Scale,299,,,299,408.66
666,2023-02-01,SMB,Referral,Starter,29,2023-08-01,,0,100.56
667,2023-01-01,SMB,Organic,Starter,29,,,29,67.12
668,2023-09-01,Mid-Market,Paid Search,Growth,99,,,99,356.39
669,2024-08-01,Mid-Market,Referral,Growth,99,,,99,92.38
670,2023-01-01,Mid-Market,Organic,Starter,29,2024-02-01,,0,71.98
671,2024-01-01,Mid-Market,Paid Search,Enterprise,799,,,799,400.2
672,2023-09-01,Mid-Market,Paid Search,Growth,99,2023-12-01,,0,352.05
673,2024-08-01,Mid-Market,Referral,Starter,29,,,29,99.52
674,2023-06-01,Enterprise,Organic,Starter,29,,,29,62.26
675,2024-05-01,SMB,Organic,Growth,99,,,99,65.15
676,2024-03-01,Mid-Market,Partner,Growth,99,,,99,303.85
677,2024-10-01,SMB,Referral,Scale,299,,,299,81.69
678,2024-03-01,Mid-Market,Organic,Growth,99,2024-07-01,,0,59.23
679,2023-03-01,SMB,Paid Search,Growth,99,2024-09-01,,0,434.39
680,2024-05-01,SMB,Paid Search,Scale,299,2024-10-01,,0,375.91
681,2024-07-01,SMB,Referral,Starter,29,,,29,102.75
682,2023-06-01,SMB,Paid Search,Starter,29,,,29,405.12
683,2023-02-01,Mid-Market,Paid Search,Growth,99,,,99,456.16
684,2023-04-01,SMB,Referral,Starter,29,2023-10-01,,0,105.99
685,2023-09-01,Mid-Market,Paid Search,Growth,99,2024-12-01,,0,405.8
686,2023-04-01,SMB,Paid Search,Growth,99,2023-07-01,,0,413.51
687,2023-04-01,Mid-Market,Referral,Starter,29,2023-12-01,,0,78.61
688,2024-03-01,SMB,Partner,Scale,299,2024-04-01,,0,285.13
689,2023-01-01,SMB,Paid Search,Scale,299,2023-10-01,,0,424.89
690,2023-07-01,SMB,Referral,Scale,299,2024-09-01,,0,80.27
691,2024-01-01,SMB,Organic,Starter,29,2024-05-01,,0,48.63
692,2023-11-01,Mid-Market,Organic,Growth,99,,Scale,299,54.19
693,2023-09-01,Mid-Market,Referral,Starter,29,2024-07-01,,0,96.57
694,2024-04-01,Mid-Market,Organic,Starter,29,2024-07-01,,0,68.6
695,2024-06-01,SMB,Paid Search,Starter,29,,,29,358.01
696,2023-01-01,SMB,Paid Search,Starter,29,2023-08-01,,0,448.85
697,2024-08-01,SMB,Organic,Starter,29,,,29,56.16
698,2024-08-01,SMB,Organic,Scale,299,,,299,55.23
699,2023-10-01,SMB,Referral,Growth,99,,,99,87.58
700,2024-10-01,Enterprise,Referral,Scale,299,,,299,103.34
701,2023-03-01,SMB,Outbound Sales,Starter,29,2024-03-01,,0,1393.53
702,2024-05-01,SMB,Outbound Sales,Starter,29,2024-08-01,,0,1425.97
703,2023-11-01,Mid-Market,Organic,Starter,29,2024-04-01,,0,50.75
704,2024-04-01,Enterprise,Referral,Scale,299,2024-05-01,,0,76.34
705,2024-05-01,Mid-Market,Partner,Enterprise,799,2024-12-01,,0,300.28
706,2024-02-01,Mid-Market,Referral,Growth,99,2024-03-01,,0,97.86
707,2024-07-01,Mid-Market,Organic,Enterprise,799,,,799,52.69
708,2024-05-01,Mid-Market,Paid Search,Growth,99,,,99,428.03
709,2024-10-01,SMB,Paid Search,Starter,29,,,29,489.96
710,2023-02-01,Mid-Market,Referral,Growth,99,,,99,90.46
711,2023-09-01,Mid-Market,Organic,Growth,99,2023-11-01,,0,59.54
712,2024-02-01,Mid-Market,Referral,Starter,29,2024-04-01,,0,93.07
713,2023-02-01,Enterprise,Referral,Starter,29,2024-01-01,,0,96.93
714,2024-08-01,SMB,Organic,Growth,99,,,99,55.25
715,2024-06-01,Mid-Market,Organic,Growth,99,,,99,56.03
716,2024-05-01,SMB,Outbound Sales,Starter,29,2024-08-01,,0,1164.53
717,2024-05-01,SMB,Organic,Starter,29,,,29,70.77
718,2023-08-01,SMB,Organic,Starter,29,2024-02-01,,0,49.14
719,2023-09-01,SMB,Organic,Starter,29,,,29,59.06
720,2024-08-01,SMB,Paid Search,Enterprise,799,,,799,450.84
721,2024-06-01,SMB,Paid Search,Starter,29,,,29,455.41
722,2024-09-01,Mid-Market,Organic,Starter,29,,,29,63.03
723,2023-07-01,SMB,Organic,Growth,99,2024-01-01,,0,56.17
724,2024-06-01,Enterprise,Outbound Sales,Starter,29,,,29,1121.7
725,2024-04-01,Enterprise,Outbound Sales,Growth,99,,,99,1583.34
726,2024-08-01,Mid-Market,Outbound Sales,Starter,29,,,29,1182.85
727,2023-08-01,SMB,Referral,Starter,29,2023-10-01,,0,104.71
728,2024-01-01,SMB,Outbound Sales,Growth,99,2024-11-01,,0,1201.76
729,2024-07-01,Enterprise,Organic,Starter,29,,,29,49.69
730,2023-12-01,Mid-Market,Organic,Starter,29,,Growth,99,50.01
731,2023-12-01,SMB,Organic,Scale,299,,,299,56.6
732,2024-02-01,SMB,Paid Search,Scale,299,2024-10-01,,0,361.53
733,2023-06-01,SMB,Organic,Starter,29,2024-02-01,,0,59.58
734,2023-04-01,Mid-Market,Outbound Sales,Scale,299,,,299,1325.06
735,2024-05-01,SMB,Paid Search,Enterprise,799,,,799,476.49
736,2023-02-01,SMB,Referral,Starter,29,,,29,97.05
737,2023-08-01,SMB,Referral,Starter,29,2023-09-01,,0,97.14
738,2024-10-01,Enterprise,Outbound Sales,Growth,99,,,99,1398.99
739,2023-06-01,SMB,Organic,Starter,29,2024-10-01,,0,49.14
740,2024-04-01,SMB,Referral,Starter,29,2024-06-01,,0,98.9
741,2023-11-01,Mid-Market,Outbound Sales,Starter,29,2024-01-01,,0,1273.62
742,2024-05-01,SMB,Referral,Starter,29,2024-09-01,,0,102.1
743,2024-05-01,SMB,Organic,Starter,29,,,29,53.92
744,2024-01-01,Mid-Market,Organic,Starter,29,,,29,64.08
745,2024-09-01,Mid-Market,Outbound Sales,Starter,29,,Growth,99,1406.03
746,2024-06-01,SMB,Paid Search,Growth,99,,,99,354.82
747,2024-01-01,SMB,Organic,Starter,29,2024-06-01,,0,51.27
748,2024-06-01,Enterprise,Paid Search,Starter,29,,,29,503.98
749,2024-02-01,SMB,Paid Search,Growth,99,2024-10-01,,0,392.36
750,2024-08-01,SMB,Paid Search,Growth,99,,,99,404.46
751,2023-09-01,Mid-Market,Organic,Scale,299,,,299,68.53
752,2023-11-01,SMB,Paid Search,Scale,299,2024-02-01,,0,442.01
753,2023-08-01,SMB,Organic,Growth,99,,,99,64.3
754,2024-10-01,Enterprise,Outbound Sales,Starter,29,,,29,1423.69
755,2024-03-01,SMB,Referral,Scale,299,,,299,83.64
756,2023-10-01,Mid-Market,Paid Search,Starter,29,2024-02-01,,0,475.3
757,2023-07-01,Mid-Market,Referral,Starter,29,2023-09-01,,0,73.21
758,2024-01-01,Mid-Market,Organic,Starter,29,,,29,56.82
759,2024-02-01,SMB,Organic,Starter,29,,,29,70.91
760,2024-02-01,Enterprise,Referral,Starter,29,,,29,85.63
761,2024-04-01,Mid-Market,Referral,Scale,299,,,299,72.6
762,2023-08-01,Enterprise,Outbound Sales,Growth,99,,,99,1183.69
763,2023-01-01,Enterprise,Paid Search,Starter,29,2023-04-01,,0,494.62
764,2023-03-01,SMB,Organic,Starter,29,2024-01-01,,0,68.38
765,2024-09-01,SMB,Organic,Scale,299,,,299,52.69
766,2024-10-01,Mid-Market,Paid Search,Starter,29,,,29,500.22
767,2023-07-01,SMB,Paid Search,Growth,99,,,99,362.69
768,2023-09-01,Mid-Market,Organic,Scale,299,,,299,71.82
769,2024-06-01,Enterprise,Referral,Growth,99,,,99,102.4
770,2024-07-01,Enterprise,Organic,Growth,99,,,99,69.9
771,2024-04-01,Mid-Market,Partner,Growth,99,,,99,256.77
772,2023-06-01,SMB,Referral,Growth,99,,,99,82.86
773,2023-12-01,Enterprise,Paid Search,Growth,99,,Scale,299,453.94
774,2024-04-01,SMB,Outbound Sales,Growth,99,,,99,1352.84
775,2024-04-01,SMB,Referral,Starter,29,2024-09-01,,0,82.5
776,2023-03-01,Enterprise,Organic,Scale,299,,,299,64.69
777,2023-04-01,SMB,Partner,Growth,99,2024-01-01,,0,333.56
778,2023-05-01,SMB,Referral,Scale,299,,,299,82.28
779,2023-07-01,Enterprise,Referral,Scale,299,2024-09-01,,0,75.09
780,2024-01-01,SMB,Paid Search,Starter,29,,,29,432.49
781,2023-08-01,Mid-Market,Organic,Growth,99,,,99,57.52
782,2024-09-01,SMB,Paid Search,Scale,299,,Enterprise,799,483.47
783,2023-12-01,SMB,Organic,Starter,29,,,29,49.08
784,2023-05-01,Enterprise,Paid Search,Growth,99,,,99,443.17
785,2024-07-01,SMB,Outbound Sales,Growth,99,,,99,1105.64
786,2023-10-01,Mid-Market,Paid Search,Growth,99,2024-06-01,,0,355.03
787,2024-05-01,SMB,Outbound Sales,Growth,99,2024-06-01,,0,1279.11
788,2024-08-01,SMB,Paid Search,Growth,99,,Scale,299,374.41
789,2024-11-01,Mid-Market,Outbound Sales,Starter,29,,Growth,99,1167.36
790,2024-09-01,Mid-Market,Organic,Starter,29,,,29,67.03
791,2023-11-01,Mid-Market,Paid Search,Enterprise,799,,,799,375.02
792,2023-06-01,Mid-Market,Outbound Sales,Growth,99,2023-12-01,,0,1276.92
793,2023-06-01,SMB,Paid Search,Scale,299,,,299,488.52
794,2024-03-01,SMB,Referral,Starter,29,2024-05-01,,0,100.28
795,2023-05-01,Enterprise,Organic,Growth,99,,,99,60.58
796,2024-07-01,SMB,Organic,Scale,299,,,299,50.25
797,2024-01-01,Mid-Market,Paid Search,Starter,29,2024-10-01,,0,494.84
798,2023-08-01,SMB,Referral,Starter,29,2024-10-01,,0,97.53
799,2023-08-01,SMB,Paid Search,Starter,29,,Growth,99,341.9
800,2023-09-01,Mid-Market,Paid Search,Growth,99,,,99,495.4
801,2024-07-01,Enterprise,Paid Search,Enterprise,799,2024-10-01,,0,348.05
802,2024-03-01,Mid-Market,Paid Search,Growth,99,,,99,437.3
803,2024-04-01,SMB,Paid Search,Starter,29,,,29,402.17
804,2024-05-01,SMB,Referral,Starter,29,,,29,107.31
805,2024-10-01,SMB,Referral,Growth,99,,,99,105.23
806,2023-08-01,SMB,Outbound Sales,Scale,299,,,299,1403.36
807,2024-08-01,SMB,Referral,Growth,99,,,99,97.24
808,2024-01-01,Mid-Market,Organic,Growth,99,,Scale,299,67.72
809,2024-06-01,Mid-Market,Paid Search,Starter,29,,,29,473.81
810,2023-09-01,Enterprise,Referral,Starter,29,,Growth,99,93.57
811,2023-04-01,SMB,Organic,Starter,29,2023-12-01,,0,54.04
812,2023-01-01,SMB,Referral,Starter,29,2023-11-01,,0,83.26
813,2023-02-01,SMB,Referral,Scale,299,2023-08-01,,0,95.96
814,2024-04-01,Mid-Market,Organic,Scale,299,,,299,64.51
815,2023-10-01,SMB,Referral,Scale,299,,,299,85.37
816,2024-03-01,SMB,Organic,Starter,29,2024-08-01,,0,69.31
817,2023-11-01,SMB,Organic,Starter,29,,,29,57.6
818,2023-05-01,Mid-Market,Organic,Growth,99,,,99,64.76
819,2023-03-01,Mid-Market,Outbound Sales,Starter,29,,,29,1193.07
820,2023-12-01,Mid-Market,Outbound Sales,Growth,99,2024-05-01,,0,1270.66
821,2023-07-01,SMB,Paid Search,Starter,29,,,29,427.74
822,2024-07-01,SMB,Outbound Sales,Starter,29,,,29,1100.32
823,2023-08-01,SMB,Paid Search,Starter,29,,Growth,99,343.04
824,2023-12-01,Enterprise,Referral,Growth,99,,Scale,299,81.71
825,2024-09-01,SMB,Paid Search,Starter,29,,,29,475.07
826,2024-09-01,Mid-Market,Paid Search,Scale,299,,,299,372.37
827,2024-07-01,Mid-Market,Referral,Growth,99,,,99,103.89
828,2024-05-01,Enterprise,Paid Search,Starter,29,,,29,456.3
829,2024-03-01,SMB,Referral,Scale,299,2024-10-01,,0,96.8
830,2024-05-01,Mid-Market,Partner,Growth,99,2024-06-01,,0,320.89
831,2024-03-01,SMB,Organic,Starter,29,,,29,71.43
832,2023-12-01,Mid-Market,Referral,Starter,29,,,29,94.81
833,2023-04-01,Enterprise,Organic,Growth,99,,,99,63.58
834,2023-10-01,SMB,Referral,Growth,99,2024-01-01,,0,88.32
835,2024-05-01,Mid-Market,Partner,Scale,299,,,299,344.68
836,2024-03-01,SMB,Referral,Scale,299,,,299,74.07
837,2024-09-01,Enterprise,Organic,Growth,99,,,99,56.26
838,2024-03-01,SMB,Paid Search,Starter,29,2024-04-01,,0,384.16
839,2023-04-01,Mid-Market,Paid Search,Starter,29,,,29,402.86
840,2023-05-01,SMB,Outbound Sales,Starter,29,2023-10-01,,0,1339.15
841,2023-12-01,Mid-Market,Referral,Starter,29,,,29,106.42
842,2023-05-01,SMB,Paid Search,Scale,299,,,299,491.31
843,2023-05-01,SMB,Paid Search,Scale,299,2024-10-01,,0,438.69
844,2024-08-01,SMB,Organic,Growth,99,2024-11-01,,0,48.48
845,2023-07-01,SMB,Partner,Starter,29,2023-09-01,,0,306.68
846,2023-07-01,SMB,Organic,Growth,99,,,99,49.64
847,2023-06-01,Mid-Market,Outbound Sales,Starter,29,,,29,1274.25
848,2023-11-01,Mid-Market,Referral,Starter,29,2024-11-01,,0,82.96
849,2024-10-01,Mid-Market,Referral,Enterprise,799,,,799,95.33
850,2024-06-01,Mid-Market,Partner,Growth,99,,,99,242.15
851,2024-01-01,Mid-Market,Referral,Growth,99,,,99,100.39
852,2024-07-01,SMB,Outbound Sales,Starter,29,2024-10-01,,0,1526.27
853,2024-02-01,SMB,Outbound Sales,Scale,299,,,299,1097.47
854,2024-02-01,Enterprise,Paid Search,Scale,299,,,299,349.74
855,2023-01-01,SMB,Outbound Sales,Starter,29,2023-10-01,,0,1577.17
856,2024-05-01,Mid-Market,Referral,Scale,299,,,299,94.18
857,2023-10-01,Mid-Market,Organic,Starter,29,,,29,71.05
858,2023-08-01,Mid-Market,Organic,Growth,99,,,99,58.98
859,2023-08-01,SMB,Outbound Sales,Scale,299,2023-09-01,,0,1182.94
860,2024-01-01,Enterprise,Outbound Sales,Enterprise,799,2024-08-01,,0,1279.9
861,2023-01-01,SMB,Paid Search,Growth,99,2024-02-01,,0,492.07
862,2023-04-01,Enterprise,Organic,Scale,299,,,299,50.77
863,2024-09-01,SMB,Referral,Starter,29,,,29,104.12
864,2024-10-01,SMB,Partner,Scale,299,,,299,303.57
865,2023-09-01,SMB,Organic,Growth,99,2024-05-01,,0,49.68
866,2023-11-01,Mid-Market,Outbound Sales,Starter,29,,,29,1295.87
867,2023-05-01,Mid-Market,Referral,Growth,99,2023-11-01,,0,80.76
868,2024-03-01,Enterprise,Outbound Sales,Scale,299,,Enterprise,799,1390.65
869,2023-01-01,SMB,Paid Search,Starter,29,,,29,361.61
870,2024-08-01,Mid-Market,Paid Search,Starter,29,,,29,494.13
871,2024-09-01,SMB,Partner,Growth,99,,Scale,299,265.35
872,2023-02-01,SMB,Organic,Growth,99,2024-12-01,,0,63.19
873,2023-05-01,SMB,Paid Search,Growth,99,2023-10-01,,0,475.65
874,2023-02-01,Mid-Market,Organic,Growth,99,,,99,62.3
875,2024-04-01,Mid-Market,Outbound Sales,Starter,29,,Growth,99,1434.0
876,2024-06-01,Enterprise,Partner,Scale,299,,,299,289.12
877,2024-11-01,Mid-Market,Paid Search,Growth,99,,,99,353.11
878,2023-09-01,SMB,Organic,Starter,29,2023-12-01,,0,51.15
879,2024-08-01,SMB,Organic,Growth,99,,,99,64.85
880,2024-10-01,Enterprise,Paid Search,Growth,99,,,99,469.94
881,2023-07-01,Mid-Market,Referral,Starter,29,,,29,102.32
882,2023-04-01,Mid-Market,Paid Search,Starter,29,,,29,396.94
883,2024-08-01,SMB,Organic,Growth,99,,,99,71.25
884,2024-07-01,SMB,Referral,Scale,299,,Enterprise,799,95.1
885,2024-05-01,SMB,Organic,Growth,99,,,99,51.69
886,2024-10-01,SMB,Paid Search,Starter,29,,,29,347.31
887,2023-10-01,SMB,Referral,Starter,29,,,29,91.62
888,2023-03-01,SMB,Paid Search,Starter,29,2024-08-01,,0,460.5
889,2024-01-01,SMB,Paid Search,Starter,29,2024-09-01,,0,339.03
890,2024-01-01,SMB,Paid Search,Starter,29,2024-10-01,,0,339.79
891,2023-10-01,SMB,Referral,Starter,29,,,29,92.82
892,2023-08-01,SMB,Referral,Growth,99,,,99,107.64
893,2024-07-01,SMB,Outbound Sales,Growth,99,,,99,1478.27
894,2023-06-01,Mid-Market,Organic,Starter,29,2024-03-01,,0,51.64
895,2023-09-01,Enterprise,Outbound Sales,Growth,99,,,99,1127.09
896,2024-05-01,SMB,Paid Search,Growth,99,2024-06-01,,0,472.81
897,2024-03-01,SMB,Paid Search,Starter,29,,,29,472.04
898,2024-08-01,Mid-Market,Partner,Growth,99,,,99,294.82
899,2023-11-01,SMB,Referral,Starter,29,2024-04-01,,0,73.29
900,2024-09-01,Mid-Market,Paid Search,Growth,99,,,99,464.73
901,2024-09-01,SMB,Paid Search,Growth,99,,,99,405.21
902,2023-01-01,Mid-Market,Paid Search,Starter,29,2023-11-01,,0,473.15
903,2023-04-01,Enterprise,Organic,Starter,29,,,29,51.46
904,2024-05-01,SMB,Paid Search,Growth,99,,,99,413.83
905,2023-03-01,SMB,Referral,Starter,29,,,29,90.95
906,2024-04-01,Mid-Market,Referral,Growth,99,,,99,85.31
907,2023-06-01,SMB,Organic,Growth,99,,,99,71.76
908,2024-07-01,Enterprise,Referral,Growth,99,,Scale,299,99.46
909,2024-03-01,Mid-Market,Organic,Growth,99,,,99,67.92
910,2023-06-01,SMB,Outbound Sales,Starter,29,2023-10-01,,0,1210.18
911,2024-09-01,SMB,Paid Search,Starter,29,,,29,400.62
912,2024-09-01,Mid-Market,Paid Search,Starter,29,,,29,354.61
913,2024-03-01,SMB,Outbound Sales,Enterprise,799,,,799,1619.09
914,2024-03-01,Enterprise,Paid Search,Scale,299,,,299,379.28
915,2023-09-01,SMB,Partner,Enterprise,799,2023-10-01,,0,252.07
916,2024-10-01,Enterprise,Paid Search,Enterprise,799,,,799,370.48
917,2024-01-01,SMB,Outbound Sales,Starter,29,,Growth,99,1388.64
918,2024-11-01,SMB,Organic,Starter,29,2024-12-01,,0,56.06
919,2024-05-01,SMB,Referral,Growth,99,,,99,77.9
920,2023-06-01,SMB,Partner,Enterprise,799,,,799,296.2
921,2024-05-01,SMB,Partner,Starter,29,,,29,320.46
922,2024-04-01,SMB,Paid Search,Scale,299,,,299,447.68
923,2024-04-01,SMB,Paid Search,Starter,29,,,29,338.48
924,2023-03-01,SMB,Referral,Starter,29,2024-08-01,,0,99.19
925,2023-05-01,Enterprise,Partner,Growth,99,2024-08-01,,0,268.94
926,2023-06-01,SMB,Paid Search,Starter,29,2024-02-01,,0,490.93
927,2023-02-01,Mid-Market,Organic,Growth,99,,,99,51.32
928,2024-04-01,SMB,Organic,Enterprise,799,2024-05-01,,0,57.59
929,2024-05-01,SMB,Organic,Starter,29,,,29,55.49
930,2023-10-01,SMB,Organic,Starter,29,2024-11-01,,0,59.79
931,2023-02-01,Mid-Market,Paid Search,Starter,29,2023-09-01,,0,388.68
932,2024-05-01,SMB,Organic,Starter,29,,,29,66.51
933,2024-03-01,SMB,Paid Search,Starter,29,2024-10-01,,0,400.17
934,2023-10-01,Mid-Market,Paid Search,Enterprise,799,,,799,394.82
935,2024-03-01,SMB,Organic,Starter,29,2024-05-01,,0,71.31
936,2023-09-01,Enterprise,Referral,Starter,29,,,29,86.52
937,2024-07-01,SMB,Outbound Sales,Starter,29,,Growth,99,1150.22
938,2023-03-01,Mid-Market,Outbound Sales,Starter,29,,,29,1224.72
939,2024-09-01,SMB,Referral,Growth,99,,,99,98.04
940,2023-05-01,Enterprise,Paid Search,Starter,29,2023-08-01,,0,379.99
941,2024-04-01,Mid-Market,Paid Search,Growth,99,,,99,450.32
942,2023-10-01,SMB,Organic,Starter,29,,,29,69.96
943,2023-04-01,SMB,Referral,Growth,99,,Scale,299,85.47
944,2024-03-01,Mid-Market,Paid Search,Growth,99,,,99,368.36
945,2023-06-01,Mid-Market,Referral,Starter,29,2023-10-01,,0,97.8
946,2023-07-01,Mid-Market,Paid Search,Growth,99,,,99,409.55
947,2023-01-01,SMB,Referral,Starter,29,2023-04-01,,0,73.66
948,2024-06-01,Mid-Market,Paid Search,Scale,299,,,299,433.18
949,2023-07-01,SMB,Partner,Growth,99,,,99,309.66
950,2023-02-01,Enterprise,Partner,Enterprise,799,,,799,321.8
951,2023-11-01,SMB,Partner,Growth,99,2024-09-01,,0,328.23
952,2023-10-01,SMB,Referral,Starter,29,2024-06-01,,0,95.24
953,2024-07-01,SMB,Outbound Sales,Growth,99,,,99,1262.68
954,2024-06-01,SMB,Organic,Enterprise,799,,,799,68.05
955,2024-08-01,Mid-Market,Paid Search,Starter,29,,,29,493.13
956,2023-01-01,SMB,Referral,Starter,29,2023-11-01,,0,82.88
957,2024-10-01,SMB,Outbound Sales,Starter,29,,,29,1232.19
958,2023-08-01,Enterprise,Paid Search,Scale,299,,,299,422.18
959,2024-02-01,SMB,Outbound Sales,Enterprise,799,2024-12-01,,0,1612.31
960,2023-10-01,Enterprise,Organic,Growth,99,,,99,51.92
961,2024-06-01,SMB,Organic,Starter,29,,,29,59.88
962,2023-02-01,Enterprise,Paid Search,Starter,29,,,29,368.63
963,2024-04-01,SMB,Organic,Starter,29,,Growth,99,57.84
964,2024-10-01,Mid-Market,Paid Search,Scale,299,,,299,399.65
965,2023-01-01,Mid-Market,Organic,Enterprise,799,,,799,61.7
966,2024-06-01,Mid-Market,Outbound Sales,Growth,99,2024-12-01,,0,1098.7
967,2024-10-01,Mid-Market,Organic,Starter,29,,,29,67.37
968,2024-05-01,SMB,Referral,Starter,29,,Growth,99,97.54
969,2024-10-01,Mid-Market,Organic,Starter,29,,,29,72.0
970,2023-08-01,SMB,Organic,Scale,299,2024-12-01,,0,54.14
971,2023-01-01,Mid-Market,Referral,Growth,99,,,99,103.24
972,2024-07-01,SMB,Organic,Starter,29,,,29,62.65
973,2024-10-01,SMB,Referral,Growth,99,,,99,80.32
974,2023-11-01,Enterprise,Organic,Growth,99,,,99,55.1
975,2024-11-01,SMB,Organic,Starter,29,,,29,48.49
976,2023-08-01,SMB,Referral,Growth,99,,,99,84.37
977,2023-05-01,Mid-Market,Paid Search,Starter,29,2024-08-01,,0,487.1
978,2023-07-01,SMB,Outbound Sales,Starter,29,2024-08-01,,0,1120.63
979,2023-12-01,SMB,Referral,Starter,29,2024-02-01,,0,105.41
980,2023-03-01,Mid-Market,Outbound Sales,Growth,99,2023-07-01,,0,1284.99
981,2023-10-01,SMB,Outbound Sales,Starter,29,2024-05-01,,0,1480.07
982,2023-06-01,SMB,Outbound Sales,Starter,29,,,29,1435.61
983,2023-09-01,Mid-Market,Partner,Growth,99,,,99,320.7
984,2023-09-01,SMB,Organic,Starter,29,2023-10-01,,0,61.16
985,2024-10-01,SMB,Organic,Starter,29,,Growth,99,59.14
986,2023-08-01,SMB,Organic,Starter,29,2023-09-01,,0,70.28
987,2024-02-01,Mid-Market,Organic,Growth,99,,,99,64.32
988,2023-12-01,Mid-Market,Paid Search,Scale,299,,Enterprise,799,439.25
989,2023-01-01,Mid-Market,Referral,Starter,29,2024-02-01,,0,87.06
990,2024-06-01,Mid-Market,Paid Search,Starter,29,,Growth,99,373.81
991,2023-06-01,Mid-Market,Organic,Starter,29,2024-02-01,,0,48.04
992,2024-05-01,SMB,Outbound Sales,Starter,29,,,29,1609.59
993,2023-09-01,Mid-Market,Referral,Growth,99,2024-09-01,,0,99.23
994,2024-08-01,Mid-Market,Paid Search,Starter,29,,,29,502.99
995,2024-11-01,Enterprise,Outbound Sales,Scale,299,,Enterprise,799,1495.9
996,2024-09-01,SMB,Paid Search,Starter,29,,,29,343.65
997,2023-03-01,Enterprise,Outbound Sales,Starter,29,,Growth,99,1319.81
998,2023-09-01,SMB,Paid Search,Scale,299,2024-08-01,,0,355.62
999,2023-09-01,SMB,Referral,Growth,99,,,99,100.85
1000,2023-10-01,SMB,Outbound Sales,Enterprise,799,,,799,1180.43
1001,2024-07-01,SMB,Organic,Growth,99,,,99,63.78
1002,2023-09-01,Enterprise,Paid Search,Starter,29,,,29,446.64
1003,2024-09-01,Mid-Market,Paid Search,Starter,29,,,29,443.33
1004,2023-10-01,Mid-Market,Outbound Sales,Scale,299,2024-01-01,,0,1554.31
1005,2024-08-01,Mid-Market,Paid Search,Enterprise,799,,,799,457.93
1006,2024-05-01,SMB,Paid Search,Starter,29,,,29,391.02
1007,2023-06-01,Enterprise,Paid Search,Growth,99,,,99,388.89
1008,2024-05-01,Mid-Market,Paid Search,Growth,99,,,99,339.75
1009,2024-01-01,Mid-Market,Organic,Scale,299,2024-12-01,,0,69.8
1010,2024-04-01,Mid-Market,Organic,Starter,29,2024-06-01,,0,50.48
1011,2024-04-01,Mid-Market,Organic,Starter,29,,,29,59.5
1012,2023-09-01,SMB,Referral,Growth,99,2024-09-01,,0,90.31
1013,2023-12-01,SMB,Organic,Starter,29,2024-03-01,,0,58.75
1014,2023-11-01,SMB,Referral,Growth,99,,,99,92.67
1015,2023-12-01,SMB,Paid Search,Starter,29,2024-05-01,,0,458.51
1016,2024-04-01,SMB,Partner,Starter,29,,,29,263.55
1017,2024-03-01,Enterprise,Referral,Starter,29,,,29,74.65
1018,2023-02-01,Mid-Market,Organic,Starter,29,,,29,68.58
1019,2024-10-01,SMB,Organic,Growth,99,,,99,59.87
1020,2024-10-01,Mid-Market,Organic,Growth,99,,,99,51.06
1021,2023-01-01,SMB,Outbound Sales,Growth,99,2024-09-01,,0,1442.92
1022,2024-09-01,Mid-Market,Referral,Scale,299,,,299,80.03
1023,2023-06-01,Mid-Market,Outbound Sales,Starter,29,,,29,1124.19
1024,2024-11-01,SMB,Outbound Sales,Growth,99,,,99,1232.59
1025,2023-08-01,SMB,Paid Search,Starter,29,,,29,385.88
1026,2024-01-01,SMB,Organic,Scale,299,,,299,68.84
1027,2024-02-01,SMB,Paid Search,Growth,99,,,99,387.63
1028,2024-01-01,Mid-Market,Referral,Scale,299,,,299,100.09
1029,2023-04-01,SMB,Outbound Sales,Growth,99,2023-09-01,,0,1391.71
1030,2023-10-01,SMB,Outbound Sales,Growth,99,,,99,1131.14
1031,2023-10-01,SMB,Organic,Growth,99,,,99,51.76
1032,2024-04-01,SMB,Referral,Starter,29,,,29,74.88
1033,2023-07-01,SMB,Outbound Sales,Starter,29,,,29,1296.8
1034,2024-04-01,SMB,Paid Search,Growth,99,2024-05-01,,0,498.94
1035,2024-08-01,Enterprise,Organic,Starter,29,,,29,52.34
1036,2023-07-01,Enterprise,Outbound Sales,Growth,99,,,99,1264.73
1037,2024-09-01,SMB,Organic,Starter,29,,Growth,99,67.68
1038,2024-06-01,SMB,Referral,Starter,29,,,29,103.53
1039,2023-12-01,SMB,Paid Search,Starter,29,2024-02-01,,0,459.54
1040,2024-04-01,Mid-Market,Paid Search,Scale,299,,,299,414.47
1041,2023-11-01,Mid-Market,Referral,Enterprise,799,,,799,95.36
1042,2024-07-01,SMB,Referral,Scale,299,,,299,88.2
1043,2023-12-01,Mid-Market,Organic,Scale,299,2024-09-01,,0,68.37
1044,2023-12-01,Mid-Market,Paid Search,Starter,29,,Growth,99,404.86
1045,2023-10-01,Mid-Market,Partner,Starter,29,2024-03-01,,0,338.14
1046,2023-02-01,SMB,Paid Search,Growth,99,,,99,434.39
1047,2023-02-01,Mid-Market,Partner,Scale,299,,,299,302.55
1048,2023-12-01,Enterprise,Paid Search,Growth,99,,,99,446.29
1049,2023-06-01,SMB,Organic,Starter,29,2024-09-01,,0,55.01
1050,2023-10-01,SMB,Organic,Growth,99,,,99,57.41
1051,2023-11-01,Enterprise,Referral,Growth,99,,,99,100.98
1052,2023-06-01,SMB,Outbound Sales,Starter,29,2023-08-01,,0,1287.35
1053,2024-05-01,SMB,Referral,Starter,29,2024-12-01,,0,95.53
1054,2023-03-01,Mid-Market,Paid Search,Growth,99,2023-06-01,,0,447.48
1055,2024-07-01,Mid-Market,Paid Search,Starter,29,,,29,482.12
1056,2024-09-01,SMB,Partner,Growth,99,2024-10-01,,0,293.24
1057,2024-06-01,SMB,Referral,Starter,29,,,29,104.49
1058,2023-08-01,SMB,Paid Search,Growth,99,,,99,502.84
1059,2024-10-01,Enterprise,Paid Search,Growth,99,,,99,364.43
1060,2024-09-01,SMB,Organic,Starter,29,,,29,65.17
1061,2023-10-01,Mid-Market,Organic,Growth,99,,,99,64.76
1062,2023-05-01,SMB,Organic,Starter,29,,,29,58.95
1063,2023-04-01,Mid-Market,Outbound Sales,Growth,99,,,99,1244.06
1064,2024-01-01,SMB,Referral,Starter,29,,Growth,99,72.98
1065,2024-09-01,SMB,Paid Search,Scale,299,,,299,442.89
1066,2023-09-01,SMB,Paid Search,Enterprise,799,2024-10-01,,0,389.04
1067,2024-01-01,Mid-Market,Partner,Starter,29,,,29,306.26
1068,2024-03-01,Mid-Market,Referral,Starter,29,,Growth,99,76.4
1069,2023-03-01,Enterprise,Paid Search,Enterprise,799,,,799,343.44
1070,2023-05-01,SMB,Partner,Growth,99,2024-05-01,,0,336.29
1071,2024-05-01,Mid-Market,Paid Search,Starter,29,,Growth,99,356.65
1072,2023-06-01,Enterprise,Organic,Starter,29,2024-07-01,,0,51.3
1073,2024-02-01,SMB,Paid Search,Enterprise,799,,,799,431.86
1074,2024-03-01,SMB,Paid Search,Scale,299,2024-05-01,,0,458.83
1075,2023-02-01,SMB,Outbound Sales,Growth,99,2024-08-01,,0,1084.32
1076,2024-04-01,SMB,Outbound Sales,Scale,299,,,299,1318.75
1077,2023-11-01,Mid-Market,Paid Search,Scale,299,,,299,442.05
1078,2023-06-01,SMB,Referral,Growth,99,2024-07-01,,0,98.57
1079,2024-04-01,Mid-Market,Paid Search,Starter,29,,,29,495.25
1080,2024-05-01,SMB,Outbound Sales,Growth,99,,,99,1088.7
1081,2024-01-01,Enterprise,Referral,Growth,99,,,99,104.35
1082,2024-06-01,Mid-Market,Referral,Growth,99,,,99,106.8
1083,2023-12-01,SMB,Paid Search,Growth,99,,,99,481.45
1084,2024-11-01,Mid-Market,Organic,Scale,299,,,299,70.77
1085,2023-04-01,Enterprise,Outbound Sales,Starter,29,,,29,1144.01
1086,2024-11-01,Mid-Market,Referral,Growth,99,2024-12-01,,0,107.72
1087,2023-08-01,SMB,Outbound Sales,Starter,29,,,29,1493.22
1088,2024-11-01,Enterprise,Paid Search,Growth,99,,,99,347.67
1089,2023-09-01,SMB,Paid Search,Starter,29,2024-05-01,,0,450.05
1090,2023-12-01,Mid-Market,Referral,Growth,99,,,99,97.31
1091,2024-01-01,Mid-Market,Referral,Growth,99,,,99,94.66
1092,2023-05-01,Mid-Market,Organic,Growth,99,,,99,68.99
1093,2024-09-01,SMB,Paid Search,Starter,29,,,29,461.79
1094,2023-04-01,SMB,Organic,Scale,299,2024-11-01,,0,51.88
1095,2024-04-01,SMB,Outbound Sales,Starter,29,,Growth,99,1215.11
1096,2023-11-01,Mid-Market,Paid Search,Growth,99,2023-12-01,,0,413.85
1097,2024-09-01,SMB,Organic,Starter,29,,Growth,99,57.48
1098,2024-07-01,Enterprise,Paid Search,Growth,99,,,99,447.38
1099,2023-10-01,SMB,Paid Search,Growth,99,,,99,358.92
1100,2023-02-01,SMB,Referral,Starter,29,2023-09-01,,0,84.75
1101,2024-04-01,SMB,Organic,Scale,299,2024-09-01,,0,53.83
1102,2024-10-01,Enterprise,Referral,Starter,29,,,29,82.57
1103,2023-05-01,SMB,Organic,Growth,99,2023-12-01,,0,65.06
1104,2024-04-01,SMB,Referral,Growth,99,,,99,74.9
1105,2023-03-01,Enterprise,Referral,Growth,99,,,99,103.94
1106,2023-06-01,SMB,Outbound Sales,Scale,299,,,299,1426.16
1107,2023-03-01,Mid-Market,Paid Search,Growth,99,2023-12-01,,0,405.16
1108,2024-07-01,SMB,Organic,Enterprise,799,,,799,59.66
1109,2024-02-01,SMB,Paid Search,Scale,299,,,299,453.3
1110,2024-01-01,SMB,Organic,Growth,99,2024-02-01,,0,65.54
1111,2024-02-01,SMB,Referral,Growth,99,,Scale,299,100.97
1112,2024-04-01,SMB,Paid Search,Starter,29,,,29,380.29
1113,2023-05-01,SMB,Organic,Scale,299,2024-02-01,,0,68.59
1114,2023-09-01,Enterprise,Organic,Starter,29,,,29,67.93
1115,2023-03-01,Mid-Market,Organic,Scale,299,2024-04-01,,0,68.52
1116,2024-04-01,SMB,Partner,Starter,29,,,29,249.7
1117,2024-10-01,SMB,Referral,Enterprise,799,,,799,77.17
1118,2023-10-01,Mid-Market,Referral,Starter,29,,,29,94.49
1119,2024-10-01,SMB,Partner,Starter,29,,,29,354.36
1120,2023-08-01,Mid-Market,Organic,Starter,29,,,29,50.64
1121,2023-07-01,Enterprise,Paid Search,Growth,99,,Scale,299,460.13
1122,2023-06-01,Mid-Market,Organic,Starter,29,,,29,51.27
1123,2024-03-01,Mid-Market,Organic,Growth,99,2024-12-01,,0,70.81
1124,2024-09-01,SMB,Outbound Sales,Starter,29,,,29,1512.06
1125,2023-04-01,Enterprise,Partner,Scale,299,,,299,274.6
1126,2024-02-01,SMB,Organic,Enterprise,799,2024-03-01,,0,49.14
1127,2023-06-01,Enterprise,Paid Search,Scale,299,,,299,409.36
1128,2023-08-01,SMB,Paid Search,Growth,99,2024-05-01,,0,424.21
1129,2024-10-01,SMB,Referral,Starter,29,,,29,90.97
1130,2023-11-01,SMB,Partner,Starter,29,,,29,342.23
1131,2024-02-01,Enterprise,Paid Search,Starter,29,,,29,500.79
1132,2024-10-01,Enterprise,Paid Search,Starter,29,,,29,408.56
1133,2023-04-01,SMB,Referral,Growth,99,,,99,77.9
1134,2023-08-01,Mid-Market,Organic,Starter,29,,,29,57.05
1135,2024-02-01,SMB,Outbound Sales,Growth,99,2024-08-01,,0,1464.55
1136,2023-09-01,Mid-Market,Referral,Starter,29,2024-07-01,,0,93.01
1137,2023-09-01,Mid-Market,Paid Search,Growth,99,,,99,350.58
1138,2023-02-01,Mid-Market,Organic,Starter,29,2023-04-01,,0,53.04
1139,2023-01-01,SMB,Referral,Scale,299,2023-06-01,,0,96.97
1140,2024-03-01,Mid-Market,Organic,Growth,99,2024-05-01,,0,64.75
1141,2023-10-01,SMB,Outbound Sales,Starter,29,2024-02-01,,0,1408.87
1142,2023-07-01,SMB,Outbound Sales,Starter,29,2023-08-01,,0,1238.78
1143,2024-05-01,SMB,Organic,Starter,29,2024-08-01,,0,51.92
1144,2024-09-01,SMB,Partner,Starter,29,2024-11-01,,0,267.46
1145,2023-11-01,SMB,Partner,Growth,99,2024-05-01,,0,336.91
1146,2023-04-01,Mid-Market,Referral,Starter,29,2024-03-01,,0,89.59
1147,2024-08-01,Enterprise,Outbound Sales,Growth,99,,,99,1269.65
1148,2024-06-01,Mid-Market,Organic,Scale,299,,,299,51.26
1149,2023-04-01,SMB,Referral,Growth,99,,,99,86.13
1150,2023-06-01,Mid-Market,Organic,Starter,29,,,29,58.03
1151,2023-06-01,SMB,Paid Search,Scale,299,2024-07-01,,0,484.85
1152,2023-07-01,SMB,Referral,Enterprise,799,,,799,105.84
1153,2023-03-01,SMB,Referral,Growth,99,2023-06-01,,0,102.22
1154,2024-01-01,SMB,Referral,Scale,299,,,299,85.97
1155,2024-07-01,SMB,Organic,Starter,29,,,29,61.42
1156,2024-06-01,SMB,Organic,Starter,29,,,29,68.19
1157,2023-03-01,SMB,Paid Search,Scale,299,2024-09-01,,0,344.48
1158,2024-09-01,SMB,Outbound Sales,Scale,299,,,299,1367.73
1159,2023-04-01,SMB,Referral,Growth,99,,,99,86.35
1160,2023-09-01,Mid-Market,Paid Search,Growth,99,2024-09-01,,0,400.01
1161,2024-08-01,Mid-Market,Paid Search,Growth,99,,,99,394.82
1162,2024-05-01,Mid-Market,Paid Search,Growth,99,,,99,443.6
1163,2023-04-01,SMB,Paid Search,Growth,99,,,99,406.11
1164,2023-07-01,SMB,Paid Search,Scale,299,,,299,390.12
1165,2023-01-01,SMB,Referral,Growth,99,,,99,92.39
1166,2024-10-01,Enterprise,Organic,Scale,299,,,299,56.96
1167,2023-11-01,SMB,Paid Search,Starter,29,2024-01-01,,0,341.83
1168,2024-01-01,SMB,Outbound Sales,Scale,299,,,299,1305.52
1169,2023-07-01,SMB,Outbound Sales,Growth,99,,,99,1185.89
1170,2023-09-01,Mid-Market,Organic,Growth,99,,,99,50.4
1171,2023-03-01,SMB,Referral,Growth,99,2023-07-01,,0,103.41
1172,2024-05-01,SMB,Referral,Growth,99,,,99,96.91
1173,2024-03-01,Mid-Market,Paid Search,Growth,99,,,99,399.99
1174,2024-03-01,Mid-Market,Outbound Sales,Growth,99,2024-07-01,,0,1612.05
1175,2024-04-01,Mid-Market,Partner,Enterprise,799,,,799,284.06
1176,2024-11-01,Mid-Market,Referral,Starter,29,2024-12-01,,0,80.8
1177,2023-11-01,Enterprise,Outbound Sales,Growth,99,,,99,1335.69
1178,2023-10-01,SMB,Referral,Growth,99,,Scale,299,106.04
1179,2023-11-01,Enterprise,Outbound Sales,Starter,29,,,29,1438.55
1180,2024-11-01,SMB,Paid Search,Starter,29,,,29,458.74
1181,2023-07-01,SMB,Partner,Enterprise,799,,,799,259.84
1182,2023-03-01,Mid-Market,Referral,Growth,99,2024-10-01,,0,73.45
1183,2023-06-01,Enterprise,Partner,Starter,29,,,29,304.46
1184,2024-02-01,Mid-Market,Paid Search,Scale,299,,,299,391.5
1185,2024-09-01,Mid-Market,Organic,Scale,299,,,299,49.02
1186,2024-10-01,SMB,Referral,Starter,29,,,29,104.26
1187,2024-03-01,SMB,Referral,Growth,99,2024-10-01,,0,72.9
1188,2023-02-01,SMB,Partner,Growth,99,2023-03-01,,0,241.52
1189,2023-12-01,Enterprise,Paid Search,Growth,99,,,99,386.26
1190,2024-08-01,SMB,Paid Search,Starter,29,,Growth,99,419.54
1191,2024-05-01,Enterprise,Paid Search,Growth,99,,Scale,299,411.73
1192,2024-05-01,SMB,Paid Search,Starter,29,2024-08-01,,0,396.48
1193,2024-08-01,Mid-Market,Referral,Growth,99,,Scale,299,103.1
1194,2023-03-01,Mid-Market,Paid Search,Starter,29,,Growth,99,385.99
1195,2024-09-01,SMB,Paid Search,Starter,29,,,29,445.67
1196,2023-08-01,SMB,Referral,Starter,29,2023-11-01,,0,86.35
1197,2024-06-01,Enterprise,Partner,Scale,299,2024-12-01,,0,286.64
1198,2023-06-01,Mid-Market,Outbound Sales,Starter,29,2024-01-01,,0,1583.72
1199,2023-03-01,SMB,Paid Search,Starter,29,2023-06-01,,0,453.17
1200,2023-04-01,SMB,Organic,Growth,99,,,99,60.92
1201,2023-03-01,SMB,Organic,Starter,29,,,29,52.19
1202,2023-02-01,Mid-Market,Organic,Starter,29,,,29,51.3
1203,2023-01-01,SMB,Organic,Starter,29,,,29,52.65
1204,2024-05-01,Mid-Market,Referral,Starter,29,,,29,94.57
1205,2023-02-01,Mid-Market,Organic,Growth,99,2023-06-01,,0,49.34
1206,2023-11-01,Mid-Market,Outbound Sales,Starter,29,2024-12-01,,0,1330.61
1207,2024-02-01,Mid-Market,Outbound Sales,Growth,99,,,99,1328.26
1208,2023-06-01,SMB,Outbound Sales,Starter,29,2024-07-01,,0,1575.61
1209,2023-07-01,Mid-Market,Organic,Scale,299,,,299,56.88
1210,2024-05-01,Mid-Market,Paid Search,Starter,29,,,29,486.63
1211,2023-12-01,SMB,Organic,Growth,99,,Scale,299,62.76
1212,2024-02-01,Mid-Market,Paid Search,Starter,29,,,29,401.54
1213,2024-06-01,SMB,Organic,Growth,99,2024-11-01,,0,60.64
1214,2024-08-01,SMB,Organic,Growth,99,,Scale,299,50.26
1215,2024-04-01,SMB,Referral,Starter,29,,Growth,99,104.03
1216,2023-03-01,Mid-Market,Organic,Starter,29,2024-04-01,,0,63.16
1217,2023-04-01,SMB,Organic,Starter,29,,,29,58.45
1218,2024-06-01,Mid-Market,Paid Search,Starter,29,,,29,466.32
1219,2023-09-01,SMB,Partner,Starter,29,,,29,288.54
1220,2024-06-01,SMB,Organic,Growth,99,2024-08-01,,0,59.06
1221,2023-08-01,Enterprise,Referral,Growth,99,,Scale,299,87.19
1222,2024-03-01,SMB,Paid Search,Growth,99,,,99,503.42
1223,2023-07-01,SMB,Organic,Scale,299,2024-11-01,,0,66.48
1224,2023-03-01,SMB,Paid Search,Scale,299,,,299,492.04
1225,2024-04-01,SMB,Paid Search,Starter,29,2024-06-01,,0,399.78
1226,2023-07-01,SMB,Referral,Scale,299,,,299,89.65
1227,2024-05-01,SMB,Referral,Growth,99,,Scale,299,79.25
1228,2024-06-01,Enterprise,Referral,Enterprise,799,,,799,72.36
1229,2023-07-01,Mid-Market,Organic,Enterprise,799,,,799,52.67
1230,2023-08-01,Enterprise,Organic,Growth,99,,,99,70.29
1231,2023-06-01,Mid-Market,Paid Search,Scale,299,2024-09-01,,0,412.67
1232,2023-04-01,Mid-Market,Organic,Growth,99,2023-07-01,,0,51.14
1233,2023-07-01,Mid-Market,Referral,Starter,29,2024-01-01,,0,88.29
1234,2024-06-01,SMB,Referral,Starter,29,,,29,100.54
1235,2024-04-01,SMB,Organic,Scale,299,2024-06-01,,0,60.02
1236,2023-04-01,Enterprise,Paid Search,Growth,99,,,99,493.39
1237,2023-12-01,SMB,Paid Search,Growth,99,2024-07-01,,0,486.92
1238,2024-02-01,SMB,Paid Search,Starter,29,2024-06-01,,0,415.51
1239,2023-02-01,Mid-Market,Paid Search,Enterprise,799,,,799,349.94
1240,2023-12-01,Enterprise,Partner,Starter,29,,,29,324.53
1241,2023-11-01,Mid-Market,Organic,Scale,299,,,299,56.55
1242,2024-10-01,Enterprise,Paid Search,Scale,299,,,299,468.0
1243,2024-09-01,SMB,Organic,Starter,29,2024-12-01,,0,55.41
1244,2023-09-01,Mid-Market,Paid Search,Scale,299,,,299,391.54
1245,2023-10-01,Mid-Market,Organic,Growth,99,,,99,61.02
1246,2023-07-01,SMB,Organic,Starter,29,2024-01-01,,0,48.6
1247,2024-03-01,Mid-Market,Organic,Starter,29,,,29,52.07
1248,2023-11-01,SMB,Organic,Starter,29,2024-10-01,,0,68.43
1249,2024-07-01,Enterprise,Paid Search,Growth,99,,,99,496.7
1250,2024-09-01,SMB,Organic,Starter,29,,Growth,99,52.61
1251,2024-07-01,Enterprise,Referral,Starter,29,,,29,99.81
1252,2023-02-01,Mid-Market,Partner,Starter,29,2024-02-01,,0,253.42
1253,2024-10-01,Mid-Market,Organic,Scale,299,,Enterprise,799,59.34
1254,2023-03-01,SMB,Organic,Starter,29,2024-09-01,,0,60.2
1255,2024-05-01,SMB,Organic,Starter,29,,,29,61.53
1256,2024-04-01,SMB,Organic,Starter,29,2024-05-01,,0,56.67
1257,2023-05-01,SMB,Organic,Starter,29,2024-02-01,,0,68.55
1258,2023-02-01,SMB,Paid Search,Starter,29,,,29,386.98
1259,2023-06-01,SMB,Paid Search,Starter,29,2024-01-01,,0,417.52
1260,2024-01-01,SMB,Paid Search,Scale,299,,,299,368.56
1261,2024-01-01,SMB,Referral,Starter,29,2024-12-01,,0,92.62
1262,2023-01-01,Mid-Market,Organic,Enterprise,799,,,799,52.73
1263,2023-04-01,Mid-Market,Referral,Starter,29,,,29,80.69
1264,2023-01-01,SMB,Partner,Scale,299,,,299,292.48
1265,2023-08-01,SMB,Referral,Growth,99,2024-04-01,,0,82.0
1266,2023-07-01,SMB,Organic,Enterprise,799,2024-10-01,,0,48.96
1267,2024-07-01,Mid-Market,Organic,Growth,99,,,99,67.11
1268,2023-02-01,Mid-Market,Organic,Starter,29,,,29,67.68
1269,2023-07-01,SMB,Outbound Sales,Starter,29,2023-12-01,,0,1566.39
1270,2024-01-01,Enterprise,Paid Search,Scale,299,,,299,500.62
1271,2023-09-01,SMB,Paid Search,Growth,99,2024-10-01,,0,355.02
1272,2024-08-01,Enterprise,Organic,Starter,29,2024-11-01,,0,54.59
1273,2023-05-01,SMB,Partner,Growth,99,2023-08-01,,0,315.67
1274,2024-04-01,SMB,Outbound Sales,Starter,29,2024-09-01,,0,1553.24
1275,2024-08-01,SMB,Organic,Growth,99,,,99,51.9
1276,2024-05-01,SMB,Outbound Sales,Scale,299,,,299,1341.11
1277,2024-08-01,SMB,Partner,Starter,29,2024-09-01,,0,357.45
1278,2024-05-01,SMB,Organic,Growth,99,,,99,55.94
1279,2024-03-01,SMB,Paid Search,Starter,29,,,29,418.51
1280,2024-08-01,Mid-Market,Paid Search,Scale,299,,,299,452.56
1281,2024-06-01,Mid-Market,Referral,Scale,299,,,299,87.18
1282,2024-01-01,Mid-Market,Organic,Scale,299,,Enterprise,799,65.22
1283,2023-02-01,SMB,Paid Search,Enterprise,799,,,799,360.81
1284,2024-07-01,SMB,Organic,Starter,29,2024-08-01,,0,53.53
1285,2024-10-01,SMB,Partner,Starter,29,,,29,286.43
1286,2024-02-01,Enterprise,Paid Search,Starter,29,,,29,501.3
1287,2023-01-01,SMB,Referral,Enterprise,799,,,799,84.56
1288,2024-09-01,SMB,Paid Search,Starter,29,,,29,489.81
1289,2024-03-01,Mid-Market,Referral,Starter,29,2024-05-01,,0,103.5
1290,2023-03-01,SMB,Organic,Starter,29,2023-08-01,,0,66.14
1291,2024-11-01,SMB,Partner,Enterprise,799,,,799,284.44
1292,2024-09-01,SMB,Partner,Growth,99,2024-12-01,,0,279.65
1293,2023-07-01,SMB,Outbound Sales,Growth,99,2024-09-01,,0,1425.43
1294,2024-02-01,SMB,Outbound Sales,Growth,99,,,99,1205.59
1295,2024-01-01,SMB,Organic,Starter,29,2024-03-01,,0,56.65
1296,2023-11-01,SMB,Referral,Growth,99,,,99,101.34
1297,2024-11-01,SMB,Paid Search,Starter,29,,,29,371.4
1298,2024-07-01,Mid-Market,Organic,Growth,99,,,99,67.87
1299,2024-02-01,Mid-Market,Organic,Growth,99,,,99,61.25
1300,2024-11-01,SMB,Partner,Starter,29,,,29,301.39
1301,2024-02-01,Mid-Market,Paid Search,Growth,99,2024-05-01,,0,439.09
1302,2023-04-01,SMB,Referral,Growth,99,,,99,94.73
1303,2024-11-01,Mid-Market,Referral,Starter,29,,,29,92.1
1304,2024-10-01,Enterprise,Paid Search,Starter,29,,,29,453.84
1305,2024-10-01,Mid-Market,Referral,Scale,299,,,299,84.89
1306,2024-08-01,SMB,Paid Search,Scale,299,,,299,472.2
1307,2023-03-01,SMB,Outbound Sales,Starter,29,2024-01-01,,0,1199.45
1308,2024-03-01,Enterprise,Referral,Starter,29,,,29,97.72
1309,2023-09-01,Enterprise,Paid Search,Starter,29,,,29,400.75
1310,2024-03-01,Mid-Market,Paid Search,Starter,29,2024-05-01,,0,452.74
1311,2024-07-01,Enterprise,Paid Search,Growth,99,,Scale,299,341.45
1312,2024-07-01,SMB,Organic,Enterprise,799,,,799,57.37
1313,2023-11-01,SMB,Paid Search,Starter,29,2024-08-01,,0,497.8
1314,2024-11-01,SMB,Paid Search,Scale,299,,,299,432.24
1315,2024-10-01,SMB,Organic,Enterprise,799,,,799,59.98
1316,2023-04-01,SMB,Outbound Sales,Growth,99,,,99,1213.62
1317,2023-12-01,Mid-Market,Referral,Growth,99,2024-06-01,,0,89.69
1318,2024-01-01,Mid-Market,Paid Search,Growth,99,,,99,474.33
1319,2024-10-01,SMB,Organic,Starter,29,,,29,56.12
1320,2023-01-01,Mid-Market,Organic,Starter,29,2023-08-01,,0,61.56
1321,2023-11-01,SMB,Partner,Scale,299,,,299,320.83
1322,2024-01-01,SMB,Organic,Scale,299,2024-03-01,,0,57.62
1323,2024-03-01,Mid-Market,Referral,Scale,299,,,299,82.19
1324,2023-04-01,SMB,Paid Search,Growth,99,2023-08-01,,0,362.14
1325,2024-02-01,Mid-Market,Organic,Starter,29,2024-09-01,,0,50.43
1326,2023-04-01,SMB,Paid Search,Growth,99,2024-01-01,,0,376.5
1327,2023-10-01,Enterprise,Paid Search,Scale,299,2024-04-01,,0,339.28
1328,2023-05-01,Enterprise,Partner,Starter,29,,,29,331.22
1329,2023-10-01,Enterprise,Organic,Starter,29,,,29,50.68
1330,2024-01-01,Mid-Market,Referral,Starter,29,2024-10-01,,0,104.36
1331,2023-12-01,Enterprise,Outbound Sales,Starter,29,,,29,1355.78
1332,2023-09-01,SMB,Partner,Scale,299,,,299,294.83
1333,2023-10-01,SMB,Referral,Enterprise,799,,,799,74.33
1334,2023-04-01,Mid-Market,Partner,Scale,299,2024-09-01,,0,256.0
1335,2023-05-01,Mid-Market,Referral,Starter,29,2024-02-01,,0,102.84
1336,2024-11-01,Mid-Market,Outbound Sales,Starter,29,2024-12-01,,0,1443.3
1337,2023-12-01,SMB,Partner,Enterprise,799,,,799,251.34
1338,2023-12-01,SMB,Paid Search,Starter,29,2024-06-01,,0,450.44
1339,2024-11-01,SMB,Paid Search,Growth,99,,,99,358.0
1340,2023-07-01,Enterprise,Referral,Scale,299,,Enterprise,799,98.37
1341,2024-05-01,Mid-Market,Referral,Starter,29,,,29,106.0
1342,2024-04-01,SMB,Outbound Sales,Starter,29,,,29,1489.51
1343,2023-02-01,SMB,Referral,Starter,29,2024-04-01,,0,101.66
1344,2024-02-01,SMB,Organic,Growth,99,2024-04-01,,0,62.89
1345,2023-10-01,Enterprise,Organic,Enterprise,799,,,799,48.09
1346,2023-08-01,SMB,Referral,Starter,29,,,29,100.27
1347,2024-11-01,SMB,Referral,Starter,29,,,29,86.55
1348,2023-01-01,Mid-Market,Outbound Sales,Starter,29,2024-02-01,,0,1551.44
1349,2024-06-01,Enterprise,Organic,Scale,299,,,299,61.75
1350,2023-12-01,SMB,Referral,Starter,29,,Growth,99,78.9
1351,2024-02-01,SMB,Organic,Starter,29,2024-12-01,,0,49.32
1352,2024-10-01,SMB,Organic,Starter,29,,Growth,99,61.32
1353,2023-10-01,Enterprise,Paid Search,Starter,29,,,29,431.23
1354,2023-12-01,Enterprise,Outbound Sales,Growth,99,,,99,1544.44
1355,2023-04-01,SMB,Outbound Sales,Starter,29,,,29,1100.93
1356,2023-03-01,Mid-Market,Organic,Enterprise,799,2024-03-01,,0,67.71
1357,2024-10-01,SMB,Paid Search,Scale,299,,,299,404.15
1358,2023-12-01,SMB,Referral,Starter,29,2024-04-01,,0,91.02
1359,2024-08-01,Enterprise,Paid Search,Starter,29,,,29,425.61
1360,2023-08-01,SMB,Paid Search,Growth,99,2024-06-01,,0,400.23
1361,2023-12-01,SMB,Referral,Growth,99,,,99,78.7
1362,2024-08-01,Mid-Market,Paid Search,Growth,99,,Scale,299,349.24
1363,2024-02-01,SMB,Referral,Growth,99,,,99,79.45
1364,2023-02-01,SMB,Outbound Sales,Starter,29,,,29,1465.7
1365,2023-11-01,Mid-Market,Referral,Starter,29,,,29,96.56
1366,2024-07-01,Enterprise,Organic,Growth,99,,,99,64.21
1367,2024-10-01,SMB,Outbound Sales,Growth,99,,Scale,299,1570.15
1368,2024-11-01,SMB,Outbound Sales,Scale,299,,,299,1326.71
1369,2024-02-01,SMB,Referral,Starter,29,2024-05-01,,0,99.33
1370,2023-06-01,SMB,Partner,Growth,99,2024-06-01,,0,320.19
1371,2024-02-01,Enterprise,Paid Search,Starter,29,,,29,493.42
1372,2023-05-01,SMB,Organic,Starter,29,2023-08-01,,0,64.08
1373,2024-11-01,Mid-Market,Organic,Growth,99,,,99,52.33
1374,2024-10-01,Mid-Market,Paid Search,Starter,29,,,29,461.03
1375,2024-05-01,SMB,Referral,Starter,29,,,29,84.89
1376,2023-08-01,SMB,Paid Search,Starter,29,,,29,378.84
1377,2024-10-01,SMB,Paid Search,Growth,99,,,99,382.73
1378,2023-02-01,Mid-Market,Referral,Starter,29,,,29,101.7
1379,2024-05-01,SMB,Outbound Sales,Growth,99,2024-06-01,,0,1324.54
1380,2023-05-01,SMB,Partner,Growth,99,,,99,296.29
1381,2023-11-01,SMB,Organic,Starter,29,2024-07-01,,0,48.26
1382,2024-06-01,Enterprise,Organic,Starter,29,,,29,54.48
1383,2024-03-01,Mid-Market,Referral,Enterprise,799,,,799,103.8
1384,2024-04-01,SMB,Paid Search,Starter,29,,,29,419.68
1385,2024-05-01,SMB,Partner,Starter,29,2024-07-01,,0,289.97
1386,2024-06-01,SMB,Referral,Starter,29,,Growth,99,74.66
1387,2024-11-01,SMB,Organic,Enterprise,799,,,799,55.04
1388,2023-08-01,Mid-Market,Organic,Starter,29,,,29,51.15
1389,2024-05-01,SMB,Outbound Sales,Starter,29,,,29,1168.78
1390,2024-04-01,SMB,Paid Search,Growth,99,,,99,392.92
1391,2023-11-01,SMB,Paid Search,Growth,99,,Scale,299,347.27
1392,2024-01-01,SMB,Paid Search,Starter,29,,,29,466.75
1393,2023-01-01,Enterprise,Paid Search,Scale,299,,,299,440.47
1394,2024-02-01,SMB,Paid Search,Scale,299,2024-03-01,,0,470.36
1395,2023-10-01,SMB,Outbound Sales,Starter,29,2024-06-01,,0,1267.84
1396,2023-01-01,Mid-Market,Paid Search,Growth,99,,,99,373.32
1397,2023-11-01,SMB,Organic,Starter,29,,Growth,99,62.16
1398,2024-11-01,Mid-Market,Partner,Starter,29,,,29,242.63
1399,2024-02-01,SMB,Referral,Growth,99,,,99,75.2
1400,2023-11-01,SMB,Referral,Scale,299,,,299,98.69
1401,2024-07-01,Mid-Market,Organic,Starter,29,,,29,69.3
1402,2024-05-01,Mid-Market,Outbound Sales,Scale,299,,,299,1190.96
1403,2023-11-01,SMB,Organic,Starter,29,,Growth,99,66.98
1404,2023-01-01,SMB,Referral,Enterprise,799,2024-05-01,,0,85.81
1405,2024-03-01,SMB,Outbound Sales,Growth,99,,,99,1304.6
1406,2024-07-01,SMB,Referral,Scale,299,,,299,103.82
1407,2023-06-01,Enterprise,Paid Search,Scale,299,,,299,440.33
1408,2023-10-01,Mid-Market,Referral,Enterprise,799,,,799,101.23
1409,2023-06-01,Enterprise,Paid Search,Growth,99,,,99,466.33
1410,2023-09-01,Mid-Market,Outbound Sales,Starter,29,2024-06-01,,0,1390.01
1411,2024-09-01,Mid-Market,Outbound Sales,Enterprise,799,,,799,1483.84
1412,2024-08-01,SMB,Paid Search,Starter,29,2024-10-01,,0,454.98
1413,2024-10-01,SMB,Organic,Growth,99,,,99,59.53
1414,2023-12-01,SMB,Paid Search,Starter,29,2024-10-01,,0,361.51
1415,2023-07-01,SMB,Partner,Growth,99,2024-02-01,,0,271.97
1416,2023-10-01,SMB,Referral,Scale,299,,Enterprise,799,85.55
1417,2024-11-01,SMB,Outbound Sales,Starter,29,,,29,1396.81
1418,2024-11-01,SMB,Organic,Growth,99,,,99,55.15
1419,2024-04-01,Mid-Market,Paid Search,Starter,29,2024-09-01,,0,370.5
1420,2023-08-01,SMB,Outbound Sales,Starter,29,,,29,1099.2
1421,2023-06-01,SMB,Outbound Sales,Growth,99,2024-04-01,,0,1194.76
1422,2024-04-01,Mid-Market,Paid Search,Growth,99,,,99,426.57
1423,2023-08-01,Mid-Market,Paid Search,Starter,29,,,29,359.46
1424,2024-09-01,Mid-Market,Referral,Scale,299,,,299,73.06
1425,2023-01-01,SMB,Organic,Starter,29,2024-11-01,,0,49.79
1426,2023-09-01,Mid-Market,Partner,Scale,299,,,299,354.25
1427,2024-07-01,SMB,Outbound Sales,Growth,99,,,99,1099.16
1428,2024-06-01,SMB,Organic,Starter,29,,,29,59.34
1429,2024-09-01,SMB,Paid Search,Growth,99,2024-11-01,,0,451.63
1430,2023-11-01,Mid-Market,Organic,Growth,99,,,99,53.35
1431,2023-12-01,SMB,Organic,Starter,29,2024-02-01,,0,71.14
1432,2023-12-01,Mid-Market,Paid Search,Growth,99,,,99,339.81
1433,2023-07-01,SMB,Referral,Scale,299,2024-07-01,,0,103.68
1434,2024-07-01,SMB,Outbound Sales,Starter,29,,,29,1291.41
1435,2024-11-01,SMB,Paid Search,Scale,299,,,299,400.48
1436,2024-05-01,Enterprise,Partner,Enterprise,799,,,799,296.67
1437,2024-01-01,Mid-Market,Paid Search,Scale,299,,,299,499.2
1438,2023-03-01,SMB,Organic,Scale,299,,,299,63.07
1439,2023-02-01,Mid-Market,Partner,Growth,99,,,99,345.43
1440,2023-06-01,Mid-Market,Paid Search,Scale,299,,,299,340.67
1441,2023-04-01,SMB,Referral,Enterprise,799,2023-08-01,,0,104.29
1442,2023-05-01,Mid-Market,Partner,Growth,99,,,99,265.62
1443,2024-10-01,Mid-Market,Organic,Enterprise,799,,,799,55.56
1444,2023-12-01,Mid-Market,Partner,Starter,29,,,29,248.83
1445,2023-05-01,SMB,Referral,Starter,29,2024-11-01,,0,104.94
1446,2024-02-01,SMB,Referral,Starter,29,2024-07-01,,0,90.94
1447,2023-01-01,Mid-Market,Organic,Starter,29,,,29,50.16
1448,2024-08-01,SMB,Partner,Growth,99,,,99,287.69
1449,2024-06-01,Enterprise,Referral,Growth,99,,,99,85.72
1450,2024-06-01,Mid-Market,Paid Search,Starter,29,,,29,344.54
1451,2023-01-01,SMB,Partner,Scale,299,,,299,281.71
1452,2024-11-01,SMB,Outbound Sales,Starter,29,,,29,1238.16
1453,2024-08-01,Enterprise,Referral,Starter,29,,Growth,99,105.1
1454,2024-10-01,Mid-Market,Referral,Starter,29,2024-12-01,,0,101.04
1455,2024-02-01,SMB,Paid Search,Scale,299,,,299,362.89
1456,2023-10-01,Mid-Market,Referral,Enterprise,799,,,799,105.54
1457,2024-07-01,SMB,Partner,Growth,99,,,99,329.18
1458,2024-11-01,Mid-Market,Partner,Starter,29,,,29,298.9
1459,2023-02-01,Mid-Market,Referral,Starter,29,,,29,87.58
1460,2023-03-01,Mid-Market,Paid Search,Growth,99,2024-05-01,,0,491.71
1461,2024-03-01,SMB,Paid Search,Starter,29,,,29,387.33
1462,2024-10-01,Enterprise,Paid Search,Starter,29,,,29,398.26
1463,2023-11-01,Mid-Market,Organic,Growth,99,,,99,64.59
1464,2024-09-01,Mid-Market,Paid Search,Starter,29,,,29,463.56
1465,2023-10-01,SMB,Paid Search,Scale,299,2024-03-01,,0,390.96
1466,2023-11-01,SMB,Outbound Sales,Scale,299,,Enterprise,799,1577.88
1467,2024-08-01,Enterprise,Referral,Starter,29,,,29,81.22
1468,2024-05-01,Mid-Market,Outbound Sales,Growth,99,2024-11-01,,0,1267.65
1469,2023-01-01,SMB,Organic,Starter,29,2023-07-01,,0,52.72
1470,2023-03-01,Mid-Market,Referral,Growth,99,,,99,91.34
1471,2024-06-01,SMB,Paid Search,Scale,299,,,299,503.88
1472,2024-08-01,SMB,Paid Search,Scale,299,2024-11-01,,0,456.63
1473,2023-02-01,Mid-Market,Paid Search,Scale,299,,,299,415.18
1474,2023-09-01,Enterprise,Organic,Starter,29,,,29,71.59
1475,2023-11-01,SMB,Outbound Sales,Starter,29,,,29,1106.55
1476,2023-09-01,SMB,Organic,Starter,29,,Growth,99,54.86
1477,2023-05-01,SMB,Paid Search,Scale,299,2023-06-01,,0,476.8
1478,2023-05-01,Mid-Market,Outbound Sales,Growth,99,2023-08-01,,0,1363.15
1479,2024-03-01,SMB,Organic,Starter,29,,Growth,99,48.11
1480,2024-01-01,SMB,Paid Search,Scale,299,,Enterprise,799,412.73
1481,2024-02-01,Mid-Market,Organic,Enterprise,799,2024-12-01,,0,48.52
1482,2024-02-01,SMB,Organic,Starter,29,2024-10-01,,0,61.76
1483,2023-07-01,SMB,Paid Search,Scale,299,2024-03-01,,0,442.3
1484,2023-02-01,SMB,Organic,Starter,29,2024-12-01,,0,52.83
1485,2024-01-01,SMB,Organic,Growth,99,2024-05-01,,0,71.68
1486,2024-01-01,SMB,Outbound Sales,Starter,29,,,29,1530.25
1487,2024-05-01,SMB,Paid Search,Starter,29,,,29,413.92
1488,2024-03-01,Mid-Market,Paid Search,Starter,29,,,29,388.0
1489,2023-07-01,Mid-Market,Organic,Starter,29,2024-06-01,,0,48.3
1490,2023-03-01,Mid-Market,Referral,Growth,99,2023-09-01,,0,96.96
1491,2023-11-01,Mid-Market,Organic,Starter,29,,,29,54.31
1492,2023-04-01,Mid-Market,Partner,Starter,29,2023-12-01,,0,287.36
1493,2023-05-01,SMB,Paid Search,Scale,299,2023-06-01,,0,408.01
1494,2023-01-01,Mid-Market,Referral,Scale,299,,,299,102.74
1495,2023-05-01,SMB,Paid Search,Scale,299,,,299,479.04
1496,2024-03-01,SMB,Partner,Starter,29,,,29,333.15
1497,2024-05-01,Mid-Market,Organic,Enterprise,799,,,799,66.4
1498,2024-06-01,Mid-Market,Paid Search,Growth,99,,,99,419.12
1499,2023-09-01,SMB,Referral,Starter,29,2024-07-01,,0,100.48
1500,2023-05-01,Mid-Market,Organic,Scale,299,2023-07-01,,0,68.6
1501,2023-03-01,SMB,Outbound Sales,Growth,99,2023-08-01,,0,1349.16
1502,2023-10-01,Mid-Market,Referral,Scale,299,2024-02-01,,0,104.41
1503,2023-03-01,SMB,Paid Search,Growth,99,,,99,502.38
1504,2023-11-01,Mid-Market,Partner,Starter,29,,,29,261.03
1505,2023-01-01,SMB,Paid Search,Starter,29,2024-02-01,,0,500.48
1506,2023-11-01,SMB,Outbound Sales,Growth,99,2024-05-01,,0,1212.7
1507,2023-09-01,Mid-Market,Paid Search,Starter,29,,,29,492.92
1508,2024-10-01,SMB,Referral,Starter,29,,,29,102.64
1509,2024-02-01,SMB,Referral,Starter,29,2024-08-01,,0,104.98
1510,2024-10-01,SMB,Referral,Growth,99,,,99,88.6
1511,2024-09-01,Enterprise,Organic,Starter,29,,,29,51.63
1512,2024-08-01,Enterprise,Referral,Starter,29,,,29,80.01
1513,2023-09-01,SMB,Paid Search,Growth,99,,Scale,299,387.19
1514,2023-02-01,Mid-Market,Paid Search,Growth,99,2023-09-01,,0,377.95
1515,2024-05-01,SMB,Paid Search,Starter,29,2024-06-01,,0,498.52
1516,2024-08-01,SMB,Referral,Starter,29,2024-09-01,,0,77.62
1517,2023-02-01,Mid-Market,Organic,Starter,29,,,29,64.46
1518,2023-07-01,Enterprise,Organic,Starter,29,,,29,60.28
1519,2024-07-01,Mid-Market,Organic,Growth,99,,Scale,299,48.82
1520,2023-06-01,SMB,Organic,Scale,299,2024-01-01,,0,53.08
1521,2023-10-01,Mid-Market,Referral,Enterprise,799,,,799,105.61
1522,2023-05-01,SMB,Organic,Starter,29,,,29,67.6
1523,2023-09-01,SMB,Referral,Starter,29,,,29,93.09
1524,2024-10-01,Mid-Market,Partner,Growth,99,,,99,249.21
1525,2023-07-01,Enterprise,Referral,Starter,29,,,29,76.99
1526,2024-11-01,SMB,Referral,Starter,29,,,29,98.3
1527,2024-08-01,Mid-Market,Paid Search,Starter,29,,Growth,99,463.19
1528,2024-08-01,Enterprise,Organic,Scale,299,,Enterprise,799,70.99
1529,2024-08-01,SMB,Referral,Starter,29,,,29,79.4
1530,2023-06-01,SMB,Paid Search,Scale,299,,Enterprise,799,445.04
1531,2023-08-01,Mid-Market,Organic,Starter,29,,,29,58.34
1532,2024-08-01,SMB,Organic,Scale,299,2024-10-01,,0,50.73
1533,2024-06-01,SMB,Paid Search,Starter,29,2024-09-01,,0,392.47
1534,2024-07-01,SMB,Paid Search,Growth,99,,,99,397.73
1535,2023-01-01,SMB,Organic,Enterprise,799,,,799,58.88
1536,2023-08-01,Enterprise,Outbound Sales,Starter,29,,,29,1238.24
1537,2024-06-01,SMB,Referral,Starter,29,,,29,91.9
1538,2024-08-01,SMB,Referral,Enterprise,799,,,799,93.83
1539,2023-12-01,SMB,Paid Search,Starter,29,2024-05-01,,0,405.35
1540,2023-10-01,Mid-Market,Referral,Starter,29,,,29,85.44
1541,2024-01-01,SMB,Paid Search,Starter,29,2024-07-01,,0,446.13
1542,2023-06-01,SMB,Organic,Growth,99,,Scale,299,49.3
1543,2023-12-01,SMB,Paid Search,Starter,29,,,29,481.56
1544,2024-02-01,Mid-Market,Organic,Scale,299,,,299,71.39
1545,2023-05-01,Mid-Market,Paid Search,Scale,299,,,299,345.29
1546,2024-09-01,Mid-Market,Referral,Scale,299,,,299,97.53
1547,2023-11-01,SMB,Outbound Sales,Starter,29,2024-09-01,,0,1216.21
1548,2024-04-01,Mid-Market,Outbound Sales,Growth,99,2024-07-01,,0,1312.21
1549,2024-08-01,SMB,Referral,Growth,99,,,99,81.74
1550,2023-06-01,SMB,Referral,Starter,29,2023-07-01,,0,79.71
1551,2024-03-01,Enterprise,Organic,Starter,29,,,29,58.58
1552,2023-11-01,SMB,Outbound Sales,Starter,29,,,29,1280.67
1553,2024-04-01,SMB,Organic,Starter,29,,,29,58.22
1554,2023-01-01,SMB,Organic,Scale,299,2023-08-01,,0,67.39
1555,2024-05-01,SMB,Paid Search,Growth,99,2024-08-01,,0,500.41
1556,2023-03-01,SMB,Paid Search,Starter,29,2023-11-01,,0,360.08
1557,2023-01-01,Enterprise,Referral,Starter,29,,,29,98.79
1558,2023-06-01,SMB,Paid Search,Growth,99,,,99,428.25
1559,2024-08-01,SMB,Outbound Sales,Enterprise,799,,,799,1281.43
1560,2023-09-01,Mid-Market,Organic,Enterprise,799,,,799,63.85
1561,2023-12-01,Mid-Market,Outbound Sales,Starter,29,,,29,1556.02
1562,2023-10-01,SMB,Referral,Starter,29,,,29,95.09
1563,2024-06-01,Mid-Market,Organic,Growth,99,2024-08-01,,0,64.89
1564,2024-03-01,Mid-Market,Partner,Growth,99,,,99,257.79
1565,2023-03-01,SMB,Referral,Growth,99,2023-11-01,,0,97.67
1566,2024-08-01,SMB,Outbound Sales,Growth,99,,,99,1612.51
1567,2023-03-01,Enterprise,Referral,Scale,299,,,299,106.55
1568,2024-05-01,SMB,Organic,Starter,29,,,29,57.82
1569,2024-03-01,Mid-Market,Paid Search,Starter,29,,,29,484.22
1570,2023-03-01,SMB,Outbound Sales,Growth,99,2023-06-01,,0,1399.34
1571,2023-10-01,SMB,Referral,Starter,29,2023-11-01,,0,76.26
1572,2024-07-01,Mid-Market,Referral,Starter,29,,,29,107.22
1573,2024-07-01,SMB,Organic,Starter,29,,,29,62.72
1574,2024-10-01,Enterprise,Paid Search,Growth,99,,,99,353.79
1575,2024-10-01,Mid-Market,Outbound Sales,Starter,29,,,29,1389.02
1576,2023-08-01,Mid-Market,Outbound Sales,Starter,29,,,29,1469.58
1577,2023-05-01,Mid-Market,Organic,Enterprise,799,,,799,53.69
1578,2023-02-01,SMB,Referral,Growth,99,,Scale,299,96.57
1579,2023-07-01,Mid-Market,Partner,Growth,99,2024-03-01,,0,355.91
1580,2024-03-01,SMB,Organic,Growth,99,,Scale,299,53.56
1581,2024-10-01,SMB,Organic,Starter,29,,,29,59.78
1582,2024-07-01,Mid-Market,Outbound Sales,Starter,29,,Growth,99,1249.56
1583,2024-08-01,SMB,Referral,Scale,299,,,299,85.96
1584,2024-09-01,SMB,Partner,Starter,29,,Growth,99,340.45
1585,2023-11-01,SMB,Referral,Scale,299,,Enterprise,799,101.65
1586,2024-09-01,SMB,Paid Search,Starter,29,,,29,337.4
1587,2023-11-01,SMB,Organic,Scale,299,2024-01-01,,0,50.93
1588,2024-04-01,Mid-Market,Paid Search,Starter,29,,,29,394.63
1589,2024-11-01,SMB,Referral,Growth,99,,,99,82.91
1590,2023-12-01,Mid-Market,Referral,Growth,99,,,99,75.37
1591,2023-08-01,SMB,Outbound Sales,Growth,99,2023-11-01,,0,1451.34
1592,2024-03-01,Mid-Market,Paid Search,Starter,29,,,29,443.97
1593,2023-04-01,Enterprise,Organic,Growth,99,,,99,53.95
1594,2024-03-01,SMB,Organic,Starter,29,,,29,56.68
1595,2023-09-01,Enterprise,Partner,Starter,29,,,29,298.56
1596,2023-07-01,Mid-Market,Partner,Growth,99,2024-11-01,,0,245.43
1597,2023-10-01,SMB,Paid Search,Scale,299,,,299,362.01
1598,2024-08-01,SMB,Paid Search,Scale,299,,Enterprise,799,444.67
1599,2023-05-01,SMB,Paid Search,Starter,29,2024-08-01,,0,417.59
1600,2023-01-01,Mid-Market,Organic,Growth,99,,Scale,299,62.41
1601,2023-10-01,SMB,Paid Search,Starter,29,2024-03-01,,0,499.52
1602,2023-05-01,SMB,Paid Search,Starter,29,2023-10-01,,0,462.92
1603,2023-02-01,SMB,Organic,Growth,99,2023-04-01,,0,71.24
1604,2024-09-01,SMB,Organic,Growth,99,,,99,62.18
1605,2024-03-01,SMB,Paid Search,Scale,299,,,299,336.25
1606,2023-05-01,SMB,Paid Search,Scale,299,2023-06-01,,0,351.75
1607,2024-04-01,SMB,Partner,Growth,99,,,99,323.64
1608,2023-11-01,Mid-Market,Paid Search,Starter,29,,Growth,99,387.25
1609,2023-05-01,Enterprise,Organic,Growth,99,,,99,57.93
1610,2024-09-01,SMB,Referral,Starter,29,2024-10-01,,0,96.32
1611,2023-11-01,Mid-Market,Paid Search,Growth,99,,,99,392.02
1612,2023-10-01,SMB,Paid Search,Scale,299,2023-11-01,,0,482.77
1613,2024-04-01,SMB,Organic,Starter,29,2024-06-01,,0,57.3
1614,2024-01-01,SMB,Partner,Enterprise,799,,,799,245.32
1615,2024-08-01,Mid-Market,Organic,Growth,99,,,99,71.62
1616,2023-09-01,SMB,Partner,Starter,29,2024-05-01,,0,298.77
1617,2024-01-01,SMB,Organic,Starter,29,,,29,56.41
1618,2024-05-01,SMB,Referral,Starter,29,,Growth,99,104.37
1619,2024-02-01,Mid-Market,Referral,Growth,99,2024-05-01,,0,102.99
1620,2023-04-01,Mid-Market,Paid Search,Growth,99,,,99,342.35
1621,2023-04-01,SMB,Paid Search,Growth,99,,,99,471.82
1622,2023-01-01,SMB,Organic,Starter,29,2023-08-01,,0,59.76
1623,2023-04-01,SMB,Referral,Starter,29,2024-09-01,,0,96.24
1624,2023-03-01,Mid-Market,Organic,Starter,29,,,29,51.5
1625,2023-04-01,Mid-Market,Organic,Growth,99,,,99,64.02
1626,2023-07-01,SMB,Organic,Scale,299,2023-11-01,,0,53.52
1627,2024-08-01,Enterprise,Outbound Sales,Scale,299,,,299,1143.37
1628,2023-10-01,SMB,Organic,Growth,99,2024-07-01,,0,51.23
1629,2024-04-01,SMB,Referral,Starter,29,,,29,82.8
1630,2023-01-01,Mid-Market,Paid Search,Starter,29,,,29,502.6
1631,2024-04-01,Mid-Market,Organic,Starter,29,,,29,49.3
1632,2023-03-01,Mid-Market,Organic,Growth,99,,,99,55.94
1633,2023-02-01,SMB,Paid Search,Starter,29,2023-04-01,,0,424.21
1634,2023-09-01,Mid-Market,Organic,Starter,29,,,29,52.97
1635,2023-09-01,SMB,Paid Search,Scale,299,2024-02-01,,0,497.55
1636,2024-08-01,SMB,Organic,Growth,99,,,99,59.05
1637,2024-10-01,Mid-Market,Organic,Starter,29,,,29,64.63
1638,2023-09-01,SMB,Outbound Sales,Starter,29,2024-03-01,,0,1274.38
1639,2024-07-01,SMB,Organic,Starter,29,,,29,52.66
1640,2024-10-01,SMB,Organic,Starter,29,,,29,55.29
1641,2023-12-01,Mid-Market,Partner,Starter,29,2024-02-01,,0,273.56
1642,2023-10-01,SMB,Paid Search,Enterprise,799,2024-01-01,,0,478.39
1643,2023-08-01,SMB,Referral,Scale,299,2024-05-01,,0,72.53
1644,2024-09-01,Mid-Market,Paid Search,Starter,29,,Growth,99,486.13
1645,2023-11-01,SMB,Paid Search,Growth,99,2024-09-01,,0,402.01
1646,2024-08-01,Mid-Market,Paid Search,Growth,99,,,99,439.63
1647,2024-03-01,SMB,Referral,Growth,99,,,99,101.0
1648,2023-05-01,SMB,Partner,Enterprise,799,,,799,295.32
1649,2023-03-01,SMB,Organic,Scale,299,,Enterprise,799,50.22
1650,2023-07-01,SMB,Organic,Growth,99,2023-09-01,,0,61.0
1651,2023-06-01,SMB,Referral,Starter,29,,,29,76.38
1652,2024-07-01,Mid-Market,Referral,Growth,99,,,99,101.69
1653,2023-05-01,Enterprise,Partner,Growth,99,,,99,317.75
1654,2023-08-01,Mid-Market,Referral,Starter,29,,,29,93.32
1655,2024-08-01,Mid-Market,Paid Search,Starter,29,,,29,336.07
1656,2024-05-01,Enterprise,Outbound Sales,Starter,29,,,29,1598.44
1657,2023-01-01,Mid-Market,Organic,Growth,99,2023-06-01,,0,51.13
1658,2024-11-01,Mid-Market,Referral,Growth,99,,,99,78.6
1659,2024-04-01,Enterprise,Organic,Starter,29,,,29,71.67
1660,2024-10-01,Mid-Market,Partner,Enterprise,799,,,799,250.74
1661,2023-03-01,Mid-Market,Paid Search,Starter,29,2023-09-01,,0,460.6
1662,2023-01-01,SMB,Referral,Growth,99,2023-02-01,,0,75.42
1663,2023-09-01,SMB,Organic,Scale,299,,Enterprise,799,65.59
1664,2023-06-01,SMB,Outbound Sales,Starter,29,,,29,1560.27
1665,2024-09-01,SMB,Paid Search,Starter,29,,,29,394.75
1666,2023-09-01,SMB,Partner,Scale,299,,,299,277.48
1667,2023-03-01,Mid-Market,Outbound Sales,Scale,299,2024-05-01,,0,1583.82
1668,2023-03-01,SMB,Outbound Sales,Starter,29,2024-07-01,,0,1120.31
1669,2023-03-01,Enterprise,Referral,Starter,29,,Growth,99,84.51
1670,2023-06-01,Mid-Market,Paid Search,Growth,99,,,99,445.69
1671,2023-08-01,Mid-Market,Organic,Starter,29,,,29,64.5
1672,2023-10-01,SMB,Paid Search,Starter,29,2024-08-01,,0,412.11
1673,2023-05-01,Mid-Market,Paid Search,Growth,99,2023-07-01,,0,479.41
1674,2023-05-01,SMB,Partner,Enterprise,799,,,799,341.88
1675,2024-09-01,SMB,Paid Search,Starter,29,,,29,473.27
1676,2023-05-01,SMB,Organic,Scale,299,,,299,52.1
1677,2024-05-01,SMB,Outbound Sales,Enterprise,799,,,799,1429.21
1678,2024-07-01,Mid-Market,Outbound Sales,Scale,299,,,299,1539.53
1679,2023-10-01,SMB,Outbound Sales,Growth,99,2024-12-01,,0,1130.91
1680,2024-06-01,SMB,Paid Search,Starter,29,,,29,377.09
1681,2024-07-01,Enterprise,Organic,Starter,29,,,29,71.47
1682,2024-04-01,Mid-Market,Referral,Scale,299,,,299,88.63
1683,2023-10-01,SMB,Paid Search,Growth,99,,,99,425.07
1684,2023-02-01,Mid-Market,Organic,Starter,29,,,29,56.41
1685,2024-08-01,Mid-Market,Referral,Starter,29,,,29,86.12
1686,2023-01-01,Enterprise,Referral,Scale,299,,Enterprise,799,104.2
1687,2024-07-01,SMB,Paid Search,Starter,29,,,29,371.15
1688,2023-10-01,SMB,Referral,Growth,99,,,99,82.05
1689,2024-03-01,SMB,Organic,Starter,29,2024-06-01,,0,60.02
1690,2023-10-01,Mid-Market,Paid Search,Scale,299,,,299,388.18
1691,2024-10-01,SMB,Outbound Sales,Growth,99,,Scale,299,1562.02
1692,2024-11-01,SMB,Partner,Starter,29,,Growth,99,315.96
1693,2023-07-01,SMB,Paid Search,Starter,29,,,29,420.63
1694,2023-08-01,Mid-Market,Organic,Starter,29,2023-11-01,,0,62.5
1695,2023-04-01,SMB,Outbound Sales,Growth,99,2024-08-01,,0,1090.71
1696,2024-01-01,SMB,Organic,Scale,299,2024-12-01,,0,65.8
1697,2023-08-01,SMB,Outbound Sales,Starter,29,,,29,1261.13
1698,2024-01-01,SMB,Partner,Starter,29,2024-10-01,,0,312.98
1699,2023-01-01,SMB,Outbound Sales,Enterprise,799,2023-03-01,,0,1529.38
1700,2023-07-01,Mid-Market,Organic,Scale,299,,,299,56.29
1701,2023-08-01,SMB,Referral,Scale,299,,Enterprise,799,73.33
1702,2024-06-01,SMB,Organic,Starter,29,2024-11-01,,0,48.02
1703,2023-07-01,Mid-Market,Partner,Starter,29,,,29,343.18
1704,2024-06-01,SMB,Outbound Sales,Starter,29,,,29,1375.12
1705,2023-12-01,Mid-Market,Referral,Scale,299,,,299,95.42
1706,2024-09-01,Mid-Market,Organic,Starter,29,,Growth,99,62.32
1707,2023-03-01,SMB,Referral,Starter,29,2024-07-01,,0,78.08
1708,2023-08-01,SMB,Outbound Sales,Starter,29,,,29,1100.65
1709,2023-12-01,SMB,Referral,Growth,99,,,99,80.76
1710,2024-11-01,SMB,Paid Search,Growth,99,,Scale,299,502.47
1711,2023-02-01,SMB,Organic,Growth,99,2023-06-01,,0,58.03
1712,2023-10-01,SMB,Organic,Growth,99,2023-12-01,,0,70.2
1713,2023-06-01,Mid-Market,Paid Search,Starter,29,,,29,379.72
1714,2023-01-01,Mid-Market,Paid Search,Starter,29,,Growth,99,456.19
1715,2023-04-01,SMB,Paid Search,Scale,299,,,299,340.38
1716,2024-07-01,SMB,Outbound Sales,Starter,29,,Growth,99,1087.08
1717,2024-05-01,Mid-Market,Organic,Starter,29,2024-09-01,,0,59.18
1718,2023-06-01,SMB,Paid Search,Starter,29,,,29,445.05
1719,2023-09-01,SMB,Organic,Scale,299,,,299,71.09
1720,2023-03-01,SMB,Paid Search,Growth,99,2023-07-01,,0,340.99
1721,2023-11-01,SMB,Paid Search,Starter,29,2024-10-01,,0,501.96
1722,2024-06-01,SMB,Organic,Starter,29,,,29,59.32
1723,2023-11-01,SMB,Referral,Starter,29,2024-08-01,,0,99.59
1724,2024-10-01,SMB,Referral,Starter,29,2024-12-01,,0,95.27
1725,2024-10-01,Mid-Market,Outbound Sales,Growth,99,,,99,1213.8
1726,2023-04-01,SMB,Partner,Starter,29,2023-06-01,,0,279.9
1727,2023-05-01,SMB,Organic,Starter,29,2023-09-01,,0,62.19
1728,2023-04-01,Enterprise,Referral,Growth,99,,,99,75.47
1729,2024-05-01,SMB,Organic,Growth,99,,,99,66.59
1730,2024-04-01,SMB,Paid Search,Starter,29,,,29,470.33
1731,2023-01-01,SMB,Partner,Starter,29,2023-04-01,,0,338.48
1732,2024-07-01,Mid-Market,Organic,Scale,299,,,299,68.37
1733,2024-01-01,Mid-Market,Paid Search,Starter,29,,,29,451.77
1734,2023-07-01,SMB,Organic,Starter,29,,,29,65.85
1735,2024-07-01,SMB,Paid Search,Starter,29,2024-10-01,,0,434.9
1736,2023-03-01,Enterprise,Organic,Starter,29,,,29,53.44
1737,2023-08-01,Enterprise,Referral,Scale,299,,,299,74.99
1738,2024-01-01,Mid-Market,Paid Search,Scale,299,,,299,366.0
1739,2024-04-01,Mid-Market,Outbound Sales,Growth,99,,,99,1184.28
1740,2024-02-01,SMB,Referral,Growth,99,,Scale,299,99.28
1741,2023-05-01,SMB,Organic,Starter,29,,,29,70.75
1742,2023-04-01,SMB,Outbound Sales,Starter,29,2023-10-01,,0,1519.8
1743,2024-11-01,Enterprise,Paid Search,Enterprise,799,,,799,502.69
1744,2024-11-01,SMB,Paid Search,Growth,99,,,99,343.33
1745,2023-10-01,Mid-Market,Referral,Starter,29,,,29,73.16
1746,2023-08-01,Mid-Market,Partner,Starter,29,,,29,322.03
1747,2023-09-01,SMB,Organic,Starter,29,,,29,48.61
1748,2023-06-01,SMB,Paid Search,Starter,29,2023-12-01,,0,485.64
1749,2023-12-01,Mid-Market,Paid Search,Scale,299,,,299,415.33
1750,2023-09-01,Mid-Market,Paid Search,Scale,299,,,299,491.3
1751,2023-08-01,SMB,Partner,Growth,99,,,99,269.98
1752,2024-01-01,SMB,Organic,Growth,99,,,99,63.42
1753,2023-06-01,Mid-Market,Organic,Starter,29,,,29,64.78
1754,2024-09-01,Enterprise,Organic,Growth,99,,,99,54.89
1755,2023-06-01,Mid-Market,Organic,Growth,99,2024-11-01,,0,56.81
1756,2023-06-01,Mid-Market,Referral,Growth,99,2024-06-01,,0,91.85
1757,2024-06-01,SMB,Partner,Starter,29,2024-09-01,,0,286.04
1758,2023-04-01,Mid-Market,Organic,Growth,99,,,99,59.8
1759,2024-04-01,SMB,Referral,Scale,299,,,299,88.42
1760,2024-11-01,SMB,Paid Search,Growth,99,,Scale,299,447.89
1761,2024-08-01,SMB,Outbound Sales,Growth,99,,,99,1123.92
1762,2023-09-01,Mid-Market,Organic,Starter,29,2024-11-01,,0,70.96
1763,2024-11-01,SMB,Paid Search,Scale,299,,,299,353.28
1764,2023-03-01,SMB,Paid Search,Growth,99,,,99,392.8
1765,2023-07-01,Mid-Market,Paid Search,Growth,99,,,99,337.46
1766,2024-02-01,Mid-Market,Paid Search,Starter,29,,,29,473.09
1767,2024-11-01,Mid-Market,Paid Search,Starter,29,,,29,354.9
1768,2024-03-01,SMB,Partner,Starter,29,2024-09-01,,0,273.42
1769,2024-09-01,SMB,Paid Search,Starter,29,,,29,411.9
1770,2023-06-01,Mid-Market,Organic,Growth,99,,,99,68.26
1771,2024-11-01,SMB,Referral,Growth,99,,,99,99.62
1772,2024-01-01,Enterprise,Partner,Growth,99,,,99,257.99
1773,2024-08-01,SMB,Outbound Sales,Scale,299,,,299,1321.2
1774,2023-09-01,SMB,Paid Search,Starter,29,2024-02-01,,0,391.9
1775,2024-03-01,SMB,Organic,Starter,29,2024-10-01,,0,70.76
1776,2024-10-01,Mid-Market,Organic,Starter,29,,Growth,99,68.54
1777,2023-11-01,Mid-Market,Organic,Enterprise,799,2024-09-01,,0,51.61
1778,2023-10-01,Mid-Market,Paid Search,Enterprise,799,,,799,408.18
1779,2023-01-01,Mid-Market,Paid Search,Growth,99,2023-04-01,,0,410.71
1780,2023-06-01,Mid-Market,Partner,Scale,299,,,299,355.31
1781,2023-04-01,Mid-Market,Paid Search,Scale,299,,,299,469.6
1782,2023-05-01,Mid-Market,Organic,Scale,299,,,299,67.42
1783,2023-02-01,SMB,Outbound Sales,Scale,299,2023-09-01,,0,1278.78
1784,2023-12-01,Mid-Market,Organic,Starter,29,2024-09-01,,0,64.69
1785,2023-05-01,SMB,Organic,Starter,29,2024-02-01,,0,55.69
1786,2024-06-01,SMB,Paid Search,Starter,29,,,29,474.52
1787,2023-11-01,SMB,Outbound Sales,Starter,29,,,29,1598.45
1788,2023-08-01,SMB,Partner,Growth,99,2023-10-01,,0,313.22
1789,2024-03-01,Mid-Market,Paid Search,Enterprise,799,,,799,424.83
1790,2023-04-01,SMB,Paid Search,Enterprise,799,,,799,482.58
1791,2024-04-01,SMB,Partner,Starter,29,2024-09-01,,0,348.6
1792,2024-04-01,Mid-Market,Referral,Growth,99,,,99,75.25
1793,2024-01-01,Enterprise,Paid Search,Starter,29,,,29,453.15
1794,2023-04-01,Mid-Market,Paid Search,Starter,29,,,29,441.58
1795,2023-08-01,Mid-Market,Paid Search,Growth,99,,,99,371.31
1796,2023-04-01,Enterprise,Referral,Starter,29,,,29,76.49
1797,2023-06-01,SMB,Paid Search,Starter,29,,,29,383.92
1798,2024-07-01,Mid-Market,Paid Search,Scale,299,,,299,364.39
1799,2023-07-01,SMB,Outbound Sales,Starter,29,2024-09-01,,0,1210.99
1800,2023-06-01,Mid-Market,Outbound Sales,Growth,99,,,99,1575.51
1801,2023-04-01,SMB,Organic,Starter,29,,,29,69.99
1802,2023-06-01,Enterprise,Organic,Starter,29,,,29,54.08
1803,2023-03-01,SMB,Partner,Scale,299,,,299,264.25
1804,2023-01-01,SMB,Referral,Scale,299,2023-04-01,,0,88.36
1805,2024-10-01,SMB,Organic,Starter,29,,,29,63.94
1806,2023-12-01,Mid-Market,Referral,Growth,99,,,99,76.97
1807,2024-08-01,SMB,Organic,Enterprise,799,,,799,67.62
1808,2023-02-01,Mid-Market,Partner,Starter,29,,,29,248.83
1809,2023-12-01,SMB,Outbound Sales,Growth,99,2024-11-01,,0,1141.21
1810,2023-08-01,SMB,Organic,Starter,29,2023-12-01,,0,63.27
1811,2024-11-01,SMB,Paid Search,Starter,29,,,29,370.31
1812,2024-08-01,SMB,Paid Search,Growth,99,,,99,374.48
1813,2024-04-01,Mid-Market,Paid Search,Growth,99,,,99,483.23
1814,2024-01-01,SMB,Organic,Scale,299,2024-05-01,,0,56.74
1815,2023-10-01,Enterprise,Partner,Starter,29,,,29,350.55
1816,2024-11-01,SMB,Outbound Sales,Starter,29,,,29,1138.7
1817,2024-03-01,SMB,Referral,Scale,299,,,299,105.54
1818,2023-03-01,SMB,Paid Search,Growth,99,,,99,489.67
1819,2023-07-01,Mid-Market,Paid Search,Growth,99,,,99,426.68
1820,2024-07-01,SMB,Outbound Sales,Starter,29,,Growth,99,1489.5
1821,2024-08-01,SMB,Paid Search,Growth,99,,,99,409.44
1822,2023-07-01,SMB,Referral,Enterprise,799,2024-01-01,,0,99.57
1823,2024-11-01,SMB,Partner,Starter,29,,,29,269.17
1824,2024-02-01,Enterprise,Referral,Starter,29,,,29,104.51
1825,2024-06-01,SMB,Paid Search,Growth,99,,,99,468.46
1826,2023-12-01,SMB,Outbound Sales,Starter,29,2024-11-01,,0,1475.59
1827,2024-01-01,Mid-Market,Organic,Starter,29,2024-09-01,,0,67.32
1828,2023-06-01,Mid-Market,Organic,Starter,29,,,29,56.28
1829,2024-10-01,SMB,Paid Search,Starter,29,,,29,367.91
1830,2023-08-01,Enterprise,Referral,Growth,99,,,99,84.77
1831,2023-06-01,Mid-Market,Paid Search,Growth,99,2024-06-01,,0,342.51
1832,2024-03-01,SMB,Paid Search,Growth,99,,,99,381.4
1833,2024-10-01,SMB,Referral,Starter,29,,Growth,99,93.86
1834,2023-05-01,Mid-Market,Outbound Sales,Growth,99,,,99,1537.13
1835,2024-08-01,SMB,Paid Search,Scale,299,,,299,492.29
1836,2023-03-01,Enterprise,Organic,Growth,99,2024-08-01,,0,65.33
1837,2023-10-01,Mid-Market,Paid Search,Starter,29,,Growth,99,485.83
1838,2023-01-01,SMB,Referral,Growth,99,2023-05-01,,0,82.49
1839,2023-09-01,SMB,Organic,Starter,29,,,29,64.27
1840,2024-10-01,Mid-Market,Paid Search,Starter,29,,,29,500.1
1841,2024-11-01,Mid-Market,Referral,Growth,99,,,99,93.99
1842,2024-02-01,Mid-Market,Partner,Starter,29,,,29,291.35
1843,2023-09-01,SMB,Referral,Growth,99,,,99,81.46
1844,2023-05-01,SMB,Paid Search,Scale,299,2024-07-01,,0,388.88
1845,2023-08-01,SMB,Paid Search,Growth,99,,Scale,299,370.02
1846,2024-09-01,SMB,Outbound Sales,Growth,99,,,99,1459.56
1847,2024-03-01,Mid-Market,Paid Search,Starter,29,,,29,457.63
1848,2023-09-01,Enterprise,Paid Search,Enterprise,799,,,799,466.96
1849,2023-06-01,Mid-Market,Outbound Sales,Starter,29,2023-08-01,,0,1332.42
1850,2023-04-01,Mid-Market,Paid Search,Scale,299,2024-07-01,,0,359.23
1851,2024-06-01,Enterprise,Outbound Sales,Starter,29,,,29,1307.84
1852,2024-11-01,Mid-Market,Organic,Starter,29,,,29,65.97
1853,2023-02-01,SMB,Referral,Growth,99,,,99,102.81
1854,2024-04-01,SMB,Referral,Scale,299,,Enterprise,799,74.92
1855,2024-02-01,Mid-Market,Referral,Starter,29,,Growth,99,80.78
1856,2023-11-01,Enterprise,Referral,Starter,29,,,29,106.63
1857,2023-05-01,Mid-Market,Referral,Growth,99,2024-01-01,,0,87.55
1858,2023-10-01,Enterprise,Referral,Growth,99,,,99,74.54
1859,2024-09-01,SMB,Organic,Starter,29,,,29,52.89
1860,2023-08-01,SMB,Referral,Scale,299,2023-10-01,,0,101.79
1861,2023-01-01,SMB,Partner,Scale,299,,Enterprise,799,331.14
1862,2023-09-01,Mid-Market,Outbound Sales,Starter,29,2024-10-01,,0,1197.44
1863,2024-05-01,SMB,Referral,Starter,29,2024-12-01,,0,75.66
1864,2024-09-01,SMB,Paid Search,Scale,299,,,299,349.34
1865,2024-01-01,Mid-Market,Referral,Enterprise,799,,,799,89.99
1866,2023-08-01,Enterprise,Referral,Enterprise,799,,,799,97.04
1867,2024-02-01,SMB,Paid Search,Growth,99,,Scale,299,390.39
1868,2023-07-01,Mid-Market,Referral,Scale,299,,,299,75.1
1869,2024-04-01,SMB,Paid Search,Starter,29,2024-10-01,,0,418.66
1870,2024-02-01,SMB,Outbound Sales,Growth,99,,,99,1198.24
1871,2023-11-01,SMB,Outbound Sales,Starter,29,,,29,1177.7
1872,2024-01-01,Mid-Market,Organic,Scale,299,2024-08-01,,0,66.59
1873,2023-11-01,Mid-Market,Outbound Sales,Growth,99,,,99,1406.38
1874,2024-11-01,Enterprise,Paid Search,Growth,99,,Scale,299,388.94
1875,2024-01-01,Mid-Market,Paid Search,Growth,99,,Scale,299,413.37
1876,2024-01-01,SMB,Paid Search,Starter,29,2024-03-01,,0,373.62
1877,2023-05-01,SMB,Referral,Growth,99,2023-12-01,,0,92.22
1878,2023-08-01,Mid-Market,Paid Search,Starter,29,,,29,463.18
1879,2024-03-01,Mid-Market,Referral,Scale,299,,Enterprise,799,87.42
1880,2024-01-01,Enterprise,Paid Search,Growth,99,,,99,400.47
1881,2024-01-01,Mid-Market,Paid Search,Scale,299,,,299,378.3
1882,2024-04-01,SMB,Paid Search,Growth,99,2024-07-01,,0,390.34
1883,2024-02-01,Mid-Market,Organic,Starter,29,,Growth,99,56.64
1884,2024-09-01,SMB,Paid Search,Growth,99,,,99,388.55
1885,2024-08-01,Enterprise,Outbound Sales,Starter,29,,,29,1128.77
1886,2024-08-01,Mid-Market,Referral,Starter,29,,,29,77.32
1887,2023-04-01,SMB,Referral,Growth,99,2023-06-01,,0,107.86
1888,2024-08-01,Mid-Market,Paid Search,Growth,99,,,99,396.99
1889,2024-04-01,Mid-Market,Organic,Starter,29,2024-09-01,,0,67.33
1890,2024-06-01,Mid-Market,Outbound Sales,Scale,299,,,299,1467.34
1891,2023-09-01,Enterprise,Partner,Enterprise,799,,,799,307.7
1892,2023-11-01,Mid-Market,Partner,Starter,29,2024-08-01,,0,293.98
1893,2023-08-01,Mid-Market,Organic,Growth,99,,,99,63.97
1894,2024-09-01,Mid-Market,Referral,Enterprise,799,,,799,93.03
1895,2024-01-01,SMB,Referral,Starter,29,,,29,98.42
1896,2024-01-01,Mid-Market,Partner,Starter,29,2024-12-01,,0,359.26
1897,2023-01-01,Mid-Market,Referral,Scale,299,2023-04-01,,0,83.34
1898,2024-02-01,SMB,Organic,Starter,29,2024-09-01,,0,56.01
1899,2023-02-01,SMB,Referral,Starter,29,2023-05-01,,0,96.81
1900,2024-10-01,Mid-Market,Paid Search,Growth,99,,Scale,299,477.88
1901,2023-09-01,Enterprise,Paid Search,Starter,29,,,29,367.91
1902,2023-08-01,SMB,Referral,Starter,29,,,29,102.77
1903,2023-07-01,Mid-Market,Paid Search,Starter,29,,,29,486.6
1904,2024-07-01,SMB,Organic,Starter,29,2024-12-01,,0,57.48
1905,2023-07-01,SMB,Partner,Starter,29,2024-02-01,,0,271.99
1906,2024-01-01,SMB,Referral,Starter,29,,,29,86.42
1907,2024-09-01,SMB,Referral,Starter,29,,,29,78.72
1908,2023-12-01,SMB,Partner,Starter,29,2024-01-01,,0,247.1
1909,2023-09-01,Mid-Market,Paid Search,Growth,99,,,99,469.94
1910,2023-10-01,Mid-Market,Organic,Growth,99,,,99,61.68
1911,2023-10-01,Mid-Market,Outbound Sales,Scale,299,2024-10-01,,0,1346.82
1912,2023-03-01,Mid-Market,Paid Search,Starter,29,,,29,371.95
1913,2023-03-01,Mid-Market,Referral,Scale,299,,,299,91.89
1914,2024-09-01,Mid-Market,Paid Search,Starter,29,,,29,403.48
1915,2023-05-01,SMB,Paid Search,Starter,29,,,29,421.04
1916,2024-06-01,SMB,Referral,Growth,99,,,99,75.27
1917,2023-11-01,Mid-Market,Referral,Scale,299,,,299,105.22
1918,2023-07-01,SMB,Organic,Starter,29,,,29,66.34
1919,2024-02-01,Enterprise,Organic,Growth,99,,,99,65.79
1920,2024-04-01,SMB,Organic,Growth,99,2024-06-01,,0,61.96
1921,2024-08-01,Mid-Market,Outbound Sales,Starter,29,,,29,1202.93
1922,2024-02-01,Mid-Market,Referral,Starter,29,2024-12-01,,0,75.73
1923,2023-05-01,Enterprise,Referral,Starter,29,,,29,85.01
1924,2023-12-01,SMB,Referral,Growth,99,,,99,86.86
1925,2024-02-01,Mid-Market,Organic,Growth,99,,,99,66.26
1926,2024-06-01,SMB,Organic,Growth,99,,,99,51.56
1927,2024-03-01,SMB,Paid Search,Growth,99,2024-11-01,,0,473.23
1928,2024-09-01,SMB,Partner,Starter,29,2024-12-01,,0,293.15
1929,2023-09-01,Mid-Market,Referral,Starter,29,2023-11-01,,0,100.8
1930,2024-06-01,Mid-Market,Referral,Starter,29,,,29,89.81
1931,2024-11-01,SMB,Paid Search,Growth,99,,,99,344.66
1932,2023-06-01,SMB,Organic,Starter,29,2023-08-01,,0,62.59
1933,2023-06-01,SMB,Paid Search,Growth,99,,Scale,299,407.77
1934,2023-07-01,SMB,Outbound Sales,Starter,29,2024-11-01,,0,1328.02
1935,2023-02-01,SMB,Partner,Growth,99,,,99,333.91
1936,2023-12-01,SMB,Paid Search,Starter,29,2024-07-01,,0,373.39
1937,2024-09-01,SMB,Paid Search,Starter,29,,,29,340.31
1938,2023-08-01,SMB,Paid Search,Growth,99,2023-11-01,,0,384.07
1939,2024-08-01,Mid-Market,Paid Search,Enterprise,799,,,799,362.06
1940,2024-01-01,SMB,Paid Search,Scale,299,,,299,393.76
1941,2023-03-01,SMB,Organic,Growth,99,2023-08-01,,0,52.99
1942,2023-03-01,SMB,Paid Search,Scale,299,2024-10-01,,0,352.3
1943,2023-04-01,SMB,Paid Search,Growth,99,,,99,475.03
1944,2023-04-01,SMB,Paid Search,Starter,29,,,29,371.19
1945,2024-11-01,SMB,Paid Search,Starter,29,,,29,397.12
1946,2024-05-01,Mid-Market,Paid Search,Enterprise,799,,,799,336.31
1947,2023-07-01,Mid-Market,Referral,Growth,99,2024-09-01,,0,99.78
1948,2023-06-01,SMB,Paid Search,Growth,99,,,99,413.83
1949,2023-09-01,Mid-Market,Organic,Starter,29,2024-02-01,,0,68.75
1950,2024-03-01,Mid-Market,Paid Search,Growth,99,2024-11-01,,0,344.88
1951,2024-08-01,SMB,Paid Search,Enterprise,799,,,799,363.52
1952,2023-09-01,SMB,Partner,Starter,29,2024-09-01,,0,270.92
1953,2024-10-01,SMB,Paid Search,Starter,29,,Growth,99,485.21
1954,2023-01-01,Mid-Market,Organic,Enterprise,799,2023-03-01,,0,56.5
1955,2024-01-01,Enterprise,Referral,Enterprise,799,,,799,78.73
1956,2024-06-01,Mid-Market,Organic,Growth,99,,,99,67.24
1957,2023-05-01,SMB,Outbound Sales,Starter,29,,,29,1243.25
1958,2024-07-01,Mid-Market,Organic,Starter,29,2024-10-01,,0,56.39
1959,2023-01-01,SMB,Partner,Starter,29,,,29,318.55
1960,2024-01-01,Mid-Market,Paid Search,Starter,29,,,29,400.48
1961,2023-07-01,Mid-Market,Organic,Starter,29,,,29,48.4
1962,2023-12-01,SMB,Organic,Growth,99,,,99,71.74
1963,2023-05-01,Mid-Market,Partner,Growth,99,2024-06-01,,0,268.64
1964,2024-04-01,SMB,Organic,Growth,99,,Scale,299,53.86
1965,2024-02-01,Mid-Market,Referral,Scale,299,,Enterprise,799,76.82
1966,2024-09-01,Mid-Market,Paid Search,Enterprise,799,,,799,362.54
1967,2023-09-01,Mid-Market,Referral,Starter,29,,Growth,99,90.07
1968,2023-04-01,SMB,Outbound Sales,Enterprise,799,,,799,1587.46
1969,2023-09-01,Mid-Market,Partner,Growth,99,,,99,323.66
1970,2024-04-01,SMB,Referral,Growth,99,,,99,95.67
1971,2024-08-01,SMB,Paid Search,Scale,299,,Enterprise,799,396.73
1972,2024-07-01,Enterprise,Outbound Sales,Starter,29,,Growth,99,1519.08
1973,2024-02-01,Mid-Market,Outbound Sales,Scale,299,,,299,1335.61
1974,2024-02-01,Mid-Market,Paid Search,Growth,99,2024-05-01,,0,412.86
1975,2023-11-01,SMB,Paid Search,Starter,29,,,29,503.08
1976,2023-08-01,SMB,Partner,Growth,99,,,99,313.07
1977,2023-10-01,SMB,Outbound Sales,Starter,29,,,29,1548.82
1978,2024-02-01,SMB,Organic,Enterprise,799,,,799,60.59
1979,2024-10-01,SMB,Organic,Enterprise,799,,,799,51.88
1980,2024-01-01,Mid-Market,Organic,Starter,29,,,29,71.69
1981,2024-05-01,Enterprise,Outbound Sales,Starter,29,2024-07-01,,0,1434.06
1982,2023-09-01,SMB,Referral,Scale,299,,,299,77.35
1983,2023-09-01,SMB,Paid Search,Starter,29,,,29,460.33
1984,2023-09-01,Enterprise,Outbound Sales,Growth,99,,Scale,299,1317.14
1985,2023-07-01,SMB,Organic,Starter,29,2024-01-01,,0,67.74
1986,2023-07-01,SMB,Outbound Sales,Growth,99,,,99,1229.62
1987,2024-06-01,SMB,Organic,Growth,99,,,99,70.62
1988,2024-02-01,Mid-Market,Outbound Sales,Scale,299,,Enterprise,799,1240.51
1989,2024-04-01,Enterprise,Organic,Growth,99,,Scale,299,71.93
1990,2023-06-01,SMB,Partner,Starter,29,2024-06-01,,0,324.02
1991,2024-09-01,Mid-Market,Referral,Scale,299,,Enterprise,799,106.97
1992,2024-10-01,SMB,Partner,Growth,99,,,99,326.9
1993,2024-04-01,Enterprise,Outbound Sales,Starter,29,,,29,1487.25
1994,2024-04-01,Mid-Market,Paid Search,Growth,99,,,99,356.39
1995,2023-11-01,Mid-Market,Organic,Growth,99,2024-04-01,,0,48.36
1996,2023-02-01,SMB,Referral,Starter,29,2023-10-01,,0,75.11
1997,2023-03-01,SMB,Paid Search,Scale,299,2024-02-01,,0,409.46
1998,2024-03-01,SMB,Partner,Growth,99,,,99,288.25
1999,2024-03-01,Enterprise,Organic,Scale,299,,,299,52.41
2000,2023-12-01,Mid-Market,Outbound Sales,Growth,99,,Scale,299,1103.47
2001,2023-02-01,SMB,Outbound Sales,Scale,299,,,299,1453.73
2002,2023-07-01,SMB,Organic,Growth,99,,,99,52.75
2003,2024-05-01,SMB,Outbound Sales,Starter,29,2024-12-01,,0,1608.42
2004,2023-06-01,Mid-Market,Organic,Scale,299,,,299,50.48
2005,2024-05-01,Enterprise,Partner,Enterprise,799,,,799,283.63
2006,2023-09-01,Mid-Market,Outbound Sales,Scale,299,,,299,1338.62
2007,2024-08-01,Enterprise,Referral,Starter,29,,Growth,99,79.87
2008,2024-07-01,Enterprise,Paid Search,Enterprise,799,,,799,420.56
2009,2024-08-01,Mid-Market,Referral,Starter,29,,,29,76.48
2010,2024-02-01,Mid-Market,Referral,Growth,99,2024-12-01,,0,72.06
2011,2023-07-01,SMB,Referral,Growth,99,2023-09-01,,0,97.14
2012,2023-01-01,SMB,Paid Search,Starter,29,2024-01-01,,0,476.2
2013,2023-04-01,SMB,Referral,Growth,99,2023-07-01,,0,92.69
2014,2023-07-01,SMB,Paid Search,Growth,99,2024-01-01,,0,374.39
2015,2024-09-01,SMB,Organic,Growth,99,,,99,57.47
2016,2024-09-01,Enterprise,Outbound Sales,Enterprise,799,,,799,1418.2
2017,2024-02-01,SMB,Paid Search,Scale,299,2024-08-01,,0,341.47
2018,2023-11-01,Mid-Market,Paid Search,Growth,99,,,99,351.83
2019,2024-08-01,Enterprise,Paid Search,Growth,99,2024-11-01,,0,496.98
2020,2023-05-01,SMB,Organic,Growth,99,,,99,64.28
2021,2023-06-01,Mid-Market,Referral,Growth,99,,,99,97.09
2022,2024-11-01,SMB,Organic,Starter,29,,Growth,99,50.46
2023,2023-07-01,SMB,Organic,Starter,29,2023-12-01,,0,53.59
2024,2023-12-01,SMB,Referral,Scale,299,2024-03-01,,0,86.08
2025,2024-02-01,Mid-Market,Organic,Scale,299,,,299,52.93
2026,2023-05-01,SMB,Referral,Growth,99,2023-10-01,,0,101.14
2027,2024-08-01,Mid-Market,Paid Search,Growth,99,,,99,437.88
2028,2023-05-01,SMB,Organic,Starter,29,2024-06-01,,0,52.72
2029,2023-04-01,Mid-Market,Paid Search,Growth,99,,,99,465.51
2030,2023-06-01,SMB,Outbound Sales,Enterprise,799,2024-08-01,,0,1371.99
2031,2023-12-01,SMB,Outbound Sales,Enterprise,799,,,799,1192.24
2032,2023-03-01,Mid-Market,Referral,Enterprise,799,,,799,102.34
2033,2023-01-01,SMB,Organic,Starter,29,,,29,53.04
2034,2024-02-01,Mid-Market,Paid Search,Starter,29,,,29,452.03
2035,2023-10-01,Mid-Market,Paid Search,Starter,29,,Growth,99,403.18
2036,2023-12-01,Mid-Market,Partner,Starter,29,,,29,329.94
2037,2023-09-01,SMB,Paid Search,Growth,99,,,99,407.14
2038,2023-06-01,SMB,Paid Search,Scale,299,,,299,384.15
2039,2023-10-01,Enterprise,Outbound Sales,Starter,29,,,29,1598.94
2040,2024-02-01,Mid-Market,Partner,Growth,99,2024-07-01,,0,331.05
2041,2023-05-01,Mid-Market,Referral,Growth,99,,,99,101.8
2042,2024-02-01,Mid-Market,Referral,Growth,99,,,99,83.26
2043,2024-04-01,Mid-Market,Partner,Scale,299,2024-09-01,,0,281.75
2044,2024-08-01,Enterprise,Partner,Scale,299,,,299,260.74
2045,2024-11-01,SMB,Partner,Starter,29,,,29,293.61
2046,2023-07-01,Mid-Market,Paid Search,Scale,299,2023-08-01,,0,503.49
2047,2024-03-01,Mid-Market,Referral,Growth,99,,,99,93.22
2048,2023-11-01,SMB,Organic,Growth,99,,Scale,299,65.38
2049,2023-02-01,SMB,Organic,Starter,29,2023-03-01,,0,65.7
2050,2024-01-01,Mid-Market,Paid Search,Enterprise,799,,,799,370.07
2051,2023-04-01,Enterprise,Referral,Starter,29,,Growth,99,74.02
2052,2023-11-01,SMB,Referral,Starter,29,,,29,76.38
2053,2023-05-01,SMB,Partner,Starter,29,2023-11-01,,0,326.36
2054,2023-08-01,Mid-Market,Paid Search,Growth,99,2024-03-01,,0,412.57
2055,2024-05-01,Enterprise,Organic,Starter,29,,,29,69.71
2056,2024-11-01,SMB,Paid Search,Starter,29,,Growth,99,397.57
2057,2023-05-01,SMB,Paid Search,Scale,299,,,299,353.25
2058,2023-05-01,Mid-Market,Organic,Enterprise,799,,,799,71.24
2059,2023-10-01,SMB,Referral,Starter,29,,,29,86.43
2060,2024-02-01,SMB,Paid Search,Enterprise,799,,,799,478.5
2061,2023-11-01,Enterprise,Organic,Growth,99,,Scale,299,49.11
2062,2024-03-01,SMB,Outbound Sales,Starter,29,,,29,1274.05
2063,2023-04-01,Mid-Market,Partner,Growth,99,2024-09-01,,0,311.33
2064,2024-04-01,Enterprise,Paid Search,Starter,29,,,29,424.05
2065,2023-05-01,SMB,Paid Search,Scale,299,,,299,458.25
2066,2023-01-01,Mid-Market,Outbound Sales,Scale,299,,,299,1556.84
2067,2023-04-01,SMB,Referral,Starter,29,,,29,99.31
2068,2024-02-01,Mid-Market,Paid Search,Starter,29,,,29,388.1
2069,2023-09-01,SMB,Paid Search,Starter,29,2024-07-01,,0,498.85
2070,2024-05-01,SMB,Organic,Starter,29,2024-11-01,,0,70.06
2071,2023-12-01,Mid-Market,Partner,Growth,99,,,99,315.6
2072,2024-05-01,Mid-Market,Paid Search,Enterprise,799,,,799,421.68
2073,2024-07-01,Mid-Market,Paid Search,Starter,29,2024-12-01,,0,422.76
2074,2024-05-01,Mid-Market,Paid Search,Starter,29,,,29,459.51
2075,2024-04-01,SMB,Referral,Growth,99,2024-07-01,,0,89.4
2076,2024-06-01,SMB,Organic,Scale,299,,Enterprise,799,71.68
2077,2024-10-01,Mid-Market,Partner,Starter,29,,,29,325.26
2078,2023-01-01,SMB,Partner,Scale,299,2023-09-01,,0,268.58
2079,2023-02-01,SMB,Referral,Growth,99,2024-12-01,,0,95.71
2080,2023-10-01,SMB,Outbound Sales,Growth,99,,,99,1341.6
2081,2024-05-01,SMB,Paid Search,Enterprise,799,,,799,362.86
2082,2023-03-01,SMB,Organic,Growth,99,2023-08-01,,0,60.45
2083,2023-07-01,SMB,Paid Search,Starter,29,2024-01-01,,0,480.31
2084,2024-08-01,Mid-Market,Partner,Starter,29,,,29,242.96
2085,2023-11-01,Enterprise,Outbound Sales,Growth,99,,Scale,299,1539.67
2086,2023-09-01,SMB,Outbound Sales,Scale,299,,Enterprise,799,1449.99
2087,2024-09-01,Mid-Market,Paid Search,Growth,99,,,99,457.91
2088,2024-03-01,SMB,Referral,Growth,99,2024-04-01,,0,104.13
2089,2024-05-01,Mid-Market,Outbound Sales,Starter,29,2024-12-01,,0,1589.61
2090,2023-06-01,Enterprise,Partner,Starter,29,,Growth,99,275.42
2091,2023-10-01,SMB,Organic,Starter,29,2024-01-01,,0,70.06
2092,2024-03-01,SMB,Outbound Sales,Starter,29,2024-06-01,,0,1196.93
2093,2023-10-01,SMB,Outbound Sales,Growth,99,2024-02-01,,0,1157.96
2094,2024-02-01,Mid-Market,Paid Search,Starter,29,,,29,429.21
2095,2024-04-01,SMB,Organic,Growth,99,,,99,70.26
2096,2023-04-01,Mid-Market,Referral,Starter,29,2023-11-01,,0,73.96
2097,2024-10-01,SMB,Referral,Starter,29,,,29,91.01
2098,2023-12-01,Mid-Market,Outbound Sales,Growth,99,,,99,1446.39
2099,2023-07-01,Mid-Market,Partner,Growth,99,,,99,329.45
2100,2024-05-01,SMB,Outbound Sales,Growth,99,,,99,1352.12
2101,2024-05-01,SMB,Paid Search,Growth,99,,,99,432.58
2102,2023-09-01,SMB,Paid Search,Growth,99,,,99,412.22
2103,2023-12-01,SMB,Paid Search,Starter,29,,Growth,99,457.51
2104,2023-07-01,Mid-Market,Organic,Scale,299,2024-05-01,,0,57.1
2105,2023-09-01,Enterprise,Paid Search,Enterprise,799,,,799,383.11
2106,2023-12-01,SMB,Paid Search,Growth,99,,,99,380.14
2107,2024-01-01,SMB,Referral,Growth,99,2024-06-01,,0,95.52
2108,2023-09-01,SMB,Organic,Starter,29,2023-11-01,,0,70.19
2109,2024-04-01,SMB,Partner,Growth,99,2024-06-01,,0,272.84
2110,2024-11-01,SMB,Referral,Starter,29,,Growth,99,80.99
2111,2023-06-01,Enterprise,Paid Search,Growth,99,,,99,456.23
2112,2024-06-01,Mid-Market,Organic,Starter,29,2024-08-01,,0,48.22
2113,2023-06-01,Enterprise,Organic,Growth,99,,,99,68.02
2114,2024-06-01,SMB,Referral,Enterprise,799,,,799,85.65
2115,2024-07-01,SMB,Paid Search,Starter,29,,,29,487.48
2116,2023-08-01,Mid-Market,Organic,Starter,29,2024-12-01,,0,65.01
2117,2023-08-01,SMB,Referral,Growth,99,,,99,100.54
2118,2024-10-01,SMB,Referral,Starter,29,2024-12-01,,0,78.16
2119,2024-11-01,Mid-Market,Organic,Starter,29,,,29,56.74
2120,2024-10-01,SMB,Referral,Scale,299,,,299,82.1
2121,2023-04-01,Mid-Market,Paid Search,Scale,299,,Enterprise,799,456.14
2122,2024-11-01,SMB,Outbound Sales,Starter,29,,,29,1092.28
2123,2023-10-01,SMB,Paid Search,Enterprise,799,,,799,440.03
2124,2024-03-01,Mid-Market,Paid Search,Starter,29,,,29,481.84
2125,2024-05-01,SMB,Referral,Growth,99,,,99,73.57
2126,2023-08-01,SMB,Paid Search,Scale,299,2024-05-01,,0,384.84
2127,2023-11-01,Mid-Market,Paid Search,Starter,29,2024-03-01,,0,370.94
2128,2024-07-01,Mid-Market,Paid Search,Starter,29,,,29,503.68
2129,2024-04-01,SMB,Paid Search,Starter,29,2024-08-01,,0,501.58
2130,2024-11-01,SMB,Organic,Growth,99,,,99,50.98
2131,2023-09-01,SMB,Partner,Starter,29,,,29,263.37
2132,2023-04-01,Enterprise,Organic,Starter,29,,,29,48.55
2133,2023-08-01,SMB,Organic,Enterprise,799,,,799,61.59
2134,2024-02-01,SMB,Outbound Sales,Growth,99,,,99,1450.36
2135,2024-02-01,Mid-Market,Referral,Starter,29,,,29,95.56
2136,2024-05-01,SMB,Outbound Sales,Starter,29,,,29,1220.4
2137,2023-12-01,SMB,Paid Search,Starter,29,2024-01-01,,0,370.15
2138,2024-05-01,SMB,Partner,Enterprise,799,2024-11-01,,0,246.69
2139,2024-11-01,SMB,Referral,Starter,29,,,29,94.78
2140,2023-05-01,SMB,Organic,Starter,29,2023-10-01,,0,53.89
2141,2023-09-01,SMB,Referral,Starter,29,,,29,75.19
2142,2024-03-01,SMB,Organic,Scale,299,,,299,56.51
2143,2023-12-01,SMB,Outbound Sales,Starter,29,,,29,1160.17
2144,2023-02-01,SMB,Referral,Starter,29,2023-04-01,,0,90.22
2145,2024-06-01,SMB,Paid Search,Scale,299,2024-09-01,,0,361.05
2146,2023-05-01,Mid-Market,Organic,Starter,29,,,29,71.73
2147,2024-10-01,Mid-Market,Referral,Starter,29,,Growth,99,84.08
2148,2024-11-01,Mid-Market,Referral,Growth,99,,,99,89.1
2149,2024-02-01,SMB,Organic,Starter,29,2024-04-01,,0,62.32
2150,2024-05-01,SMB,Organic,Starter,29,,,29,68.42
2151,2023-08-01,Enterprise,Organic,Scale,299,,,299,70.75
2152,2023-01-01,SMB,Outbound Sales,Scale,299,2024-06-01,,0,1278.16
2153,2023-09-01,Mid-Market,Outbound Sales,Growth,99,,,99,1308.71
2154,2024-07-01,Mid-Market,Organic,Starter,29,,,29,51.62
2155,2023-01-01,SMB,Paid Search,Growth,99,2023-07-01,,0,367.86
2156,2023-01-01,SMB,Paid Search,Scale,299,2023-04-01,,0,457.33
2157,2023-10-01,Mid-Market,Organic,Scale,299,,Enterprise,799,58.45
2158,2024-04-01,Enterprise,Organic,Growth,99,,,99,68.21
2159,2024-01-01,Enterprise,Paid Search,Scale,299,,,299,424.9
2160,2023-10-01,SMB,Paid Search,Growth,99,2024-03-01,,0,383.49
2161,2023-01-01,SMB,Paid Search,Growth,99,2023-02-01,,0,450.12
2162,2023-02-01,SMB,Organic,Scale,299,,Enterprise,799,59.35
2163,2024-01-01,Enterprise,Paid Search,Enterprise,799,,,799,485.56
2164,2023-12-01,Mid-Market,Organic,Scale,299,,,299,56.92
2165,2023-11-01,SMB,Organic,Starter,29,2024-02-01,,0,54.11
2166,2024-06-01,SMB,Paid Search,Growth,99,2024-07-01,,0,409.83
2167,2024-10-01,SMB,Referral,Enterprise,799,,,799,102.57
2168,2024-04-01,Enterprise,Organic,Starter,29,2024-08-01,,0,67.79
2169,2023-03-01,SMB,Paid Search,Growth,99,,,99,486.1
2170,2023-06-01,SMB,Outbound Sales,Starter,29,2024-08-01,,0,1538.81
2171,2024-11-01,Enterprise,Organic,Scale,299,,,299,55.92
2172,2023-01-01,SMB,Partner,Starter,29,2023-02-01,,0,311.07
2173,2023-08-01,SMB,Organic,Growth,99,2024-07-01,,0,67.07
2174,2023-05-01,Enterprise,Partner,Starter,29,2024-02-01,,0,340.69
2175,2023-10-01,SMB,Referral,Starter,29,2024-11-01,,0,86.46
2176,2023-11-01,Enterprise,Organic,Scale,299,,,299,60.33
2177,2024-08-01,SMB,Outbound Sales,Growth,99,2024-10-01,,0,1236.96
2178,2024-02-01,Mid-Market,Paid Search,Starter,29,,,29,453.24
2179,2023-03-01,Mid-Market,Outbound Sales,Starter,29,,,29,1442.8
2180,2024-01-01,SMB,Partner,Growth,99,,,99,310.85
2181,2023-03-01,SMB,Paid Search,Starter,29,,,29,441.39
2182,2023-10-01,SMB,Referral,Starter,29,2024-03-01,,0,104.35
2183,2024-11-01,Enterprise,Referral,Growth,99,,,99,101.52
2184,2023-06-01,Enterprise,Referral,Growth,99,,,99,76.49
2185,2023-06-01,SMB,Referral,Scale,299,,,299,95.14
2186,2024-01-01,SMB,Referral,Starter,29,2024-07-01,,0,77.82
2187,2023-10-01,Mid-Market,Partner,Starter,29,,,29,257.81
2188,2023-09-01,Mid-Market,Organic,Starter,29,2023-12-01,,0,58.78
2189,2023-02-01,SMB,Partner,Growth,99,2024-01-01,,0,298.27
2190,2024-03-01,SMB,Partner,Growth,99,,,99,252.49
2191,2023-04-01,SMB,Referral,Growth,99,2024-06-01,,0,90.43
2192,2024-08-01,SMB,Organic,Scale,299,,,299,52.24
2193,2024-02-01,Mid-Market,Outbound Sales,Scale,299,,,299,1377.35
2194,2024-02-01,SMB,Organic,Starter,29,2024-09-01,,0,67.97
2195,2023-01-01,SMB,Outbound Sales,Growth,99,,,99,1126.41
2196,2024-11-01,SMB,Organic,Starter,29,,,29,57.58
2197,2024-11-01,SMB,Paid Search,Growth,99,2024-12-01,,0,375.26
2198,2024-08-01,SMB,Partner,Growth,99,2024-12-01,,0,308.96
2199,2024-04-01,Enterprise,Referral,Starter,29,,,29,104.17
2200,2024-02-01,SMB,Outbound Sales,Starter,29,,Growth,99,1186.53
2201,2024-01-01,Mid-Market,Paid Search,Growth,99,,,99,449.62
2202,2023-09-01,SMB,Paid Search,Scale,299,2024-03-01,,0,351.64
2203,2023-12-01,SMB,Paid Search,Scale,299,2024-01-01,,0,427.69
2204,2023-09-01,SMB,Organic,Starter,29,,,29,64.23
2205,2024-09-01,SMB,Paid Search,Growth,99,,,99,448.71
2206,2024-05-01,SMB,Paid Search,Starter,29,2024-08-01,,0,460.03
2207,2023-12-01,SMB,Organic,Starter,29,2024-03-01,,0,58.02
2208,2023-08-01,Mid-Market,Paid Search,Starter,29,2024-11-01,,0,463.68
2209,2023-08-01,SMB,Referral,Growth,99,2024-02-01,,0,89.02
2210,2024-05-01,SMB,Referral,Scale,299,,,299,83.63
2211,2024-10-01,SMB,Paid Search,Starter,29,,,29,390.09
2212,2023-02-01,SMB,Organic,Scale,299,,,299,52.22
2213,2023-03-01,SMB,Outbound Sales,Starter,29,,Growth,99,1469.11
2214,2024-05-01,SMB,Referral,Starter,29,2024-08-01,,0,77.67
2215,2023-04-01,Enterprise,Paid Search,Growth,99,2023-10-01,,0,442.88
2216,2024-05-01,Enterprise,Referral,Growth,99,2024-11-01,,0,95.95
2217,2024-10-01,SMB,Referral,Growth,99,,,99,82.32
2218,2023-04-01,SMB,Paid Search,Scale,299,2024-10-01,,0,418.09
2219,2023-07-01,SMB,Referral,Enterprise,799,,,799,96.15
2220,2024-07-01,SMB,Paid Search,Starter,29,,Growth,99,336.03
2221,2023-11-01,Mid-Market,Paid Search,Starter,29,,,29,382.16
2222,2023-09-01,SMB,Paid Search,Starter,29,2024-08-01,,0,399.78
2223,2024-03-01,SMB,Referral,Starter,29,,,29,105.51
2224,2023-04-01,Mid-Market,Referral,Scale,299,,,299,88.71
2225,2024-11-01,Mid-Market,Referral,Scale,299,,,299,90.25
2226,2024-05-01,Mid-Market,Outbound Sales,Scale,299,,,299,1438.63
2227,2024-02-01,Enterprise,Paid Search,Scale,299,,,299,411.85
2228,2023-07-01,Mid-Market,Paid Search,Starter,29,,Growth,99,408.64
2229,2023-06-01,SMB,Paid Search,Starter,29,2023-08-01,,0,499.7
2230,2024-11-01,SMB,Outbound Sales,Growth,99,,,99,1518.65
2231,2024-08-01,SMB,Referral,Growth,99,,Scale,299,97.26
2232,2023-04-01,SMB,Organic,Scale,299,2023-07-01,,0,59.53
2233,2023-09-01,Enterprise,Paid Search,Growth,99,,,99,394.18
2234,2023-08-01,SMB,Referral,Growth,99,2024-05-01,,0,93.31
2235,2024-11-01,Mid-Market,Organic,Scale,299,,,299,58.71
2236,2023-10-01,SMB,Organic,Scale,299,2024-07-01,,0,59.2
2237,2024-02-01,Mid-Market,Referral,Scale,299,2024-12-01,,0,79.98
2238,2023-10-01,SMB,Paid Search,Starter,29,,Growth,99,468.93
2239,2024-04-01,SMB,Organic,Starter,29,2024-11-01,,0,66.99
2240,2024-06-01,SMB,Paid Search,Scale,299,,,299,386.56
2241,2023-06-01,Enterprise,Referral,Scale,299,,,299,82.41
2242,2024-08-01,SMB,Organic,Starter,29,,,29,54.67
2243,2023-06-01,SMB,Referral,Starter,29,2023-09-01,,0,77.86
2244,2023-07-01,Mid-Market,Paid Search,Growth,99,,,99,480.18
2245,2023-12-01,SMB,Organic,Starter,29,2024-10-01,,0,54.37
2246,2024-03-01,Mid-Market,Paid Search,Starter,29,,,29,453.37
2247,2024-09-01,SMB,Organic,Growth,99,,,99,50.39
2248,2023-03-01,SMB,Organic,Growth,99,,Scale,299,65.65
2249,2023-02-01,SMB,Referral,Starter,29,2024-03-01,,0,77.3
2250,2023-12-01,SMB,Outbound Sales,Growth,99,2024-01-01,,0,1165.76
2251,2023-07-01,SMB,Referral,Enterprise,799,,,799,101.94
2252,2023-09-01,Mid-Market,Paid Search,Growth,99,,,99,384.87
2253,2023-02-01,Enterprise,Referral,Starter,29,,,29,78.21
2254,2023-10-01,SMB,Outbound Sales,Starter,29,2023-12-01,,0,1369.92
2255,2024-01-01,SMB,Partner,Starter,29,,,29,248.98
2256,2023-08-01,Enterprise,Organic,Growth,99,,Scale,299,65.05
2257,2023-02-01,SMB,Outbound Sales,Enterprise,799,,,799,1534.33
2258,2023-09-01,Mid-Market,Paid Search,Scale,299,,,299,377.73
2259,2023-05-01,Mid-Market,Referral,Growth,99,2023-10-01,,0,97.13
2260,2024-09-01,SMB,Paid Search,Growth,99,,,99,345.04
2261,2024-02-01,SMB,Outbound Sales,Starter,29,,,29,1338.13
2262,2023-10-01,Mid-Market,Referral,Scale,299,2024-07-01,,0,106.27
2263,2023-08-01,Enterprise,Organic,Scale,299,,,299,60.91
2264,2023-05-01,Enterprise,Organic,Starter,29,,,29,57.86
2265,2023-07-01,Mid-Market,Organic,Starter,29,,,29,48.14
2266,2023-06-01,SMB,Referral,Scale,299,2024-01-01,,0,81.21
2267,2023-03-01,SMB,Referral,Starter,29,2023-09-01,,0,87.43
2268,2023-01-01,SMB,Organic,Starter,29,,Growth,99,57.06
2269,2024-02-01,Enterprise,Paid Search,Growth,99,,Scale,299,409.74
2270,2024-11-01,SMB,Outbound Sales,Enterprise,799,,,799,1092.77
2271,2023-10-01,Enterprise,Referral,Growth,99,,,99,91.12
2272,2024-01-01,Mid-Market,Paid Search,Starter,29,2024-08-01,,0,378.23
2273,2024-11-01,SMB,Outbound Sales,Starter,29,,,29,1296.32
2274,2023-12-01,SMB,Referral,Growth,99,2024-02-01,,0,103.91
2275,2023-04-01,SMB,Organic,Enterprise,799,2024-11-01,,0,67.87
2276,2023-05-01,SMB,Paid Search,Growth,99,,,99,402.86
2277,2024-01-01,SMB,Paid Search,Enterprise,799,2024-07-01,,0,345.08
2278,2023-01-01,SMB,Outbound Sales,Enterprise,799,2024-04-01,,0,1560.01
2279,2023-03-01,SMB,Referral,Growth,99,,Scale,299,86.36
2280,2023-05-01,Mid-Market,Organic,Starter,29,,,29,59.51
2281,2023-10-01,Mid-Market,Partner,Scale,299,,,299,250.28
2282,2023-06-01,SMB,Outbound Sales,Growth,99,2024-07-01,,0,1453.97
2283,2023-08-01,SMB,Organic,Growth,99,2024-02-01,,0,65.09
2284,2024-02-01,SMB,Referral,Starter,29,,,29,86.71
2285,2024-03-01,Mid-Market,Paid Search,Starter,29,,,29,485.33
2286,2024-04-01,Mid-Market,Paid Search,Scale,299,2024-06-01,,0,344.17
2287,2024-02-01,SMB,Partner,Scale,299,,,299,276.9
2288,2024-01-01,SMB,Referral,Enterprise,799,,,799,79.45
2289,2023-09-01,SMB,Paid Search,Scale,299,,,299,453.25
2290,2024-09-01,SMB,Paid Search,Scale,299,,,299,370.38
2291,2024-01-01,Mid-Market,Organic,Enterprise,799,,,799,64.87
2292,2023-10-01,SMB,Paid Search,Growth,99,,Scale,299,469.82
2293,2024-08-01,Enterprise,Organic,Growth,99,,,99,66.8
2294,2023-08-01,Enterprise,Paid Search,Scale,299,2024-12-01,,0,340.71
2295,2023-06-01,Mid-Market,Organic,Starter,29,,,29,70.33
2296,2023-02-01,Enterprise,Organic,Growth,99,,,99,65.15
2297,2023-09-01,SMB,Referral,Starter,29,,,29,101.26
2298,2024-01-01,SMB,Outbound Sales,Growth,99,2024-05-01,,0,1428.7
2299,2024-09-01,Mid-Market,Organic,Starter,29,,,29,60.7
2300,2023-08-01,Mid-Market,Referral,Scale,299,,,299,95.21
2301,2023-12-01,SMB,Referral,Starter,29,,,29,84.96
2302,2024-02-01,Mid-Market,Outbound Sales,Starter,29,,,29,1327.22
2303,2024-07-01,SMB,Outbound Sales,Scale,299,,,299,1464.71
2304,2024-07-01,SMB,Organic,Scale,299,,,299,64.02
2305,2023-06-01,SMB,Organic,Growth,99,2024-08-01,,0,62.24
2306,2024-08-01,SMB,Referral,Starter,29,,Growth,99,73.77
2307,2024-03-01,Mid-Market,Organic,Growth,99,,,99,54.91
2308,2024-02-01,Mid-Market,Paid Search,Growth,99,,,99,437.38
2309,2023-12-01,SMB,Referral,Growth,99,,,99,88.69
2310,2023-12-01,SMB,Paid Search,Growth,99,,,99,392.8
2311,2024-01-01,SMB,Partner,Starter,29,,,29,326.04
2312,2024-07-01,Mid-Market,Organic,Starter,29,,,29,57.29
2313,2024-01-01,SMB,Paid Search,Growth,99,2024-10-01,,0,488.61
2314,2024-04-01,Mid-Market,Organic,Starter,29,,,29,60.76
2315,2023-07-01,SMB,Outbound Sales,Growth,99,,Scale,299,1341.09
2316,2024-05-01,SMB,Paid Search,Growth,99,2024-06-01,,0,392.65
2317,2023-08-01,Mid-Market,Referral,Growth,99,2024-09-01,,0,76.83
2318,2023-11-01,SMB,Referral,Starter,29,2024-08-01,,0,72.35
2319,2023-04-01,Mid-Market,Organic,Enterprise,799,2024-12-01,,0,64.25
2320,2023-07-01,Mid-Market,Referral,Scale,299,,,299,74.35
2321,2023-03-01,Enterprise,Organic,Growth,99,,,99,55.8
2322,2023-06-01,Mid-Market,Paid Search,Starter,29,2024-12-01,,0,483.11
2323,2023-08-01,SMB,Paid Search,Starter,29,2024-09-01,,0,416.32
2324,2023-09-01,SMB,Organic,Starter,29,,,29,69.2
2325,2024-06-01,SMB,Referral,Starter,29,,,29,74.21
2326,2024-02-01,SMB,Outbound Sales,Starter,29,2024-10-01,,0,1535.43
2327,2024-09-01,SMB,Organic,Scale,299,2024-10-01,,0,70.36
2328,2024-03-01,Mid-Market,Paid Search,Starter,29,,,29,489.49
2329,2024-01-01,Mid-Market,Partner,Growth,99,,,99,280.38
2330,2023-04-01,SMB,Organic,Scale,299,2023-05-01,,0,50.28
2331,2024-07-01,SMB,Referral,Growth,99,,,99,104.94
2332,2023-12-01,SMB,Organic,Growth,99,,,99,51.78
2333,2024-02-01,SMB,Referral,Starter,29,,Growth,99,91.66
2334,2024-08-01,SMB,Referral,Enterprise,799,,,799,86.67
2335,2024-06-01,SMB,Partner,Growth,99,,,99,354.94
2336,2023-11-01,SMB,Paid Search,Starter,29,2024-05-01,,0,405.88
2337,2024-06-01,SMB,Referral,Growth,99,,,99,85.33
2338,2023-01-01,SMB,Referral,Growth,99,,,99,93.12
2339,2024-07-01,SMB,Referral,Enterprise,799,,,799,91.0
2340,2024-01-01,SMB,Referral,Starter,29,2024-08-01,,0,88.28
2341,2024-09-01,SMB,Paid Search,Starter,29,2024-11-01,,0,420.44
2342,2023-04-01,Mid-Market,Referral,Starter,29,,,29,75.54
2343,2024-05-01,SMB,Paid Search,Starter,29,2024-09-01,,0,493.07
2344,2024-04-01,SMB,Paid Search,Scale,299,2024-11-01,,0,378.06
2345,2024-05-01,SMB,Organic,Starter,29,,,29,61.68
2346,2023-12-01,SMB,Paid Search,Starter,29,,,29,341.96
2347,2023-11-01,SMB,Outbound Sales,Growth,99,2024-05-01,,0,1239.66
2348,2024-06-01,SMB,Referral,Starter,29,2024-10-01,,0,96.79
2349,2023-12-01,SMB,Paid Search,Growth,99,2024-04-01,,0,412.84
2350,2024-06-01,SMB,Organic,Growth,99,,,99,65.52
2351,2024-04-01,Mid-Market,Paid Search,Starter,29,2024-07-01,,0,362.11
2352,2024-06-01,SMB,Organic,Starter,29,,Growth,99,71.71
2353,2023-08-01,Mid-Market,Referral,Starter,29,,,29,88.05
2354,2023-09-01,Mid-Market,Paid Search,Starter,29,2023-11-01,,0,426.52
2355,2024-06-01,Enterprise,Paid Search,Starter,29,,,29,379.27
2356,2024-11-01,SMB,Paid Search,Growth,99,,,99,392.98
2357,2023-04-01,SMB,Paid Search,Starter,29,,,29,445.97
2358,2023-04-01,Mid-Market,Paid Search,Growth,99,,Scale,299,393.41
2359,2023-08-01,SMB,Referral,Starter,29,,,29,97.87
2360,2023-01-01,Mid-Market,Paid Search,Starter,29,,,29,384.02
2361,2024-04-01,Mid-Market,Paid Search,Growth,99,,,99,464.6
2362,2024-02-01,Mid-Market,Paid Search,Growth,99,,,99,449.39
2363,2023-02-01,SMB,Paid Search,Starter,29,2023-08-01,,0,371.63
2364,2023-12-01,Enterprise,Referral,Growth,99,,,99,73.8
2365,2024-08-01,SMB,Outbound Sales,Starter,29,2024-12-01,,0,1582.31
2366,2023-07-01,SMB,Outbound Sales,Scale,299,,,299,1207.0
2367,2023-03-01,SMB,Paid Search,Starter,29,,,29,432.97
2368,2023-12-01,SMB,Organic,Enterprise,799,,,799,55.15
2369,2024-03-01,Mid-Market,Paid Search,Enterprise,799,,,799,446.58
2370,2023-08-01,SMB,Paid Search,Growth,99,2024-03-01,,0,453.81
2371,2023-06-01,SMB,Outbound Sales,Starter,29,2023-11-01,,0,1120.13
2372,2024-04-01,Mid-Market,Organic,Starter,29,2024-08-01,,0,49.2
2373,2023-12-01,Mid-Market,Organic,Growth,99,2024-10-01,,0,71.78
2374,2023-05-01,Mid-Market,Outbound Sales,Starter,29,2023-06-01,,0,1494.74
2375,2024-03-01,SMB,Referral,Growth,99,,,99,81.42
2376,2024-03-01,Mid-Market,Organic,Growth,99,,Scale,299,59.79
2377,2024-11-01,SMB,Paid Search,Growth,99,,,99,496.94
2378,2023-06-01,Enterprise,Organic,Enterprise,799,,,799,61.05
2379,2024-10-01,SMB,Paid Search,Starter,29,2024-11-01,,0,406.44
2380,2024-06-01,Mid-Market,Outbound Sales,Starter,29,,,29,1100.29
2381,2024-01-01,SMB,Partner,Scale,299,2024-02-01,,0,310.17
2382,2024-01-01,SMB,Paid Search,Growth,99,2024-02-01,,0,484.12
2383,2024-08-01,SMB,Paid Search,Growth,99,,,99,427.19
2384,2023-08-01,SMB,Referral,Growth,99,,,99,100.14
2385,2024-07-01,SMB,Outbound Sales,Growth,99,2024-08-01,,0,1558.43
2386,2023-12-01,SMB,Outbound Sales,Enterprise,799,2024-05-01,,0,1299.95
2387,2024-07-01,Enterprise,Outbound Sales,Growth,99,,,99,1302.25
2388,2024-08-01,Mid-Market,Paid Search,Starter,29,,,29,490.79
2389,2023-09-01,SMB,Partner,Growth,99,,Scale,299,280.87
2390,2023-04-01,Enterprise,Partner,Starter,29,2024-05-01,,0,319.38
2391,2024-03-01,SMB,Outbound Sales,Starter,29,2024-04-01,,0,1414.74
2392,2024-07-01,Mid-Market,Referral,Starter,29,,,29,89.47
2393,2023-05-01,Mid-Market,Paid Search,Growth,99,,,99,443.85
2394,2024-01-01,Enterprise,Paid Search,Growth,99,,,99,454.13
2395,2024-10-01,SMB,Paid Search,Growth,99,,,99,491.37
2396,2024-07-01,SMB,Organic,Enterprise,799,,,799,67.22
2397,2024-10-01,Mid-Market,Paid Search,Enterprise,799,,,799,396.15
2398,2024-06-01,Mid-Market,Paid Search,Starter,29,,,29,408.6
2399,2024-07-01,SMB,Outbound Sales,Scale,299,2024-11-01,,0,1567.97
2400,2024-10-01,Mid-Market,Paid Search,Starter,29,,,29,381.51
2401,2024-05-01,SMB,Organic,Starter,29,,,29,55.8
2402,2023-12-01,SMB,Organic,Growth,99,,,99,64.54
2403,2023-10-01,Mid-Market,Referral,Growth,99,,Scale,299,75.99
2404,2023-10-01,SMB,Paid Search,Starter,29,2024-09-01,,0,468.25
2405,2023-12-01,Mid-Market,Paid Search,Starter,29,2024-07-01,,0,495.33
2406,2023-08-01,SMB,Partner,Enterprise,799,,,799,317.18
2407,2023-02-01,SMB,Paid Search,Scale,299,,,299,348.14
2408,2024-07-01,SMB,Outbound Sales,Starter,29,,,29,1208.8
2409,2024-06-01,Mid-Market,Organic,Scale,299,,,299,50.34
2410,2023-06-01,SMB,Referral,Scale,299,2024-09-01,,0,83.13
2411,2023-07-01,SMB,Outbound Sales,Growth,99,,,99,1587.36
2412,2024-05-01,Enterprise,Paid Search,Scale,299,,,299,396.35
2413,2024-07-01,Mid-Market,Outbound Sales,Enterprise,799,,,799,1179.56
2414,2023-11-01,SMB,Partner,Starter,29,2024-06-01,,0,319.39
2415,2024-02-01,SMB,Partner,Enterprise,799,,,799,347.96
2416,2024-07-01,SMB,Outbound Sales,Starter,29,2024-08-01,,0,1098.63
2417,2023-09-01,SMB,Paid Search,Starter,29,,,29,448.29
2418,2023-02-01,SMB,Paid Search,Scale,299,,,299,384.57
2419,2024-10-01,SMB,Paid Search,Growth,99,,,99,398.84
2420,2024-05-01,Mid-Market,Organic,Starter,29,2024-06-01,,0,53.69
2421,2023-08-01,Mid-Market,Referral,Scale,299,2023-12-01,,0,104.62
2422,2024-10-01,Mid-Market,Outbound Sales,Scale,299,,,299,1558.45
2423,2023-07-01,SMB,Partner,Starter,29,,,29,312.58
2424,2024-06-01,Mid-Market,Paid Search,Enterprise,799,,,799,338.7
2425,2024-03-01,SMB,Organic,Growth,99,,,99,70.72
2426,2024-09-01,Enterprise,Organic,Starter,29,,,29,59.22
2427,2024-01-01,Mid-Market,Organic,Growth,99,,,99,59.73
2428,2023-11-01,Mid-Market,Organic,Starter,29,,,29,66.55
2429,2023-04-01,SMB,Paid Search,Starter,29,,,29,439.1
2430,2023-07-01,SMB,Paid Search,Growth,99,,,99,356.4
2431,2024-04-01,Enterprise,Organic,Growth,99,2024-07-01,,0,50.53
2432,2024-01-01,Enterprise,Paid Search,Starter,29,,Growth,99,378.36
2433,2023-11-01,SMB,Partner,Starter,29,2024-06-01,,0,248.47
2434,2023-03-01,Mid-Market,Organic,Starter,29,,,29,67.99
2435,2024-04-01,Enterprise,Outbound Sales,Starter,29,,,29,1101.31
2436,2024-04-01,Mid-Market,Paid Search,Growth,99,2024-06-01,,0,494.92
2437,2023-07-01,SMB,Organic,Starter,29,,,29,50.67
2438,2024-03-01,Enterprise,Outbound Sales,Starter,29,2024-04-01,,0,1543.12
2439,2024-10-01,SMB,Partner,Growth,99,,,99,268.47
2440,2023-06-01,SMB,Referral,Growth,99,,,99,95.79
2441,2023-08-01,Mid-Market,Partner,Starter,29,2023-09-01,,0,281.05
2442,2023-06-01,Enterprise,Paid Search,Enterprise,799,2024-09-01,,0,347.3
2443,2024-02-01,SMB,Organic,Growth,99,,Scale,299,65.53
2444,2023-04-01,SMB,Outbound Sales,Scale,299,,,299,1516.25
2445,2023-09-01,SMB,Paid Search,Starter,29,2024-04-01,,0,386.19
2446,2024-09-01,Mid-Market,Partner,Scale,299,,Enterprise,799,334.15
2447,2024-09-01,Mid-Market,Organic,Starter,29,,,29,58.98
2448,2024-02-01,SMB,Referral,Enterprise,799,2024-08-01,,0,98.26
2449,2023-11-01,SMB,Organic,Growth,99,,,99,63.49
2450,2024-07-01,Mid-Market,Paid Search,Scale,299,,,299,492.22
2451,2023-03-01,Mid-Market,Referral,Growth,99,,,99,83.81
2452,2023-12-01,SMB,Paid Search,Starter,29,2024-11-01,,0,354.49
2453,2024-04-01,Mid-Market,Paid Search,Scale,299,,,299,468.43
2454,2024-03-01,Enterprise,Referral,Scale,299,,,299,101.26
2455,2024-02-01,SMB,Organic,Enterprise,799,2024-03-01,,0,48.63
2456,2023-01-01,Mid-Market,Referral,Starter,29,2024-09-01,,0,76.54
2457,2023-10-01,Mid-Market,Organic,Starter,29,,,29,67.97
2458,2024-02-01,Mid-Market,Partner,Growth,99,,Scale,299,312.07
2459,2024-07-01,Enterprise,Paid Search,Growth,99,,,99,412.08
2460,2024-11-01,SMB,Organic,Growth,99,,,99,67.84
2461,2023-04-01,Mid-Market,Paid Search,Enterprise,799,,,799,377.33
2462,2023-02-01,SMB,Referral,Scale,299,2023-08-01,,0,83.7
2463,2024-03-01,SMB,Referral,Growth,99,2024-06-01,,0,99.85
2464,2023-03-01,SMB,Referral,Starter,29,,,29,93.28
2465,2023-06-01,Mid-Market,Organic,Enterprise,799,,,799,53.0
2466,2023-12-01,SMB,Organic,Growth,99,,,99,69.46
2467,2024-04-01,Mid-Market,Organic,Scale,299,,,299,71.86
2468,2023-10-01,SMB,Referral,Enterprise,799,,,799,77.2
2469,2023-03-01,SMB,Partner,Growth,99,2023-04-01,,0,275.58
2470,2023-11-01,Enterprise,Referral,Growth,99,,,99,98.98
2471,2023-04-01,SMB,Organic,Starter,29,,,29,50.96
2472,2023-03-01,Enterprise,Referral,Growth,99,,,99,88.72
2473,2024-03-01,Enterprise,Outbound Sales,Starter,29,,,29,1197.95
2474,2024-09-01,SMB,Paid Search,Scale,299,,,299,447.62
2475,2024-02-01,SMB,Paid Search,Growth,99,2024-12-01,,0,396.44
2476,2023-07-01,Enterprise,Paid Search,Growth,99,,,99,478.49
2477,2023-09-01,SMB,Paid Search,Starter,29,,Growth,99,412.99
2478,2024-10-01,Mid-Market,Organic,Starter,29,,,29,60.88
2479,2023-08-01,SMB,Referral,Starter,29,2023-12-01,,0,104.0
2480,2023-06-01,Enterprise,Paid Search,Scale,299,,,299,465.12
2481,2024-01-01,Enterprise,Outbound Sales,Growth,99,,,99,1516.78
2482,2023-05-01,SMB,Partner,Growth,99,,,99,241.5
2483,2024-02-01,SMB,Partner,Starter,29,,,29,318.88
2484,2023-09-01,Mid-Market,Referral,Starter,29,,,29,88.77
2485,2024-01-01,SMB,Referral,Growth,99,,,99,103.81
2486,2023-08-01,SMB,Paid Search,Growth,99,,,99,342.43
2487,2024-07-01,Mid-Market,Paid Search,Starter,29,,Growth,99,477.92
2488,2024-03-01,SMB,Referral,Growth,99,2024-04-01,,0,76.88
2489,2024-10-01,SMB,Paid Search,Growth,99,,,99,435.43
2490,2024-07-01,SMB,Referral,Enterprise,799,,,799,98.16
2491,2024-08-01,SMB,Paid Search,Starter,29,,Growth,99,369.19
2492,2023-11-01,SMB,Organic,Starter,29,2024-02-01,,0,52.0
2493,2023-09-01,SMB,Paid Search,Scale,299,,Enterprise,799,450.62
2494,2024-03-01,SMB,Referral,Starter,29,,,29,78.02
2495,2023-03-01,SMB,Organic,Growth,99,,,99,60.31
2496,2024-08-01,Enterprise,Paid Search,Growth,99,,,99,380.1
2497,2024-11-01,SMB,Organic,Starter,29,,,29,48.76
2498,2024-07-01,Enterprise,Outbound Sales,Growth,99,,,99,1116.24
2499,2024-10-01,SMB,Partner,Starter,29,,Growth,99,255.77
2500,2024-01-01,SMB,Paid Search,Enterprise,799,,,799,427.6
2501,2024-08-01,Enterprise,Paid Search,Growth,99,,,99,371.52
2502,2023-08-01,SMB,Paid Search,Growth,99,,,99,478.71
2503,2024-11-01,Mid-Market,Referral,Growth,99,,,99,72.98
2504,2024-07-01,SMB,Referral,Growth,99,,,99,95.74
2505,2024-06-01,Mid-Market,Referral,Starter,29,,,29,75.22
2506,2024-10-01,SMB,Outbound Sales,Starter,29,,,29,1560.8
2507,2023-04-01,SMB,Paid Search,Enterprise,799,,,799,342.92
2508,2023-08-01,Mid-Market,Referral,Starter,29,2024-12-01,,0,77.15
2509,2023-09-01,SMB,Organic,Starter,29,2024-07-01,,0,54.66
2510,2023-05-01,SMB,Organic,Growth,99,2024-09-01,,0,50.41
2511,2023-05-01,SMB,Paid Search,Starter,29,,,29,489.14
2512,2024-06-01,SMB,Paid Search,Growth,99,,,99,358.24
2513,2023-04-01,Mid-Market,Partner,Growth,99,,,99,249.96
2514,2024-07-01,Mid-Market,Paid Search,Starter,29,,,29,346.05
2515,2024-07-01,Enterprise,Paid Search,Starter,29,2024-12-01,,0,471.41
2516,2023-04-01,Enterprise,Paid Search,Starter,29,,,29,445.18
2517,2024-10-01,SMB,Partner,Growth,99,,,99,330.83
2518,2024-02-01,SMB,Paid Search,Starter,29,,,29,454.43
2519,2024-10-01,SMB,Organic,Scale,299,,,299,71.23
2520,2023-11-01,SMB,Paid Search,Growth,99,,,99,465.1
2521,2023-09-01,Mid-Market,Partner,Scale,299,,,299,285.91
2522,2023-03-01,SMB,Outbound Sales,Growth,99,,,99,1236.48
2523,2023-11-01,SMB,Organic,Growth,99,,,99,55.01
2524,2024-09-01,SMB,Outbound Sales,Starter,29,,,29,1248.86
2525,2023-11-01,Mid-Market,Organic,Starter,29,2024-01-01,,0,52.47
2526,2024-07-01,SMB,Paid Search,Growth,99,,Scale,299,402.05
2527,2023-11-01,Enterprise,Outbound Sales,Starter,29,,Growth,99,1139.44
2528,2024-03-01,Enterprise,Organic,Growth,99,,,99,55.13
2529,2024-02-01,Mid-Market,Outbound Sales,Growth,99,,Scale,299,1174.58
2530,2024-05-01,SMB,Outbound Sales,Growth,99,2024-08-01,,0,1576.6
2531,2024-08-01,SMB,Paid Search,Scale,299,,,299,413.49
2532,2023-08-01,SMB,Partner,Starter,29,2024-02-01,,0,338.71
2533,2023-11-01,Enterprise,Paid Search,Growth,99,,,99,434.86
2534,2023-11-01,Enterprise,Outbound Sales,Scale,299,,,299,1403.21
2535,2024-10-01,SMB,Organic,Starter,29,,Growth,99,48.08
2536,2024-07-01,SMB,Referral,Starter,29,,,29,72.46
2537,2024-07-01,Mid-Market,Outbound Sales,Growth,99,2024-10-01,,0,1230.53
2538,2023-06-01,Mid-Market,Organic,Starter,29,,,29,49.42
2539,2023-10-01,Mid-Market,Outbound Sales,Enterprise,799,,,799,1229.69
2540,2024-06-01,SMB,Paid Search,Enterprise,799,,,799,439.83
2541,2023-03-01,Mid-Market,Partner,Scale,299,,,299,325.1
2542,2023-04-01,Mid-Market,Organic,Starter,29,,,29,62.69
2543,2023-01-01,SMB,Paid Search,Scale,299,2023-03-01,,0,429.14
2544,2023-04-01,Mid-Market,Organic,Starter,29,,Growth,99,49.95
2545,2024-08-01,SMB,Outbound Sales,Scale,299,,,299,1149.28
2546,2024-10-01,Mid-Market,Outbound Sales,Growth,99,,,99,1102.16
2547,2023-10-01,Mid-Market,Organic,Starter,29,,,29,67.5
2548,2023-12-01,Mid-Market,Organic,Scale,299,,,299,55.77
2549,2023-08-01,SMB,Paid Search,Growth,99,2023-09-01,,0,403.59
2550,2024-09-01,Mid-Market,Organic,Scale,299,,,299,62.98
2551,2023-06-01,Mid-Market,Paid Search,Starter,29,2024-02-01,,0,498.78
2552,2023-03-01,Enterprise,Referral,Growth,99,,,99,94.14
2553,2024-02-01,SMB,Paid Search,Scale,299,,,299,355.71
2554,2024-04-01,SMB,Paid Search,Starter,29,2024-06-01,,0,487.63
2555,2024-05-01,Mid-Market,Paid Search,Starter,29,,,29,374.58
2556,2024-02-01,Mid-Market,Organic,Scale,299,2024-03-01,,0,66.98
2557,2024-07-01,Mid-Market,Paid Search,Starter,29,,,29,461.6
2558,2023-02-01,SMB,Referral,Scale,299,2023-09-01,,0,86.94
2559,2023-01-01,Mid-Market,Paid Search,Growth,99,2023-06-01,,0,423.73
2560,2024-11-01,SMB,Outbound Sales,Growth,99,,,99,1203.45
2561,2023-04-01,Mid-Market,Organic,Starter,29,2023-07-01,,0,64.86
2562,2024-05-01,Mid-Market,Paid Search,Starter,29,,,29,500.52
2563,2023-12-01,SMB,Partner,Starter,29,2024-02-01,,0,291.26
2564,2024-04-01,SMB,Paid Search,Starter,29,2024-11-01,,0,503.65
2565,2023-07-01,Mid-Market,Organic,Growth,99,,,99,54.06
2566,2023-10-01,Enterprise,Organic,Starter,29,,,29,50.89
2567,2024-06-01,Mid-Market,Outbound Sales,Growth,99,,,99,1619.18
2568,2023-11-01,Enterprise,Referral,Growth,99,,Scale,299,85.54
2569,2024-01-01,Enterprise,Paid Search,Growth,99,,,99,480.37
2570,2024-07-01,SMB,Paid Search,Growth,99,,,99,340.96
2571,2023-01-01,Enterprise,Paid Search,Starter,29,2023-10-01,,0,441.52
2572,2024-08-01,Mid-Market,Outbound Sales,Growth,99,,,99,1081.79
2573,2024-06-01,Mid-Market,Referral,Starter,29,,,29,90.16
2574,2024-01-01,Enterprise,Outbound Sales,Starter,29,,,29,1477.74
2575,2023-11-01,SMB,Paid Search,Scale,299,,,299,440.39
2576,2023-01-01,SMB,Organic,Scale,299,2024-03-01,,0,63.06
2577,2024-01-01,Mid-Market,Paid Search,Starter,29,,,29,390.87
2578,2024-06-01,SMB,Outbound Sales,Starter,29,2024-09-01,,0,1422.22
2579,2023-03-01,SMB,Organic,Starter,29,2024-11-01,,0,68.51
2580,2024-03-01,Mid-Market,Paid Search,Growth,99,2024-12-01,,0,419.44
2581,2023-08-01,Mid-Market,Referral,Scale,299,,,299,91.5
2582,2023-08-01,SMB,Outbound Sales,Starter,29,,,29,1532.73
2583,2023-12-01,Mid-Market,Partner,Growth,99,,,99,254.62
2584,2024-05-01,Enterprise,Organic,Growth,99,,,99,62.43
2585,2024-03-01,Mid-Market,Organic,Starter,29,2024-07-01,,0,59.39
2586,2023-09-01,SMB,Partner,Growth,99,2024-03-01,,0,290.07
2587,2023-02-01,SMB,Paid Search,Growth,99,2024-10-01,,0,404.48
2588,2023-08-01,SMB,Partner,Starter,29,2024-03-01,,0,315.94
2589,2023-10-01,Mid-Market,Paid Search,Starter,29,,,29,486.79
2590,2024-05-01,SMB,Paid Search,Starter,29,,,29,445.21
2591,2023-09-01,Mid-Market,Outbound Sales,Starter,29,,,29,1222.76
2592,2024-04-01,SMB,Partner,Starter,29,2024-05-01,,0,256.54
2593,2023-10-01,SMB,Outbound Sales,Starter,29,2024-05-01,,0,1608.25
2594,2024-01-01,SMB,Organic,Growth,99,2024-12-01,,0,55.3
2595,2023-02-01,Enterprise,Outbound Sales,Scale,299,,,299,1331.74
2596,2024-05-01,SMB,Referral,Starter,29,,,29,72.62
2597,2023-05-01,Mid-Market,Organic,Starter,29,,,29,67.47
2598,2023-01-01,Mid-Market,Partner,Starter,29,,,29,335.17
2599,2023-08-01,SMB,Referral,Growth,99,2024-12-01,,0,97.01
2600,2024-07-01,SMB,Paid Search,Growth,99,,,99,395.82
2601,2023-09-01,SMB,Referral,Starter,29,2023-12-01,,0,85.45
2602,2023-09-01,SMB,Partner,Starter,29,2024-12-01,,0,299.52
2603,2023-08-01,SMB,Partner,Starter,29,2024-12-01,,0,288.24
2604,2023-01-01,SMB,Paid Search,Starter,29,2023-05-01,,0,364.3
2605,2024-06-01,SMB,Paid Search,Scale,299,,,299,374.81
2606,2023-10-01,SMB,Paid Search,Growth,99,2023-11-01,,0,391.58
2607,2024-10-01,SMB,Referral,Enterprise,799,,,799,72.72
2608,2024-09-01,Enterprise,Organic,Starter,29,,,29,56.19
2609,2023-04-01,Mid-Market,Organic,Starter,29,2024-02-01,,0,67.71
2610,2024-04-01,Mid-Market,Outbound Sales,Growth,99,,,99,1333.39
2611,2024-04-01,SMB,Referral,Scale,299,,,299,78.68
2612,2024-01-01,Enterprise,Referral,Scale,299,,,299,97.01
2613,2024-02-01,SMB,Organic,Scale,299,,,299,48.52
2614,2024-06-01,SMB,Organic,Growth,99,,,99,51.71
2615,2024-05-01,Mid-Market,Referral,Scale,299,,,299,92.96
2616,2023-03-01,Mid-Market,Paid Search,Growth,99,,,99,448.96
2617,2023-12-01,Enterprise,Outbound Sales,Starter,29,,,29,1239.16
2618,2024-07-01,SMB,Organic,Scale,299,,,299,54.67
2619,2024-02-01,SMB,Paid Search,Starter,29,,,29,339.47
2620,2024-03-01,SMB,Referral,Scale,299,,,299,82.26
2621,2024-01-01,Mid-Market,Outbound Sales,Growth,99,,Scale,299,1598.03
2622,2024-04-01,SMB,Outbound Sales,Growth,99,,,99,1294.42
2623,2023-07-01,SMB,Outbound Sales,Growth,99,,,99,1257.03
2624,2024-01-01,SMB,Organic,Starter,29,2024-12-01,,0,63.04
2625,2023-12-01,Mid-Market,Partner,Scale,299,,,299,358.69
2626,2023-07-01,SMB,Paid Search,Starter,29,2023-11-01,,0,409.54
2627,2023-05-01,SMB,Organic,Starter,29,,,29,50.28
2628,2024-01-01,Enterprise,Outbound Sales,Enterprise,799,,,799,1467.41
2629,2023-02-01,Mid-Market,Organic,Scale,299,,,299,69.54
2630,2023-04-01,SMB,Paid Search,Scale,299,,,299,450.3
2631,2023-11-01,Mid-Market,Outbound Sales,Growth,99,,,99,1348.53
2632,2023-12-01,SMB,Organic,Growth,99,,,99,53.91
2633,2024-08-01,Mid-Market,Partner,Scale,299,,,299,293.52
2634,2023-02-01,Mid-Market,Outbound Sales,Starter,29,2023-10-01,,0,1308.01
2635,2023-04-01,Mid-Market,Paid Search,Starter,29,,,29,497.73
2636,2023-03-01,SMB,Organic,Scale,299,2023-07-01,,0,48.89
2637,2024-08-01,SMB,Organic,Starter,29,,,29,56.75
2638,2023-05-01,SMB,Organic,Enterprise,799,,,799,55.47
2639,2023-08-01,SMB,Outbound Sales,Growth,99,2023-09-01,,0,1610.35
2640,2023-09-01,SMB,Organic,Starter,29,,,29,48.16
2641,2023-09-01,Enterprise,Outbound Sales,Starter,29,,,29,1237.93
2642,2024-06-01,SMB,Outbound Sales,Starter,29,,,29,1605.87
2643,2023-04-01,SMB,Referral,Growth,99,2024-02-01,,0,77.73
2644,2024-02-01,Mid-Market,Paid Search,Growth,99,,,99,468.6
2645,2023-03-01,SMB,Referral,Enterprise,799,,,799,92.29
2646,2023-09-01,Enterprise,Paid Search,Starter,29,,Growth,99,488.2
2647,2023-09-01,Mid-Market,Organic,Growth,99,2024-10-01,,0,68.95
2648,2024-10-01,Enterprise,Organic,Starter,29,,,29,61.83
2649,2024-05-01,SMB,Paid Search,Growth,99,2024-07-01,,0,429.12
2650,2023-09-01,Mid-Market,Paid Search,Growth,99,,,99,361.38
2651,2024-06-01,Enterprise,Referral,Starter,29,,,29,74.18
2652,2024-10-01,Mid-Market,Paid Search,Growth,99,,,99,458.99
2653,2023-11-01,SMB,Partner,Growth,99,,,99,313.51
2654,2023-10-01,Mid-Market,Paid Search,Starter,29,,,29,469.62
2655,2023-02-01,SMB,Paid Search,Scale,299,2023-11-01,,0,339.06
2656,2023-07-01,SMB,Organic,Growth,99,2023-11-01,,0,70.41
2657,2024-11-01,SMB,Paid Search,Growth,99,,,99,348.27
2658,2024-01-01,Mid-Market,Outbound Sales,Growth,99,2024-11-01,,0,1568.5
2659,2024-02-01,Mid-Market,Referral,Growth,99,2024-05-01,,0,78.88
2660,2023-08-01,SMB,Outbound Sales,Growth,99,,,99,1220.39
2661,2023-01-01,Mid-Market,Organic,Enterprise,799,2023-04-01,,0,68.92
2662,2024-11-01,SMB,Outbound Sales,Scale,299,,,299,1323.78
2663,2023-08-01,SMB,Referral,Starter,29,2024-02-01,,0,97.0
2664,2023-08-01,SMB,Organic,Scale,299,2024-10-01,,0,69.6
2665,2024-11-01,Enterprise,Partner,Growth,99,,,99,274.99
2666,2024-02-01,Enterprise,Outbound Sales,Starter,29,2024-08-01,,0,1153.31
2667,2024-01-01,Mid-Market,Organic,Growth,99,,,99,60.97
2668,2023-05-01,SMB,Paid Search,Starter,29,2024-02-01,,0,401.23
2669,2023-07-01,SMB,Outbound Sales,Growth,99,2024-03-01,,0,1511.33
2670,2023-10-01,Enterprise,Partner,Starter,29,,,29,240.61
2671,2023-04-01,SMB,Referral,Starter,29,2024-05-01,,0,92.89
2672,2023-09-01,SMB,Referral,Growth,99,,,99,90.57
2673,2024-04-01,SMB,Partner,Scale,299,,,299,341.97
2674,2023-10-01,SMB,Paid Search,Starter,29,2023-12-01,,0,432.86
2675,2024-06-01,Mid-Market,Referral,Growth,99,,,99,107.84
2676,2024-10-01,Mid-Market,Paid Search,Starter,29,,,29,340.46
2677,2023-06-01,Mid-Market,Paid Search,Growth,99,2023-07-01,,0,420.6
2678,2023-01-01,Mid-Market,Organic,Starter,29,2023-02-01,,0,71.42
2679,2023-07-01,SMB,Paid Search,Scale,299,,,299,494.86
2680,2024-05-01,SMB,Referral,Scale,299,,,299,79.87
2681,2024-03-01,SMB,Paid Search,Starter,29,,Growth,99,474.97
2682,2023-01-01,Mid-Market,Referral,Starter,29,2024-04-01,,0,100.99
2683,2023-12-01,Mid-Market,Outbound Sales,Starter,29,2024-11-01,,0,1599.74
2684,2024-03-01,SMB,Organic,Starter,29,2024-11-01,,0,60.22
2685,2023-11-01,SMB,Organic,Growth,99,,,99,60.7
2686,2024-05-01,Mid-Market,Paid Search,Growth,99,,,99,468.13
2687,2023-10-01,SMB,Paid Search,Enterprise,799,2023-11-01,,0,503.83
2688,2024-10-01,SMB,Organic,Starter,29,,,29,55.42
2689,2024-02-01,SMB,Referral,Growth,99,,,99,96.6
2690,2023-03-01,SMB,Partner,Enterprise,799,2023-08-01,,0,320.54
2691,2024-07-01,Enterprise,Partner,Starter,29,,,29,342.88
2692,2023-09-01,SMB,Outbound Sales,Enterprise,799,2024-03-01,,0,1430.72
2693,2023-12-01,Mid-Market,Outbound Sales,Growth,99,,,99,1327.43
2694,2024-08-01,Mid-Market,Outbound Sales,Scale,299,,,299,1247.84
2695,2023-11-01,Mid-Market,Organic,Starter,29,,,29,71.26
2696,2024-09-01,SMB,Outbound Sales,Enterprise,799,,,799,1261.3
2697,2024-04-01,SMB,Paid Search,Enterprise,799,2024-08-01,,0,378.86
2698,2024-11-01,SMB,Paid Search,Starter,29,,,29,469.17
2699,2023-09-01,SMB,Paid Search,Starter,29,2024-02-01,,0,419.61
2700,2023-11-01,SMB,Paid Search,Starter,29,2024-11-01,,0,366.79
2701,2023-04-01,Enterprise,Referral,Scale,299,2023-09-01,,0,84.93
2702,2024-06-01,SMB,Paid Search,Starter,29,2024-11-01,,0,370.18
2703,2024-06-01,Enterprise,Outbound Sales,Starter,29,2024-07-01,,0,1192.87
2704,2024-01-01,Mid-Market,Organic,Starter,29,,,29,49.82
2705,2023-05-01,SMB,Paid Search,Growth,99,2024-11-01,,0,444.39
2706,2023-04-01,SMB,Referral,Starter,29,2024-04-01,,0,85.37
2707,2024-02-01,SMB,Paid Search,Scale,299,,,299,346.0
2708,2023-11-01,SMB,Paid Search,Starter,29,2024-05-01,,0,445.37
2709,2024-04-01,Enterprise,Organic,Growth,99,,,99,55.12
2710,2024-08-01,SMB,Outbound Sales,Starter,29,,,29,1167.51
2711,2023-11-01,Enterprise,Paid Search,Growth,99,,,99,497.33
2712,2023-11-01,SMB,Referral,Starter,29,2024-01-01,,0,74.69
2713,2024-02-01,Mid-Market,Paid Search,Starter,29,,,29,400.96
2714,2024-08-01,Enterprise,Partner,Starter,29,,,29,313.86
2715,2023-06-01,SMB,Paid Search,Scale,299,2024-06-01,,0,502.89
2716,2024-05-01,Enterprise,Paid Search,Starter,29,,Growth,99,349.85
2717,2023-08-01,SMB,Paid Search,Starter,29,,,29,492.49
2718,2023-10-01,SMB,Paid Search,Growth,99,,,99,483.99
2719,2024-04-01,SMB,Outbound Sales,Starter,29,,,29,1500.75
2720,2023-01-01,SMB,Referral,Enterprise,799,2023-08-01,,0,75.7
2721,2024-11-01,SMB,Paid Search,Starter,29,,,29,384.86
2722,2023-04-01,SMB,Referral,Growth,99,,,99,81.76
2723,2023-03-01,SMB,Outbound Sales,Starter,29,2023-06-01,,0,1368.5
2724,2024-04-01,Enterprise,Referral,Growth,99,,,99,76.32
2725,2024-09-01,SMB,Organic,Starter,29,,,29,67.59
2726,2023-06-01,SMB,Paid Search,Scale,299,2023-09-01,,0,450.61
2727,2024-01-01,SMB,Referral,Starter,29,,,29,103.0
2728,2024-05-01,SMB,Organic,Scale,299,,,299,53.34
2729,2023-03-01,SMB,Paid Search,Scale,299,2024-07-01,,0,440.24
2730,2023-08-01,SMB,Referral,Starter,29,2024-04-01,,0,102.63
2731,2023-11-01,Mid-Market,Organic,Enterprise,799,,,799,49.21
2732,2023-04-01,Mid-Market,Partner,Growth,99,2024-03-01,,0,306.07
2733,2023-07-01,Mid-Market,Partner,Scale,299,2023-08-01,,0,327.27
2734,2023-08-01,Enterprise,Referral,Enterprise,799,,,799,85.38
2735,2023-07-01,SMB,Paid Search,Growth,99,,,99,395.39
2736,2024-04-01,SMB,Organic,Growth,99,,,99,48.78
2737,2023-08-01,SMB,Partner,Growth,99,,,99,298.76
2738,2023-10-01,SMB,Referral,Enterprise,799,2023-12-01,,0,93.47
2739,2023-01-01,SMB,Outbound Sales,Growth,99,2024-02-01,,0,1479.81
2740,2024-08-01,SMB,Paid Search,Starter,29,,,29,350.5
2741,2024-03-01,SMB,Partner,Enterprise,799,,,799,290.0
2742,2023-05-01,SMB,Outbound Sales,Starter,29,,,29,1219.07
2743,2023-07-01,SMB,Outbound Sales,Starter,29,2023-09-01,,0,1191.71
2744,2023-12-01,SMB,Organic,Starter,29,2024-01-01,,0,53.9
2745,2023-01-01,SMB,Organic,Starter,29,,,29,56.65
2746,2024-02-01,SMB,Paid Search,Starter,29,,,29,459.11
2747,2023-10-01,Enterprise,Organic,Starter,29,2024-01-01,,0,58.46
2748,2023-07-01,SMB,Partner,Enterprise,799,,,799,247.58
2749,2023-07-01,Enterprise,Partner,Starter,29,,,29,281.69
2750,2023-05-01,Mid-Market,Organic,Growth,99,2023-10-01,,0,50.63
2751,2023-04-01,SMB,Referral,Starter,29,2023-11-01,,0,79.63
2752,2023-11-01,SMB,Partner,Starter,29,,,29,255.52
2753,2024-08-01,Mid-Market,Organic,Enterprise,799,,,799,71.33
2754,2023-01-01,SMB,Organic,Enterprise,799,2024-06-01,,0,69.12
2755,2023-07-01,SMB,Paid Search,Starter,29,,Growth,99,440.99
2756,2023-11-01,Mid-Market,Organic,Starter,29,,,29,54.01
2757,2024-05-01,Mid-Market,Paid Search,Scale,299,,,299,365.28
2758,2023-08-01,Enterprise,Outbound Sales,Growth,99,,,99,1534.66
2759,2023-06-01,Mid-Market,Paid Search,Enterprise,799,,,799,348.22
2760,2024-04-01,SMB,Organic,Growth,99,,,99,64.64
2761,2023-01-01,Mid-Market,Paid Search,Starter,29,2024-05-01,,0,385.53
2762,2023-10-01,SMB,Organic,Growth,99,,,99,59.75
2763,2023-04-01,SMB,Organic,Scale,299,2023-12-01,,0,65.49
2764,2023-04-01,Enterprise,Outbound Sales,Starter,29,,Growth,99,1099.62
2765,2023-07-01,Mid-Market,Paid Search,Starter,29,,,29,365.49
2766,2023-12-01,SMB,Partner,Starter,29,2024-01-01,,0,317.66
2767,2024-09-01,Mid-Market,Paid Search,Growth,99,,Scale,299,490.52
2768,2023-05-01,Enterprise,Referral,Scale,299,2024-07-01,,0,81.29
2769,2024-09-01,Mid-Market,Partner,Starter,29,,,29,257.96
2770,2024-06-01,Enterprise,Paid Search,Starter,29,,,29,491.37
2771,2023-03-01,Enterprise,Outbound Sales,Starter,29,,,29,1547.28
2772,2024-02-01,SMB,Organic,Starter,29,2024-07-01,,0,69.83
2773,2023-02-01,Mid-Market,Paid Search,Starter,29,,Growth,99,356.95
2774,2023-03-01,SMB,Paid Search,Growth,99,2023-07-01,,0,491.16
2775,2023-11-01,Mid-Market,Outbound Sales,Growth,99,,Scale,299,1393.91
2776,2023-04-01,Mid-Market,Outbound Sales,Starter,29,2024-06-01,,0,1440.15
2777,2023-04-01,Enterprise,Outbound Sales,Starter,29,,Growth,99,1325.22
2778,2024-02-01,SMB,Paid Search,Scale,299,,,299,395.71
2779,2023-04-01,SMB,Organic,Growth,99,,,99,50.71
2780,2023-08-01,Enterprise,Paid Search,Growth,99,2024-12-01,,0,373.57
2781,2023-02-01,Enterprise,Paid Search,Enterprise,799,2024-09-01,,0,434.72
2782,2023-11-01,Mid-Market,Partner,Scale,299,,Enterprise,799,278.02
2783,2023-01-01,SMB,Paid Search,Starter,29,,,29,356.11
2784,2024-08-01,Mid-Market,Outbound Sales,Scale,299,,Enterprise,799,1463.2
2785,2024-01-01,SMB,Referral,Starter,29,2024-06-01,,0,91.03
2786,2024-05-01,Mid-Market,Paid Search,Growth,99,,,99,342.9
2787,2023-05-01,SMB,Partner,Starter,29,2024-03-01,,0,320.7
2788,2024-10-01,Mid-Market,Organic,Starter,29,2024-11-01,,0,68.68
2789,2024-07-01,SMB,Outbound Sales,Growth,99,,,99,1498.89
2790,2024-10-01,SMB,Paid Search,Starter,29,,Growth,99,491.35
2791,2024-04-01,SMB,Outbound Sales,Growth,99,,,99,1262.46
2792,2023-09-01,SMB,Paid Search,Starter,29,,,29,350.8
2793,2023-09-01,SMB,Paid Search,Scale,299,,,299,455.97
2794,2023-10-01,Enterprise,Paid Search,Growth,99,2024-06-01,,0,487.53
2795,2024-08-01,SMB,Outbound Sales,Starter,29,,,29,1252.26
2796,2024-08-01,SMB,Outbound Sales,Growth,99,,,99,1223.29
2797,2023-10-01,SMB,Partner,Growth,99,,,99,325.78
2798,2023-12-01,SMB,Organic,Scale,299,,,299,65.48
2799,2023-10-01,SMB,Referral,Growth,99,2023-12-01,,0,101.86
2800,2024-03-01,Mid-Market,Organic,Starter,29,,,29,65.9
2801,2023-04-01,SMB,Organic,Scale,299,2023-12-01,,0,57.61
2802,2023-08-01,SMB,Paid Search,Growth,99,2024-10-01,,0,407.07
2803,2023-07-01,SMB,Organic,Growth,99,,,99,67.31
2804,2023-08-01,Mid-Market,Partner,Starter,29,2023-12-01,,0,272.06
2805,2024-11-01,Mid-Market,Outbound Sales,Enterprise,799,,,799,1138.73
2806,2024-09-01,Mid-Market,Outbound Sales,Starter,29,2024-12-01,,0,1197.69
2807,2023-10-01,SMB,Paid Search,Enterprise,799,,,799,420.9
2808,2023-10-01,Mid-Market,Referral,Starter,29,2023-12-01,,0,92.54
2809,2023-04-01,SMB,Organic,Growth,99,,,99,49.69
2810,2024-11-01,Mid-Market,Referral,Starter,29,,,29,82.92
2811,2024-11-01,SMB,Referral,Starter,29,,,29,98.97
2812,2024-09-01,SMB,Outbound Sales,Growth,99,,,99,1545.74
2813,2024-08-01,Mid-Market,Organic,Growth,99,,,99,51.12
2814,2024-04-01,SMB,Organic,Growth,99,,,99,60.45
2815,2024-05-01,Mid-Market,Paid Search,Starter,29,,,29,361.16
2816,2023-05-01,SMB,Paid Search,Starter,29,2024-02-01,,0,457.3
2817,2023-06-01,SMB,Referral,Starter,29,2023-08-01,,0,77.65
2818,2024-07-01,Enterprise,Organic,Growth,99,,,99,50.32
2819,2024-09-01,SMB,Paid Search,Starter,29,,Growth,99,410.04
2820,2023-11-01,Enterprise,Paid Search,Starter,29,2024-01-01,,0,351.91
2821,2023-05-01,Mid-Market,Paid Search,Enterprise,799,,,799,473.1
2822,2023-06-01,Enterprise,Outbound Sales,Enterprise,799,,,799,1526.49
2823,2023-01-01,SMB,Referral,Growth,99,,,99,90.42
2824,2024-09-01,SMB,Paid Search,Growth,99,,,99,432.17
2825,2024-01-01,Mid-Market,Paid Search,Scale,299,,,299,358.28
2826,2023-02-01,SMB,Partner,Enterprise,799,,,799,273.2
2827,2024-09-01,SMB,Organic,Enterprise,799,,,799,50.9
2828,2024-08-01,SMB,Organic,Starter,29,2024-09-01,,0,53.14
2829,2024-11-01,SMB,Organic,Starter,29,,Growth,99,57.47
2830,2023-07-01,SMB,Referral,Starter,29,,Growth,99,96.55
2831,2023-02-01,SMB,Organic,Scale,299,2024-11-01,,0,65.47
2832,2023-02-01,SMB,Outbound Sales,Growth,99,,,99,1320.01
2833,2023-12-01,Mid-Market,Referral,Scale,299,,,299,82.55
2834,2024-11-01,SMB,Paid Search,Growth,99,,,99,472.02
2835,2023-08-01,SMB,Referral,Starter,29,2024-05-01,,0,87.75
2836,2024-02-01,Enterprise,Paid Search,Growth,99,,,99,430.17
2837,2024-04-01,Mid-Market,Paid Search,Starter,29,,Growth,99,380.81
2838,2023-09-01,Mid-Market,Organic,Starter,29,,,29,49.6
2839,2024-09-01,Enterprise,Outbound Sales,Scale,299,,,299,1168.84
2840,2023-05-01,SMB,Outbound Sales,Starter,29,2023-06-01,,0,1465.08
2841,2024-11-01,SMB,Organic,Starter,29,2024-12-01,,0,54.64
2842,2024-06-01,Mid-Market,Outbound Sales,Growth,99,,,99,1148.25
2843,2023-07-01,SMB,Organic,Scale,299,,,299,63.41
2844,2023-02-01,SMB,Paid Search,Scale,299,,,299,416.3
2845,2023-09-01,Enterprise,Referral,Starter,29,,,29,72.84
2846,2023-10-01,Enterprise,Outbound Sales,Enterprise,799,,,799,1615.05
2847,2024-09-01,Mid-Market,Referral,Starter,29,,,29,85.76
2848,2024-01-01,SMB,Outbound Sales,Growth,99,2024-12-01,,0,1433.81
2849,2023-09-01,SMB,Paid Search,Enterprise,799,,,799,501.24
2850,2024-09-01,Mid-Market,Outbound Sales,Starter,29,2024-11-01,,0,1422.68
2851,2024-02-01,Enterprise,Paid Search,Growth,99,,Scale,299,388.36
2852,2023-10-01,SMB,Outbound Sales,Starter,29,2023-12-01,,0,1343.7
2853,2024-03-01,SMB,Outbound Sales,Starter,29,2024-09-01,,0,1135.51
2854,2024-11-01,SMB,Organic,Starter,29,,Growth,99,52.06
2855,2024-05-01,SMB,Paid Search,Starter,29,,,29,388.36
2856,2023-02-01,SMB,Organic,Scale,299,2023-04-01,,0,50.03
2857,2023-10-01,Enterprise,Paid Search,Growth,99,2024-10-01,,0,355.07
2858,2024-01-01,SMB,Referral,Starter,29,2024-02-01,,0,102.22
2859,2023-05-01,SMB,Outbound Sales,Enterprise,799,,,799,1214.78
2860,2024-10-01,Enterprise,Organic,Scale,299,,,299,55.74
2861,2023-03-01,SMB,Referral,Starter,29,2024-02-01,,0,78.25
2862,2023-02-01,Mid-Market,Partner,Starter,29,2024-05-01,,0,288.51
2863,2023-12-01,SMB,Paid Search,Starter,29,,,29,453.23
2864,2023-09-01,Mid-Market,Referral,Starter,29,,,29,106.03
2865,2024-09-01,Mid-Market,Paid Search,Growth,99,,,99,426.52
2866,2024-01-01,Mid-Market,Partner,Starter,29,,,29,276.03
2867,2023-10-01,Mid-Market,Outbound Sales,Starter,29,,,29,1355.33
2868,2023-05-01,SMB,Paid Search,Starter,29,,Growth,99,357.45
2869,2024-07-01,Mid-Market,Referral,Growth,99,,,99,96.38
2870,2023-05-01,SMB,Organic,Growth,99,,,99,55.88
2871,2024-04-01,SMB,Paid Search,Scale,299,,,299,494.74
2872,2023-06-01,Mid-Market,Organic,Starter,29,,Growth,99,63.8
2873,2024-10-01,SMB,Paid Search,Scale,299,,,299,415.99
2874,2023-09-01,Enterprise,Referral,Growth,99,,,99,80.3
2875,2023-05-01,Mid-Market,Referral,Starter,29,2024-02-01,,0,75.31
2876,2024-05-01,SMB,Organic,Scale,299,2024-08-01,,0,52.52
2877,2023-06-01,Mid-Market,Partner,Enterprise,799,2024-06-01,,0,308.4
2878,2024-01-01,SMB,Partner,Growth,99,2024-06-01,,0,302.35
2879,2024-02-01,Mid-Market,Paid Search,Starter,29,2024-07-01,,0,337.59
2880,2023-04-01,SMB,Partner,Growth,99,2024-10-01,,0,329.29
2881,2023-03-01,SMB,Outbound Sales,Enterprise,799,2023-05-01,,0,1101.68
2882,2023-06-01,SMB,Paid Search,Scale,299,,,299,349.11
2883,2024-04-01,Mid-Market,Paid Search,Scale,299,,,299,455.6
2884,2023-08-01,SMB,Partner,Growth,99,2024-09-01,,0,317.53
2885,2024-06-01,SMB,Organic,Scale,299,,,299,53.17
2886,2024-06-01,SMB,Paid Search,Starter,29,,,29,447.36
2887,2023-06-01,Mid-Market,Paid Search,Growth,99,,,99,339.19
2888,2024-04-01,SMB,Organic,Growth,99,,,99,54.67
2889,2024-01-01,SMB,Paid Search,Growth,99,,,99,463.6
2890,2024-03-01,Mid-Market,Referral,Scale,299,,,299,89.09
2891,2023-10-01,Mid-Market,Referral,Scale,299,,,299,102.8
2892,2023-08-01,Mid-Market,Organic,Starter,29,,,29,51.45
2893,2023-11-01,SMB,Organic,Scale,299,,,299,68.7
2894,2024-07-01,Mid-Market,Partner,Starter,29,,,29,298.34
2895,2023-07-01,SMB,Referral,Growth,99,2024-11-01,,0,75.65
2896,2023-04-01,Mid-Market,Outbound Sales,Scale,299,,,299,1105.18
2897,2023-10-01,SMB,Outbound Sales,Starter,29,,,29,1080.7
2898,2024-08-01,SMB,Paid Search,Starter,29,,,29,443.02
2899,2023-10-01,Mid-Market,Paid Search,Starter,29,,,29,373.31
2900,2023-07-01,SMB,Outbound Sales,Growth,99,2024-04-01,,0,1158.81
2901,2024-08-01,Enterprise,Paid Search,Starter,29,,,29,437.04
2902,2024-09-01,Mid-Market,Referral,Starter,29,2024-12-01,,0,86.73
2903,2023-05-01,Enterprise,Outbound Sales,Growth,99,,,99,1322.73
2904,2023-04-01,SMB,Paid Search,Growth,99,,,99,358.51
2905,2023-05-01,Mid-Market,Referral,Scale,299,2023-11-01,,0,81.12
2906,2024-03-01,Enterprise,Organic,Starter,29,,,29,50.38
2907,2024-02-01,Mid-Market,Referral,Starter,29,,,29,84.06
2908,2024-08-01,SMB,Outbound Sales,Starter,29,,,29,1246.65
2909,2023-09-01,SMB,Partner,Enterprise,799,2024-10-01,,0,333.32
2910,2024-02-01,Mid-Market,Referral,Starter,29,,,29,107.52
2911,2023-08-01,SMB,Partner,Scale,299,,,299,359.9
2912,2023-02-01,Mid-Market,Paid Search,Growth,99,,,99,400.84
2913,2023-10-01,Mid-Market,Paid Search,Enterprise,799,,,799,469.24
2914,2024-07-01,SMB,Referral,Scale,299,,,299,82.05
2915,2024-10-01,SMB,Outbound Sales,Starter,29,,Growth,99,1157.23
2916,2024-04-01,SMB,Organic,Starter,29,,,29,63.36
2917,2024-05-01,SMB,Referral,Growth,99,,,99,89.17
2918,2024-07-01,Mid-Market,Paid Search,Scale,299,2024-09-01,,0,435.74
2919,2023-03-01,Enterprise,Outbound Sales,Starter,29,,,29,1277.8
2920,2023-10-01,SMB,Paid Search,Starter,29,,,29,386.74
2921,2023-01-01,SMB,Organic,Starter,29,,,29,70.27
2922,2024-03-01,SMB,Partner,Starter,29,2024-06-01,,0,346.02
2923,2024-11-01,SMB,Outbound Sales,Growth,99,,,99,1146.84
2924,2023-12-01,SMB,Organic,Scale,299,,,299,63.66
2925,2024-03-01,Mid-Market,Paid Search,Growth,99,,,99,396.12
2926,2023-01-01,SMB,Referral,Starter,29,,,29,92.43
2927,2024-09-01,Enterprise,Referral,Starter,29,,,29,79.46
2928,2023-02-01,SMB,Referral,Growth,99,2023-05-01,,0,98.05
2929,2023-04-01,SMB,Paid Search,Starter,29,,,29,388.05
2930,2023-09-01,Mid-Market,Organic,Starter,29,,,29,64.53
2931,2023-12-01,SMB,Outbound Sales,Growth,99,2024-09-01,,0,1157.33
2932,2023-09-01,Mid-Market,Paid Search,Growth,99,2023-11-01,,0,358.46
2933,2023-06-01,Mid-Market,Paid Search,Scale,299,,,299,394.41
2934,2023-02-01,Mid-Market,Referral,Growth,99,2023-08-01,,0,107.9
2935,2023-06-01,Mid-Market,Outbound Sales,Scale,299,2023-10-01,,0,1544.96
2936,2023-10-01,SMB,Partner,Scale,299,,,299,314.49
2937,2024-10-01,SMB,Referral,Growth,99,,Scale,299,83.12
2938,2023-06-01,Mid-Market,Paid Search,Growth,99,,,99,363.56
2939,2023-08-01,SMB,Outbound Sales,Enterprise,799,,,799,1481.71
2940,2023-09-01,SMB,Partner,Starter,29,2023-12-01,,0,264.5
2941,2024-05-01,SMB,Referral,Starter,29,,,29,86.81
2942,2023-10-01,SMB,Paid Search,Starter,29,2024-01-01,,0,424.9
2943,2023-07-01,Mid-Market,Paid Search,Starter,29,,,29,351.55
2944,2023-10-01,Enterprise,Referral,Scale,299,,,299,100.06
2945,2023-12-01,SMB,Organic,Starter,29,,,29,70.59
2946,2024-08-01,SMB,Organic,Scale,299,,Enterprise,799,51.52
2947,2024-11-01,Mid-Market,Organic,Scale,299,,Enterprise,799,68.82
2948,2023-07-01,SMB,Organic,Enterprise,799,,,799,59.63
2949,2023-03-01,SMB,Organic,Growth,99,,,99,51.26
2950,2024-08-01,SMB,Outbound Sales,Scale,299,,Enterprise,799,1408.22
2951,2023-03-01,SMB,Partner,Scale,299,2024-08-01,,0,351.63
2952,2023-06-01,Mid-Market,Referral,Growth,99,,,99,106.47
2953,2024-04-01,SMB,Paid Search,Growth,99,,,99,456.92
2954,2023-06-01,SMB,Outbound Sales,Scale,299,,Enterprise,799,1346.53
2955,2023-06-01,Mid-Market,Paid Search,Starter,29,,,29,367.36
2956,2024-06-01,Mid-Market,Organic,Growth,99,,Scale,299,62.4
2957,2023-02-01,SMB,Organic,Starter,29,2023-08-01,,0,62.72
2958,2024-11-01,Mid-Market,Organic,Starter,29,,,29,50.67
2959,2023-12-01,Mid-Market,Referral,Growth,99,,,99,81.14
2960,2024-02-01,Enterprise,Paid Search,Scale,299,,,299,387.63
2961,2024-11-01,SMB,Organic,Starter,29,2024-12-01,,0,68.63
2962,2024-01-01,Mid-Market,Paid Search,Scale,299,,,299,434.02
2963,2024-04-01,SMB,Referral,Starter,29,2024-11-01,,0,80.78
2964,2024-07-01,SMB,Paid Search,Starter,29,,,29,388.09
2965,2023-08-01,Mid-Market,Organic,Growth,99,2024-08-01,,0,51.5
2966,2024-06-01,SMB,Paid Search,Growth,99,,,99,343.44
2967,2023-02-01,SMB,Referral,Growth,99,,,99,90.35
2968,2024-09-01,SMB,Outbound Sales,Starter,29,,,29,1097.19
2969,2023-10-01,SMB,Paid Search,Growth,99,,,99,502.66
2970,2024-06-01,SMB,Partner,Starter,29,2024-09-01,,0,332.68
2971,2023-09-01,Enterprise,Organic,Enterprise,799,2024-12-01,,0,66.67
2972,2024-10-01,SMB,Partner,Scale,299,,,299,330.54
2973,2024-07-01,Enterprise,Paid Search,Starter,29,,,29,443.71
2974,2024-04-01,SMB,Paid Search,Starter,29,,,29,347.76
2975,2024-08-01,SMB,Outbound Sales,Growth,99,,,99,1326.23
2976,2023-04-01,SMB,Paid Search,Starter,29,2024-04-01,,0,382.87
2977,2023-06-01,Mid-Market,Organic,Growth,99,2024-02-01,,0,55.16
2978,2023-02-01,Mid-Market,Paid Search,Growth,99,,Scale,299,398.28
2979,2024-11-01,SMB,Paid Search,Growth,99,,,99,389.87
2980,2023-11-01,Mid-Market,Organic,Starter,29,2024-09-01,,0,63.89
2981,2024-04-01,SMB,Paid Search,Growth,99,,,99,337.25
2982,2023-11-01,Mid-Market,Referral,Starter,29,2024-12-01,,0,85.19
2983,2024-06-01,SMB,Paid Search,Starter,29,,,29,494.67
2984,2023-11-01,Enterprise,Paid Search,Starter,29,2024-05-01,,0,379.32
2985,2023-06-01,SMB,Referral,Starter,29,2023-10-01,,0,94.37
2986,2023-12-01,SMB,Outbound Sales,Starter,29,,Growth,99,1382.63
2987,2024-03-01,SMB,Outbound Sales,Scale,299,,,299,1344.21
2988,2024-06-01,SMB,Paid Search,Growth,99,,,99,356.53
2989,2024-04-01,SMB,Organic,Scale,299,,,299,68.06
2990,2024-06-01,SMB,Paid Search,Scale,299,2024-09-01,,0,431.3
2991,2024-08-01,Mid-Market,Organic,Enterprise,799,,,799,60.93
2992,2024-06-01,Mid-Market,Paid Search,Growth,99,2024-09-01,,0,495.47
2993,2023-10-01,Mid-Market,Referral,Starter,29,,,29,74.98
2994,2023-11-01,Mid-Market,Paid Search,Enterprise,799,,,799,418.58
2995,2024-09-01,Enterprise,Partner,Scale,299,,,299,324.72
2996,2024-10-01,SMB,Paid Search,Starter,29,,,29,469.92
2997,2023-11-01,SMB,Organic,Growth,99,,,99,48.02
2998,2023-08-01,SMB,Referral,Growth,99,,,99,96.56
2999,2023-09-01,Mid-Market,Organic,Growth,99,,,99,70.94
3000,2023-04-01,Mid-Market,Partner,Starter,29,,,29,327.63
3001,2024-01-01,SMB,Paid Search,Growth,99,,,99,406.4
3002,2023-08-01,SMB,Paid Search,Growth,99,2024-03-01,,0,483.17
3003,2023-11-01,SMB,Partner,Enterprise,799,,,799,345.44
3004,2024-01-01,SMB,Organic,Starter,29,,,29,64.52
3005,2024-03-01,SMB,Referral,Starter,29,2024-08-01,,0,95.98
3006,2024-09-01,Mid-Market,Organic,Growth,99,,,99,56.27
3007,2023-10-01,SMB,Referral,Starter,29,,Growth,99,80.73
3008,2023-03-01,Mid-Market,Paid Search,Starter,29,,,29,441.81
3009,2024-04-01,SMB,Partner,Growth,99,,,99,240.95
3010,2023-05-01,Mid-Market,Outbound Sales,Starter,29,,,29,1535.22
3011,2024-01-01,Enterprise,Organic,Scale,299,,,299,69.66
3012,2023-05-01,SMB,Organic,Growth,99,2023-09-01,,0,51.94
3013,2023-09-01,SMB,Paid Search,Scale,299,,Enterprise,799,432.18
3014,2024-05-01,SMB,Referral,Starter,29,,,29,78.42
3015,2023-05-01,SMB,Outbound Sales,Growth,99,,Scale,299,1347.04
3016,2023-04-01,Mid-Market,Organic,Growth,99,,Scale,299,63.32
3017,2023-06-01,Enterprise,Outbound Sales,Starter,29,2024-03-01,,0,1290.89
3018,2024-04-01,SMB,Outbound Sales,Growth,99,2024-06-01,,0,1563.21
3019,2024-01-01,Mid-Market,Paid Search,Scale,299,2024-08-01,,0,485.72
3020,2023-07-01,SMB,Organic,Starter,29,2023-09-01,,0,60.74
3021,2024-06-01,SMB,Paid Search,Starter,29,,,29,433.52
3022,2023-06-01,Mid-Market,Referral,Scale,299,,,299,72.1
3023,2024-05-01,SMB,Outbound Sales,Starter,29,,,29,1262.49
3024,2023-07-01,SMB,Organic,Enterprise,799,,,799,66.26
3025,2023-03-01,Mid-Market,Partner,Starter,29,2023-07-01,,0,359.29
3026,2023-05-01,SMB,Outbound Sales,Growth,99,,,99,1590.45
3027,2024-08-01,SMB,Outbound Sales,Starter,29,,Growth,99,1131.08
3028,2023-11-01,SMB,Referral,Growth,99,,Scale,299,87.02
3029,2023-03-01,SMB,Paid Search,Starter,29,,,29,345.18
3030,2024-05-01,Mid-Market,Organic,Starter,29,,,29,68.1
3031,2024-09-01,SMB,Outbound Sales,Scale,299,,,299,1474.23
3032,2024-06-01,SMB,Paid Search,Growth,99,,,99,490.85
3033,2023-09-01,Enterprise,Partner,Scale,299,,,299,300.2
3034,2023-01-01,SMB,Organic,Scale,299,,Enterprise,799,50.48
3035,2023-03-01,Enterprise,Paid Search,Growth,99,,,99,434.11
3036,2024-10-01,Mid-Market,Paid Search,Starter,29,,,29,481.68
3037,2024-08-01,SMB,Organic,Scale,299,,,299,49.2
3038,2024-11-01,SMB,Referral,Growth,99,,Scale,299,101.33
3039,2023-07-01,SMB,Organic,Starter,29,2024-04-01,,0,62.97
3040,2023-12-01,SMB,Organic,Starter,29,,,29,51.17
3041,2024-04-01,SMB,Outbound Sales,Starter,29,,,29,1435.95
3042,2024-06-01,Mid-Market,Organic,Growth,99,2024-12-01,,0,49.49
3043,2024-10-01,SMB,Organic,Starter,29,,,29,52.19
3044,2024-09-01,SMB,Partner,Growth,99,,,99,247.0
3045,2024-05-01,Enterprise,Paid Search,Growth,99,,,99,434.17
3046,2023-09-01,Mid-Market,Organic,Starter,29,2023-10-01,,0,54.91
3047,2023-11-01,Mid-Market,Outbound Sales,Enterprise,799,,,799,1235.76
3048,2023-05-01,SMB,Referral,Starter,29,2023-08-01,,0,95.27
3049,2024-10-01,SMB,Referral,Scale,299,,,299,75.96
3050,2023-04-01,SMB,Paid Search,Starter,29,2024-04-01,,0,442.38
3051,2024-09-01,Mid-Market,Organic,Growth,99,,,99,64.75
3052,2023-07-01,SMB,Organic,Scale,299,2024-05-01,,0,68.58
3053,2024-04-01,SMB,Partner,Starter,29,,,29,320.57
3054,2024-05-01,Mid-Market,Paid Search,Starter,29,,,29,445.78
3055,2024-04-01,Enterprise,Referral,Growth,99,,,99,95.64
3056,2024-10-01,SMB,Outbound Sales,Scale,299,,,299,1102.22
3057,2024-01-01,Mid-Market,Organic,Starter,29,,,29,58.6
3058,2023-08-01,SMB,Paid Search,Starter,29,2023-12-01,,0,428.6
3059,2024-02-01,SMB,Organic,Enterprise,799,,,799,63.96
3060,2024-02-01,SMB,Partner,Growth,99,,,99,274.95
3061,2024-09-01,Mid-Market,Outbound Sales,Starter,29,,,29,1446.07
3062,2024-03-01,SMB,Paid Search,Starter,29,,,29,402.5
3063,2023-02-01,SMB,Paid Search,Growth,99,,,99,456.17
3064,2023-07-01,SMB,Partner,Starter,29,,,29,262.21
3065,2023-07-01,SMB,Paid Search,Enterprise,799,2023-10-01,,0,387.19
3066,2023-04-01,Mid-Market,Organic,Starter,29,,,29,70.79
3067,2024-10-01,Mid-Market,Outbound Sales,Starter,29,,,29,1489.28
3068,2023-04-01,SMB,Referral,Growth,99,,,99,104.35
3069,2023-05-01,Mid-Market,Outbound Sales,Growth,99,,Scale,299,1188.1
3070,2024-11-01,Mid-Market,Paid Search,Growth,99,,,99,494.4
3071,2023-06-01,SMB,Paid Search,Scale,299,,Enterprise,799,461.02
3072,2024-04-01,SMB,Organic,Starter,29,2024-09-01,,0,62.17
3073,2023-03-01,SMB,Paid Search,Starter,29,2023-08-01,,0,338.14
3074,2023-08-01,Mid-Market,Referral,Scale,299,,,299,73.87
3075,2023-03-01,Mid-Market,Referral,Growth,99,,,99,99.81
3076,2023-10-01,Mid-Market,Partner,Starter,29,2023-11-01,,0,320.28
3077,2023-06-01,Mid-Market,Referral,Starter,29,2024-10-01,,0,79.69
3078,2024-08-01,SMB,Organic,Starter,29,,,29,58.59
3079,2024-10-01,SMB,Outbound Sales,Starter,29,,,29,1434.22
3080,2024-11-01,Enterprise,Paid Search,Growth,99,,,99,338.56
3081,2024-03-01,SMB,Organic,Enterprise,799,,,799,64.25
3082,2023-06-01,Mid-Market,Referral,Starter,29,,,29,86.46
3083,2023-08-01,SMB,Partner,Starter,29,,,29,251.38
3084,2023-09-01,SMB,Paid Search,Growth,99,,,99,363.48
3085,2024-02-01,SMB,Organic,Starter,29,,,29,58.24
3086,2023-10-01,SMB,Organic,Enterprise,799,2024-08-01,,0,63.03
3087,2024-08-01,SMB,Paid Search,Starter,29,,,29,393.85
3088,2024-04-01,SMB,Organic,Starter,29,2024-10-01,,0,50.64
3089,2024-03-01,SMB,Referral,Starter,29,,,29,101.75
3090,2024-07-01,Mid-Market,Organic,Starter,29,,,29,60.01
3091,2023-10-01,Mid-Market,Paid Search,Growth,99,2024-03-01,,0,383.53
3092,2024-07-01,Mid-Market,Paid Search,Scale,299,,,299,450.8
3093,2023-06-01,Mid-Market,Outbound Sales,Starter,29,2024-02-01,,0,1261.59
3094,2023-01-01,SMB,Referral,Starter,29,2023-12-01,,0,85.02
3095,2023-05-01,SMB,Outbound Sales,Starter,29,2024-04-01,,0,1229.91
3096,2023-08-01,SMB,Paid Search,Starter,29,2024-08-01,,0,396.64
3097,2024-01-01,Enterprise,Partner,Growth,99,,,99,271.49
3098,2024-01-01,SMB,Paid Search,Growth,99,,Scale,299,501.04
3099,2023-03-01,SMB,Partner,Starter,29,2023-05-01,,0,270.9
3100,2024-06-01,SMB,Referral,Growth,99,,,99,95.29
3101,2023-11-01,Enterprise,Partner,Growth,99,,,99,263.06
3102,2023-11-01,SMB,Paid Search,Starter,29,2024-06-01,,0,429.54
3103,2024-01-01,Enterprise,Referral,Growth,99,,,99,90.32
3104,2024-08-01,SMB,Organic,Growth,99,,,99,61.29
3105,2023-01-01,SMB,Paid Search,Starter,29,2023-05-01,,0,395.88
3106,2023-11-01,SMB,Paid Search,Scale,299,,,299,482.29
3107,2024-11-01,SMB,Paid Search,Growth,99,,,99,386.04
3108,2023-06-01,Mid-Market,Organic,Growth,99,2024-09-01,,0,68.91
3109,2024-11-01,Enterprise,Organic,Starter,29,,,29,57.75
3110,2024-04-01,Mid-Market,Referral,Scale,299,,,299,95.48
3111,2024-01-01,SMB,Organic,Growth,99,,Scale,299,48.24
3112,2024-09-01,SMB,Referral,Starter,29,,,29,87.88
3113,2024-01-01,Mid-Market,Paid Search,Growth,99,,,99,445.14
3114,2023-01-01,SMB,Referral,Starter,29,,,29,82.71
3115,2023-02-01,SMB,Paid Search,Growth,99,,,99,390.0
3116,2024-10-01,SMB,Organic,Starter,29,,,29,57.53
3117,2023-09-01,SMB,Referral,Scale,299,,,299,81.69
3118,2023-01-01,SMB,Outbound Sales,Scale,299,,Enterprise,799,1405.66
3119,2024-05-01,Mid-Market,Outbound Sales,Starter,29,,,29,1106.55
3120,2023-10-01,Mid-Market,Organic,Growth,99,,,99,67.95
3121,2024-09-01,SMB,Paid Search,Scale,299,,,299,497.28
3122,2024-09-01,SMB,Paid Search,Growth,99,,,99,363.83
3123,2023-02-01,SMB,Outbound Sales,Growth,99,2023-12-01,,0,1201.56
3124,2023-03-01,SMB,Referral,Growth,99,2023-05-01,,0,106.16
3125,2024-01-01,Mid-Market,Paid Search,Starter,29,2024-12-01,,0,363.58
3126,2024-03-01,Enterprise,Paid Search,Enterprise,799,,,799,353.86
3127,2024-09-01,SMB,Paid Search,Growth,99,2024-11-01,,0,469.27
3128,2024-01-01,SMB,Referral,Starter,29,2024-09-01,,0,96.4
3129,2023-03-01,Mid-Market,Referral,Growth,99,2023-06-01,,0,96.48
3130,2023-05-01,Mid-Market,Organic,Growth,99,2024-12-01,,0,53.44
3131,2023-08-01,SMB,Paid Search,Enterprise,799,2023-12-01,,0,399.15
3132,2023-11-01,Mid-Market,Organic,Growth,99,2024-02-01,,0,51.82
3133,2023-11-01,SMB,Organic,Growth,99,,,99,51.88
3134,2023-08-01,Mid-Market,Organic,Starter,29,,,29,59.9
3135,2024-09-01,Enterprise,Paid Search,Scale,299,,,299,449.02
3136,2023-07-01,SMB,Referral,Growth,99,,,99,83.55
3137,2023-05-01,SMB,Outbound Sales,Starter,29,2023-12-01,,0,1336.7
3138,2024-10-01,SMB,Paid Search,Growth,99,,,99,394.52
3139,2023-12-01,Enterprise,Paid Search,Starter,29,2024-07-01,,0,489.68
3140,2024-08-01,Enterprise,Outbound Sales,Growth,99,,,99,1459.84
3141,2023-01-01,SMB,Paid Search,Starter,29,2024-01-01,,0,441.03
3142,2024-11-01,Mid-Market,Referral,Enterprise,799,,,799,98.29
3143,2024-10-01,SMB,Organic,Growth,99,,Scale,299,54.43
3144,2024-01-01,Enterprise,Paid Search,Growth,99,,,99,492.21
3145,2023-01-01,SMB,Organic,Growth,99,2024-07-01,,0,52.79
3146,2023-06-01,SMB,Paid Search,Starter,29,,,29,359.2
3147,2023-09-01,SMB,Paid Search,Starter,29,,,29,488.21
3148,2024-03-01,SMB,Organic,Growth,99,,,99,54.24
3149,2024-07-01,SMB,Organic,Starter,29,,,29,68.36
3150,2023-11-01,SMB,Organic,Growth,99,2024-02-01,,0,55.14
3151,2023-04-01,SMB,Referral,Growth,99,2023-06-01,,0,82.6
3152,2023-05-01,Mid-Market,Organic,Growth,99,,,99,70.99
3153,2023-03-01,SMB,Organic,Growth,99,,,99,71.17
3154,2024-09-01,Mid-Market,Paid Search,Starter,29,,,29,497.58
3155,2024-07-01,Mid-Market,Organic,Growth,99,2024-10-01,,0,51.29
3156,2023-03-01,SMB,Organic,Growth,99,2024-07-01,,0,61.72
3157,2024-01-01,Mid-Market,Referral,Starter,29,,Growth,99,73.31
3158,2023-06-01,SMB,Organic,Starter,29,2023-12-01,,0,64.48
3159,2023-02-01,Enterprise,Partner,Enterprise,799,,,799,320.53
3160,2023-07-01,Mid-Market,Outbound Sales,Starter,29,,,29,1615.86
3161,2023-09-01,SMB,Referral,Growth,99,,,99,103.6
3162,2023-09-01,Mid-Market,Partner,Starter,29,,,29,266.18
3163,2024-04-01,SMB,Organic,Growth,99,,Scale,299,58.65
3164,2023-11-01,SMB,Referral,Starter,29,,,29,81.26
3165,2023-12-01,Mid-Market,Partner,Growth,99,,,99,245.73
3166,2023-09-01,SMB,Outbound Sales,Starter,29,2023-12-01,,0,1286.53
3167,2024-11-01,SMB,Paid Search,Scale,299,,Enterprise,799,354.09
3168,2023-01-01,Mid-Market,Outbound Sales,Enterprise,799,,,799,1493.04
3169,2023-11-01,Mid-Market,Referral,Starter,29,2024-07-01,,0,86.02
3170,2023-07-01,Enterprise,Paid Search,Growth,99,2024-11-01,,0,341.25
3171,2023-03-01,Mid-Market,Referral,Starter,29,,,29,81.75
3172,2023-04-01,SMB,Paid Search,Starter,29,2023-09-01,,0,391.9
3173,2024-11-01,Mid-Market,Paid Search,Growth,99,,,99,412.14
3174,2023-07-01,SMB,Paid Search,Growth,99,,,99,450.44
3175,2024-02-01,Mid-Market,Organic,Starter,29,,Growth,99,66.91
3176,2023-09-01,SMB,Paid Search,Starter,29,2023-12-01,,0,501.62
3177,2024-07-01,SMB,Paid Search,Starter,29,,,29,479.51
3178,2024-06-01,SMB,Paid Search,Starter,29,,,29,412.88
3179,2024-10-01,SMB,Referral,Scale,299,2024-12-01,,0,75.8
3180,2024-11-01,SMB,Organic,Starter,29,,,29,63.94
3181,2024-05-01,Mid-Market,Referral,Starter,29,,,29,87.21
3182,2024-02-01,Mid-Market,Paid Search,Growth,99,,,99,404.14
3183,2024-10-01,SMB,Paid Search,Growth,99,,Scale,299,392.74
3184,2024-07-01,SMB,Partner,Starter,29,,,29,260.26
3185,2023-03-01,SMB,Paid Search,Scale,299,2023-06-01,,0,350.92
3186,2023-11-01,Enterprise,Partner,Starter,29,,,29,338.27
3187,2023-09-01,SMB,Paid Search,Starter,29,,,29,367.07
3188,2023-12-01,SMB,Partner,Scale,299,,,299,323.98
3189,2023-11-01,SMB,Paid Search,Starter,29,2024-11-01,,0,458.1
3190,2024-09-01,SMB,Outbound Sales,Growth,99,,,99,1245.97
3191,2023-10-01,SMB,Paid Search,Scale,299,2024-11-01,,0,429.45
3192,2023-11-01,SMB,Paid Search,Starter,29,,,29,455.51
3193,2023-10-01,Mid-Market,Referral,Starter,29,,,29,76.84
3194,2023-07-01,SMB,Referral,Scale,299,,,299,78.1
3195,2024-06-01,SMB,Organic,Starter,29,,,29,65.22
3196,2023-01-01,SMB,Organic,Growth,99,2023-08-01,,0,54.72
3197,2023-04-01,Enterprise,Referral,Starter,29,,,29,75.86
3198,2023-10-01,Mid-Market,Paid Search,Enterprise,799,,,799,423.4
3199,2024-07-01,SMB,Paid Search,Starter,29,2024-09-01,,0,471.47
3200,2024-10-01,SMB,Referral,Growth,99,,,99,83.02
3201,2023-07-01,Mid-Market,Referral,Scale,299,,,299,81.38
3202,2024-04-01,SMB,Partner,Growth,99,2024-05-01,,0,264.93
3203,2024-05-01,Mid-Market,Organic,Growth,99,,,99,59.44
3204,2024-04-01,Enterprise,Partner,Growth,99,,Scale,299,308.73
3205,2023-12-01,Mid-Market,Outbound Sales,Starter,29,2024-05-01,,0,1152.67
3206,2024-11-01,SMB,Partner,Growth,99,,Scale,299,336.17
3207,2023-07-01,SMB,Paid Search,Starter,29,,,29,425.05
3208,2023-03-01,SMB,Referral,Starter,29,2024-06-01,,0,92.26
3209,2023-07-01,Mid-Market,Outbound Sales,Starter,29,2023-12-01,,0,1143.48
3210,2023-01-01,Enterprise,Organic,Scale,299,,,299,62.96
3211,2023-06-01,Enterprise,Outbound Sales,Growth,99,,,99,1446.29
3212,2024-11-01,Mid-Market,Paid Search,Starter,29,,,29,403.84
3213,2023-01-01,Mid-Market,Paid Search,Growth,99,2024-10-01,,0,436.67
3214,2023-03-01,Mid-Market,Paid Search,Scale,299,,,299,375.21
3215,2024-05-01,SMB,Outbound Sales,Starter,29,,Growth,99,1425.21
3216,2024-04-01,Mid-Market,Referral,Enterprise,799,,,799,91.19
3217,2023-11-01,Mid-Market,Referral,Scale,299,,,299,92.98
3218,2023-08-01,Mid-Market,Paid Search,Scale,299,2024-05-01,,0,378.29
3219,2023-11-01,SMB,Outbound Sales,Growth,99,,,99,1506.12
3220,2023-07-01,Mid-Market,Organic,Starter,29,,,29,67.82
3221,2024-06-01,SMB,Organic,Starter,29,,,29,50.51
3222,2023-07-01,SMB,Outbound Sales,Scale,299,2024-05-01,,0,1548.52
3223,2024-04-01,SMB,Referral,Starter,29,,,29,99.93
3224,2024-07-01,Mid-Market,Partner,Scale,299,,,299,306.39
3225,2024-06-01,Enterprise,Organic,Starter,29,,,29,49.32
3226,2024-05-01,SMB,Partner,Starter,29,,,29,302.79
3227,2024-09-01,SMB,Outbound Sales,Starter,29,2024-12-01,,0,1333.04
3228,2024-08-01,Enterprise,Organic,Starter,29,,,29,53.36
3229,2024-06-01,SMB,Organic,Growth,99,,,99,68.0
3230,2024-09-01,Mid-Market,Paid Search,Starter,29,,,29,389.85
3231,2023-04-01,Enterprise,Organic,Starter,29,,,29,61.93
3232,2024-11-01,SMB,Organic,Growth,99,,,99,58.81
3233,2023-04-01,SMB,Outbound Sales,Growth,99,2023-12-01,,0,1554.37
3234,2024-03-01,SMB,Paid Search,Growth,99,,Scale,299,420.16
3235,2023-05-01,SMB,Paid Search,Scale,299,2023-07-01,,0,382.7
3236,2023-07-01,SMB,Organic,Starter,29,2024-04-01,,0,65.33
3237,2023-01-01,SMB,Referral,Starter,29,2023-06-01,,0,99.63
3238,2024-04-01,SMB,Paid Search,Starter,29,2024-11-01,,0,493.02
3239,2024-07-01,SMB,Organic,Growth,99,,,99,65.91
3240,2024-08-01,Mid-Market,Referral,Scale,299,,,299,73.79
3241,2023-01-01,Enterprise,Organic,Growth,99,,Scale,299,67.9
3242,2024-04-01,Mid-Market,Organic,Starter,29,,,29,59.58
3243,2024-10-01,Enterprise,Outbound Sales,Scale,299,,,299,1158.95
3244,2024-09-01,Mid-Market,Organic,Starter,29,,,29,71.48
3245,2024-05-01,Mid-Market,Organic,Starter,29,,,29,63.6
3246,2024-04-01,Mid-Market,Partner,Growth,99,,,99,347.08
3247,2023-12-01,SMB,Paid Search,Scale,299,,Enterprise,799,365.85
3248,2024-01-01,Mid-Market,Organic,Growth,99,,,99,66.63
3249,2023-11-01,SMB,Organic,Enterprise,799,,,799,62.32
3250,2024-07-01,SMB,Paid Search,Growth,99,,Scale,299,400.9
3251,2024-03-01,Mid-Market,Paid Search,Scale,299,,,299,371.9
3252,2024-05-01,SMB,Organic,Starter,29,,,29,56.18
3253,2023-06-01,SMB,Organic,Starter,29,2024-08-01,,0,60.82
3254,2024-05-01,Mid-Market,Organic,Starter,29,,,29,65.59
3255,2024-01-01,SMB,Outbound Sales,Starter,29,,,29,1315.41
3256,2023-04-01,SMB,Organic,Starter,29,,,29,57.42
3257,2024-03-01,Mid-Market,Referral,Scale,299,,,299,72.31
3258,2024-09-01,SMB,Paid Search,Growth,99,,,99,495.48
3259,2024-03-01,SMB,Organic,Starter,29,2024-10-01,,0,66.5
3260,2023-07-01,SMB,Organic,Scale,299,,,299,71.9
3261,2023-12-01,SMB,Outbound Sales,Starter,29,,Growth,99,1576.98
3262,2023-07-01,Mid-Market,Paid Search,Starter,29,2024-02-01,,0,480.98
3263,2024-11-01,Mid-Market,Partner,Starter,29,,,29,246.97
3264,2023-12-01,Mid-Market,Referral,Scale,299,,,299,94.16
3265,2024-11-01,Mid-Market,Outbound Sales,Growth,99,,,99,1201.69
3266,2024-01-01,Mid-Market,Organic,Scale,299,,,299,69.16
3267,2023-01-01,Mid-Market,Paid Search,Starter,29,,,29,473.72
3268,2023-05-01,SMB,Paid Search,Scale,299,,,299,364.63
3269,2023-06-01,SMB,Referral,Growth,99,2024-02-01,,0,100.31
3270,2023-12-01,SMB,Organic,Enterprise,799,,,799,71.69
3271,2023-07-01,SMB,Referral,Growth,99,2023-09-01,,0,84.87
3272,2024-04-01,SMB,Referral,Growth,99,,,99,85.15
3273,2024-03-01,SMB,Referral,Growth,99,,,99,72.9
3274,2023-01-01,Enterprise,Paid Search,Growth,99,,,99,458.14
3275,2023-11-01,Mid-Market,Paid Search,Starter,29,,,29,474.92
3276,2024-07-01,SMB,Organic,Starter,29,,,29,49.12
3277,2024-10-01,SMB,Paid Search,Starter,29,,,29,494.81
3278,2024-06-01,SMB,Paid Search,Starter,29,,,29,348.34
3279,2023-11-01,Mid-Market,Paid Search,Scale,299,2024-02-01,,0,431.57
3280,2023-06-01,Mid-Market,Organic,Scale,299,2024-08-01,,0,70.26
3281,2023-06-01,SMB,Organic,Scale,299,,,299,70.28
3282,2024-04-01,SMB,Organic,Starter,29,2024-06-01,,0,51.2
3283,2024-09-01,Mid-Market,Referral,Starter,29,2024-11-01,,0,106.97
3284,2023-03-01,SMB,Outbound Sales,Growth,99,,,99,1226.03
3285,2023-09-01,SMB,Referral,Scale,299,,Enterprise,799,84.3
3286,2023-11-01,SMB,Outbound Sales,Starter,29,,Growth,99,1444.56
3287,2024-08-01,Mid-Market,Organic,Starter,29,,Growth,99,50.69
3288,2024-07-01,Enterprise,Organic,Growth,99,,,99,60.82
3289,2024-08-01,Enterprise,Outbound Sales,Starter,29,2024-11-01,,0,1520.63
3290,2024-01-01,SMB,Organic,Starter,29,,,29,59.91
3291,2023-12-01,Mid-Market,Paid Search,Enterprise,799,,,799,346.26
3292,2023-04-01,SMB,Referral,Starter,29,2023-11-01,,0,100.98
3293,2024-07-01,SMB,Referral,Starter,29,,,29,80.65
3294,2023-10-01,SMB,Referral,Starter,29,,,29,101.0
3295,2023-12-01,SMB,Organic,Growth,99,,,99,70.52
3296,2024-10-01,SMB,Organic,Starter,29,,,29,66.12
3297,2023-06-01,SMB,Partner,Starter,29,2023-11-01,,0,243.98
3298,2023-11-01,SMB,Organic,Starter,29,,,29,63.83
3299,2024-03-01,Enterprise,Partner,Growth,99,,,99,272.66
3300,2023-03-01,SMB,Outbound Sales,Scale,299,2023-10-01,,0,1187.44
3301,2024-01-01,SMB,Referral,Scale,299,,,299,99.39
3302,2023-02-01,Enterprise,Partner,Growth,99,,,99,274.75
3303,2024-03-01,Mid-Market,Paid Search,Enterprise,799,,,799,360.12
3304,2023-10-01,SMB,Paid Search,Enterprise,799,2024-11-01,,0,364.71
3305,2024-06-01,Enterprise,Organic,Growth,99,,,99,64.25
3306,2023-02-01,SMB,Paid Search,Growth,99,2024-06-01,,0,412.85
3307,2024-07-01,SMB,Outbound Sales,Starter,29,,,29,1192.66
3308,2023-04-01,SMB,Paid Search,Starter,29,2024-01-01,,0,349.39
3309,2023-03-01,SMB,Paid Search,Starter,29,2023-08-01,,0,493.46
3310,2023-07-01,SMB,Outbound Sales,Starter,29,,,29,1618.67
3311,2024-09-01,SMB,Outbound Sales,Starter,29,,,29,1292.85
3312,2024-06-01,SMB,Paid Search,Growth,99,,,99,377.78
3313,2023-06-01,Enterprise,Organic,Growth,99,,,99,49.0
3314,2024-04-01,Enterprise,Organic,Growth,99,,,99,55.37
3315,2023-04-01,Mid-Market,Organic,Growth,99,,Scale,299,61.99
3316,2023-04-01,Mid-Market,Referral,Scale,299,,,299,90.88
3317,2024-06-01,SMB,Organic,Starter,29,,Growth,99,57.87
3318,2024-04-01,Mid-Market,Paid Search,Scale,299,,Enterprise,799,396.83
3319,2024-01-01,SMB,Paid Search,Starter,29,,,29,500.34
3320,2024-05-01,Mid-Market,Outbound Sales,Growth,99,2024-09-01,,0,1350.15
3321,2023-06-01,Mid-Market,Paid Search,Starter,29,2023-08-01,,0,337.49
3322,2023-04-01,Mid-Market,Organic,Starter,29,,,29,64.78
3323,2023-05-01,Mid-Market,Referral,Growth,99,,,99,93.0
3324,2024-06-01,Enterprise,Paid Search,Starter,29,2024-08-01,,0,362.58
3325,2024-10-01,SMB,Outbound Sales,Growth,99,,,99,1462.5
3326,2024-11-01,Mid-Market,Organic,Starter,29,,,29,48.48
3327,2023-04-01,SMB,Paid Search,Starter,29,,,29,457.87
3328,2024-11-01,SMB,Organic,Growth,99,,,99,51.59
3329,2024-01-01,SMB,Organic,Scale,299,2024-03-01,,0,71.63
3330,2024-04-01,SMB,Outbound Sales,Starter,29,2024-09-01,,0,1356.16
3331,2023-04-01,SMB,Referral,Starter,29,,Growth,99,72.39
3332,2023-05-01,SMB,Outbound Sales,Starter,29,2023-08-01,,0,1532.55
3333,2024-05-01,SMB,Outbound Sales,Growth,99,2024-12-01,,0,1525.4
3334,2024-08-01,SMB,Partner,Growth,99,,,99,331.6
3335,2024-09-01,SMB,Paid Search,Growth,99,,,99,426.37
3336,2023-08-01,SMB,Partner,Starter,29,,Growth,99,266.21
3337,2024-11-01,SMB,Partner,Scale,299,,,299,316.8
3338,2024-02-01,SMB,Outbound Sales,Starter,29,2024-09-01,,0,1537.91
3339,2023-06-01,SMB,Outbound Sales,Starter,29,,Growth,99,1346.23
3340,2024-10-01,Enterprise,Organic,Scale,299,,,299,49.61
3341,2024-05-01,SMB,Paid Search,Growth,99,2024-07-01,,0,499.84
3342,2023-02-01,Enterprise,Referral,Scale,299,,,299,96.36
3343,2024-05-01,SMB,Referral,Enterprise,799,2024-06-01,,0,107.35
3344,2024-06-01,SMB,Outbound Sales,Growth,99,,,99,1180.98
3345,2024-03-01,Enterprise,Organic,Growth,99,2024-09-01,,0,52.88
3346,2023-12-01,SMB,Paid Search,Starter,29,,,29,352.88
3347,2024-03-01,SMB,Outbound Sales,Growth,99,2024-09-01,,0,1193.65
3348,2024-09-01,Mid-Market,Organic,Growth,99,,,99,50.6
3349,2024-09-01,Enterprise,Organic,Scale,299,,,299,54.55
3350,2024-06-01,Mid-Market,Paid Search,Starter,29,2024-08-01,,0,433.51
3351,2023-04-01,Mid-Market,Paid Search,Starter,29,2024-11-01,,0,473.72
3352,2024-05-01,SMB,Outbound Sales,Growth,99,,,99,1132.02
3353,2024-10-01,SMB,Outbound Sales,Starter,29,,,29,1165.07
3354,2023-07-01,SMB,Organic,Starter,29,2024-03-01,,0,54.96
3355,2024-09-01,SMB,Referral,Starter,29,,,29,84.36
3356,2024-07-01,SMB,Organic,Starter,29,,,29,69.34
3357,2024-02-01,SMB,Outbound Sales,Scale,299,2024-08-01,,0,1202.46
3358,2024-08-01,SMB,Outbound Sales,Growth,99,,,99,1149.08
3359,2023-12-01,Enterprise,Paid Search,Starter,29,2024-05-01,,0,482.79
3360,2024-09-01,SMB,Outbound Sales,Scale,299,2024-11-01,,0,1556.66
3361,2023-10-01,Mid-Market,Organic,Starter,29,,,29,66.85
3362,2024-08-01,Mid-Market,Organic,Enterprise,799,,,799,57.15
3363,2024-04-01,Mid-Market,Organic,Growth,99,,,99,69.91
3364,2024-10-01,SMB,Paid Search,Starter,29,,,29,409.81
3365,2023-08-01,SMB,Referral,Starter,29,2023-11-01,,0,100.5
3366,2023-07-01,Mid-Market,Paid Search,Growth,99,,,99,409.06
3367,2024-06-01,SMB,Paid Search,Starter,29,,,29,416.96
3368,2023-11-01,SMB,Referral,Starter,29,2024-01-01,,0,102.97
3369,2023-08-01,SMB,Paid Search,Growth,99,2024-05-01,,0,336.16
3370,2024-03-01,Enterprise,Paid Search,Starter,29,,,29,382.03
3371,2023-05-01,SMB,Referral,Starter,29,,,29,95.18
3372,2024-06-01,Enterprise,Organic,Starter,29,,,29,70.13
3373,2024-07-01,Mid-Market,Organic,Enterprise,799,,,799,48.3
3374,2023-01-01,SMB,Organic,Starter,29,2023-05-01,,0,59.14
3375,2024-05-01,SMB,Organic,Scale,299,,,299,60.4
3376,2024-02-01,SMB,Paid Search,Growth,99,,,99,503.9
3377,2024-08-01,SMB,Referral,Starter,29,,Growth,99,97.1
3378,2024-01-01,Mid-Market,Organic,Growth,99,2024-12-01,,0,51.03
3379,2024-04-01,SMB,Referral,Growth,99,2024-06-01,,0,91.99
3380,2023-05-01,SMB,Outbound Sales,Growth,99,,,99,1163.16
3381,2023-04-01,Mid-Market,Referral,Enterprise,799,,,799,98.14
3382,2023-06-01,SMB,Organic,Growth,99,,,99,56.72
3383,2024-10-01,Mid-Market,Organic,Starter,29,,Growth,99,63.86
3384,2024-11-01,SMB,Organic,Growth,99,2024-12-01,,0,69.47
3385,2024-06-01,SMB,Organic,Starter,29,,,29,67.0
3386,2023-10-01,SMB,Paid Search,Growth,99,,,99,469.85
3387,2024-09-01,SMB,Outbound Sales,Starter,29,,Growth,99,1231.5
3388,2023-02-01,SMB,Referral,Growth,99,,,99,93.28
3389,2023-06-01,Enterprise,Organic,Starter,29,,,29,52.5
3390,2023-08-01,SMB,Paid Search,Scale,299,2024-03-01,,0,373.13
3391,2023-01-01,Mid-Market,Outbound Sales,Starter,29,2024-08-01,,0,1462.23
3392,2024-11-01,SMB,Referral,Starter,29,,,29,86.65
3393,2024-03-01,SMB,Referral,Growth,99,2024-10-01,,0,103.99
3394,2024-08-01,SMB,Paid Search,Starter,29,2024-09-01,,0,417.85
3395,2023-10-01,Mid-Market,Outbound Sales,Enterprise,799,,,799,1117.25
3396,2023-06-01,SMB,Organic,Starter,29,,,29,57.95
3397,2024-03-01,Mid-Market,Referral,Growth,99,,,99,76.82
3398,2023-10-01,Mid-Market,Organic,Starter,29,,,29,71.87
3399,2024-07-01,SMB,Paid Search,Growth,99,,Scale,299,339.99
3400,2023-02-01,Mid-Market,Organic,Growth,99,,,99,61.48
3401,2024-07-01,SMB,Organic,Starter,29,,,29,56.75
3402,2023-10-01,Enterprise,Organic,Growth,99,,,99,62.57
3403,2024-06-01,Mid-Market,Organic,Starter,29,,,29,60.94
3404,2023-02-01,SMB,Paid Search,Scale,299,2024-08-01,,0,490.24
3405,2023-05-01,Mid-Market,Organic,Starter,29,2023-10-01,,0,52.38
3406,2023-07-01,Enterprise,Outbound Sales,Starter,29,,Growth,99,1144.62
3407,2024-01-01,SMB,Organic,Starter,29,,,29,68.89
3408,2023-02-01,SMB,Organic,Starter,29,2024-01-01,,0,70.36
3409,2024-06-01,Mid-Market,Referral,Growth,99,,,99,84.78
3410,2024-08-01,SMB,Organic,Starter,29,,,29,70.95
3411,2024-07-01,SMB,Organic,Growth,99,,,99,56.23
3412,2024-11-01,Mid-Market,Paid Search,Starter,29,,,29,434.18
3413,2023-09-01,SMB,Paid Search,Growth,99,,,99,448.01
3414,2023-12-01,Mid-Market,Referral,Growth,99,,,99,107.78
3415,2023-11-01,Mid-Market,Referral,Starter,29,,,29,78.13
3416,2023-07-01,SMB,Organic,Scale,299,,,299,55.07
3417,2023-06-01,SMB,Partner,Scale,299,,,299,305.54
3418,2023-04-01,SMB,Outbound Sales,Starter,29,2024-03-01,,0,1195.92
3419,2024-03-01,SMB,Organic,Growth,99,,,99,61.92
3420,2023-01-01,SMB,Referral,Starter,29,,,29,100.01
3421,2024-02-01,Mid-Market,Organic,Growth,99,,,99,69.1
3422,2023-09-01,Mid-Market,Organic,Starter,29,2024-03-01,,0,56.07
3423,2023-05-01,Mid-Market,Outbound Sales,Starter,29,2023-10-01,,0,1173.18
3424,2023-10-01,SMB,Organic,Growth,99,2024-11-01,,0,64.46
3425,2023-04-01,Enterprise,Paid Search,Scale,299,,,299,451.34
3426,2024-04-01,Mid-Market,Referral,Growth,99,,,99,87.76
3427,2023-05-01,SMB,Referral,Growth,99,,,99,93.37
3428,2023-04-01,SMB,Partner,Scale,299,,,299,335.82
3429,2024-07-01,SMB,Paid Search,Growth,99,,,99,459.18
3430,2023-02-01,SMB,Outbound Sales,Starter,29,2023-05-01,,0,1443.37
3431,2023-10-01,SMB,Organic,Growth,99,,Scale,299,63.88
3432,2024-11-01,SMB,Paid Search,Starter,29,,,29,457.67
3433,2023-03-01,SMB,Outbound Sales,Enterprise,799,2023-05-01,,0,1408.04
3434,2024-06-01,SMB,Outbound Sales,Growth,99,,,99,1125.62
3435,2023-02-01,SMB,Organic,Starter,29,,,29,61.99
3436,2024-06-01,Mid-Market,Organic,Growth,99,,,99,69.35
3437,2023-09-01,SMB,Paid Search,Starter,29,2024-07-01,,0,342.32
3438,2023-12-01,Enterprise,Paid Search,Starter,29,,,29,403.04
3439,2024-04-01,SMB,Organic,Starter,29,2024-12-01,,0,57.43
3440,2023-10-01,Mid-Market,Referral,Starter,29,2023-12-01,,0,81.15
3441,2024-03-01,Mid-Market,Outbound Sales,Starter,29,,,29,1390.24
3442,2024-02-01,Mid-Market,Outbound Sales,Starter,29,2024-03-01,,0,1172.14
3443,2024-08-01,SMB,Referral,Enterprise,799,2024-09-01,,0,104.99
3444,2023-08-01,Mid-Market,Paid Search,Scale,299,2024-04-01,,0,362.15
3445,2024-03-01,SMB,Referral,Starter,29,2024-04-01,,0,106.74
3446,2023-03-01,SMB,Organic,Growth,99,2023-04-01,,0,48.28
3447,2024-10-01,SMB,Outbound Sales,Starter,29,,,29,1343.5
3448,2024-08-01,Enterprise,Referral,Starter,29,,,29,73.3
3449,2023-09-01,SMB,Paid Search,Starter,29,,,29,483.36
3450,2024-02-01,SMB,Outbound Sales,Growth,99,,Scale,299,1511.32
3451,2023-01-01,Mid-Market,Paid Search,Growth,99,,,99,373.81
3452,2023-01-01,Mid-Market,Paid Search,Growth,99,2023-07-01,,0,359.18
3453,2023-03-01,SMB,Referral,Scale,299,2023-10-01,,0,79.63
3454,2024-08-01,Mid-Market,Paid Search,Growth,99,,,99,349.16
3455,2023-11-01,SMB,Outbound Sales,Scale,299,,,299,1207.95
3456,2024-11-01,SMB,Referral,Growth,99,,,99,74.45
3457,2023-09-01,SMB,Outbound Sales,Scale,299,,,299,1540.36
3458,2024-02-01,Mid-Market,Paid Search,Growth,99,,,99,479.31
3459,2024-07-01,SMB,Partner,Starter,29,,,29,305.88
3460,2024-09-01,Mid-Market,Organic,Growth,99,,,99,70.08
3461,2023-08-01,SMB,Outbound Sales,Starter,29,2023-12-01,,0,1269.15
3462,2024-09-01,Mid-Market,Outbound Sales,Growth,99,,,99,1176.57
3463,2024-11-01,Enterprise,Outbound Sales,Starter,29,,,29,1244.33
3464,2024-09-01,SMB,Paid Search,Starter,29,,,29,356.78
3465,2023-04-01,Mid-Market,Outbound Sales,Enterprise,799,,,799,1524.07
3466,2024-01-01,Enterprise,Referral,Starter,29,,,29,99.38
3467,2023-12-01,SMB,Paid Search,Growth,99,,,99,367.88
3468,2023-12-01,Mid-Market,Referral,Growth,99,,,99,91.64
3469,2023-09-01,Mid-Market,Organic,Enterprise,799,,,799,54.74
3470,2023-12-01,SMB,Organic,Growth,99,,,99,51.15
3471,2024-05-01,Mid-Market,Organic,Growth,99,,,99,53.89
3472,2023-05-01,Enterprise,Referral,Starter,29,,,29,93.59
3473,2023-05-01,Mid-Market,Outbound Sales,Growth,99,,,99,1431.36
3474,2024-10-01,SMB,Outbound Sales,Enterprise,799,,,799,1180.9
3475,2024-10-01,SMB,Organic,Scale,299,,,299,66.57
3476,2023-08-01,Mid-Market,Paid Search,Starter,29,,,29,432.58
3477,2023-10-01,Enterprise,Referral,Scale,299,2024-10-01,,0,87.45
3478,2023-12-01,Mid-Market,Organic,Growth,99,2024-10-01,,0,63.51
3479,2023-09-01,Mid-Market,Paid Search,Starter,29,,,29,391.99
3480,2024-04-01,SMB,Outbound Sales,Growth,99,,,99,1222.46
3481,2024-02-01,SMB,Referral,Starter,29,2024-09-01,,0,105.35
3482,2023-03-01,SMB,Partner,Starter,29,2023-08-01,,0,347.9
3483,2023-01-01,Mid-Market,Referral,Starter,29,,Growth,99,89.11
3484,2024-05-01,Mid-Market,Outbound Sales,Starter,29,,,29,1406.1
3485,2023-12-01,SMB,Referral,Starter,29,2024-02-01,,0,95.65
3486,2024-08-01,Mid-Market,Paid Search,Enterprise,799,,,799,446.14
3487,2024-02-01,SMB,Partner,Starter,29,,Growth,99,303.38
3488,2024-10-01,Enterprise,Organic,Starter,29,,,29,55.51
3489,2023-01-01,SMB,Paid Search,Starter,29,2024-06-01,,0,485.45
3490,2024-05-01,Mid-Market,Outbound Sales,Growth,99,2024-06-01,,0,1383.44
3491,2024-04-01,Enterprise,Referral,Starter,29,,,29,104.66
3492,2024-05-01,SMB,Outbound Sales,Starter,29,,,29,1527.34
3493,2023-12-01,SMB,Partner,Growth,99,,,99,317.96
3494,2023-02-01,Enterprise,Paid Search,Starter,29,2023-05-01,,0,455.37
3495,2023-03-01,SMB,Organic,Growth,99,2024-09-01,,0,69.87
3496,2024-11-01,Mid-Market,Organic,Scale,299,,,299,63.15
3497,2024-10-01,SMB,Outbound Sales,Growth,99,,Scale,299,1332.89
3498,2024-09-01,Enterprise,Paid Search,Starter,29,,,29,410.3
3499,2024-07-01,Enterprise,Organic,Scale,299,,Enterprise,799,71.52
3500,2023-12-01,SMB,Partner,Starter,29,2024-05-01,,0,330.19
3501,2023-02-01,SMB,Partner,Growth,99,,,99,320.55
3502,2024-03-01,Mid-Market,Paid Search,Enterprise,799,,,799,352.14
3503,2023-01-01,SMB,Referral,Starter,29,2023-07-01,,0,93.17
3504,2023-08-01,Mid-Market,Paid Search,Starter,29,2024-09-01,,0,367.73
3505,2023-05-01,Mid-Market,Outbound Sales,Scale,299,,,299,1290.48
3506,2024-07-01,SMB,Outbound Sales,Starter,29,,,29,1380.95
3507,2023-09-01,Mid-Market,Outbound Sales,Starter,29,,,29,1084.3
3508,2023-10-01,Mid-Market,Paid Search,Starter,29,2024-12-01,,0,480.86
3509,2023-03-01,Mid-Market,Outbound Sales,Scale,299,2024-08-01,,0,1316.9
3510,2024-09-01,SMB,Outbound Sales,Starter,29,,Growth,99,1416.25
3511,2023-01-01,Mid-Market,Partner,Growth,99,,,99,264.23
3512,2023-12-01,SMB,Organic,Starter,29,,,29,64.83
3513,2023-01-01,SMB,Referral,Starter,29,2023-10-01,,0,83.16
3514,2023-01-01,Enterprise,Paid Search,Growth,99,,,99,422.71
3515,2023-04-01,Enterprise,Referral,Starter,29,2023-07-01,,0,83.64
3516,2023-05-01,SMB,Paid Search,Starter,29,2023-07-01,,0,444.28
3517,2024-04-01,Mid-Market,Outbound Sales,Starter,29,2024-05-01,,0,1539.21
3518,2023-04-01,Mid-Market,Outbound Sales,Enterprise,799,,,799,1426.18
3519,2024-03-01,Mid-Market,Paid Search,Scale,299,2024-07-01,,0,365.93
3520,2024-08-01,SMB,Paid Search,Scale,299,,,299,377.94
3521,2024-01-01,Enterprise,Referral,Scale,299,,,299,90.82
3522,2024-04-01,SMB,Paid Search,Growth,99,,,99,381.58
3523,2023-10-01,Enterprise,Organic,Growth,99,2024-01-01,,0,52.69
3524,2023-01-01,Mid-Market,Referral,Starter,29,2023-02-01,,0,73.68
3525,2023-06-01,Mid-Market,Organic,Growth,99,2023-10-01,,0,50.5
3526,2023-09-01,Mid-Market,Referral,Starter,29,,,29,92.33
3527,2024-11-01,Mid-Market,Paid Search,Starter,29,,,29,368.7
3528,2024-11-01,SMB,Paid Search,Enterprise,799,,,799,419.73
3529,2023-02-01,Mid-Market,Organic,Scale,299,2023-07-01,,0,63.4
3530,2023-01-01,Mid-Market,Partner,Scale,299,,Enterprise,799,270.02
3531,2024-04-01,SMB,Organic,Starter,29,2024-09-01,,0,70.79
3532,2023-07-01,SMB,Partner,Scale,299,2024-11-01,,0,270.8
3533,2023-11-01,Mid-Market,Referral,Scale,299,,,299,77.84
3534,2023-05-01,SMB,Referral,Growth,99,2024-11-01,,0,88.45
3535,2024-03-01,SMB,Organic,Starter,29,,Growth,99,58.61
3536,2023-06-01,SMB,Outbound Sales,Starter,29,,,29,1543.52
3537,2023-03-01,SMB,Outbound Sales,Growth,99,2024-05-01,,0,1105.57
3538,2024-07-01,Mid-Market,Organic,Starter,29,,,29,54.54
3539,2024-06-01,SMB,Organic,Starter,29,,Growth,99,69.1
3540,2024-04-01,SMB,Organic,Growth,99,,,99,66.21
3541,2024-06-01,Enterprise,Referral,Scale,299,,,299,72.14
3542,2023-12-01,SMB,Partner,Scale,299,,Enterprise,799,303.35
3543,2024-09-01,Mid-Market,Paid Search,Starter,29,,,29,377.12
3544,2023-02-01,SMB,Organic,Scale,299,2024-05-01,,0,71.72
3545,2023-03-01,SMB,Organic,Scale,299,,,299,71.61
3546,2023-11-01,SMB,Referral,Growth,99,,,99,105.38
3547,2024-09-01,SMB,Referral,Starter,29,2024-11-01,,0,72.36
3548,2024-02-01,SMB,Outbound Sales,Growth,99,2024-08-01,,0,1568.67
3549,2024-11-01,SMB,Outbound Sales,Scale,299,,,299,1256.41
3550,2024-09-01,Enterprise,Referral,Starter,29,2024-11-01,,0,95.11
3551,2023-11-01,SMB,Paid Search,Starter,29,2024-10-01,,0,411.46
3552,2024-03-01,SMB,Paid Search,Starter,29,,,29,395.57
3553,2024-04-01,SMB,Referral,Enterprise,799,,,799,82.33
3554,2023-01-01,SMB,Organic,Growth,99,,,99,58.27
3555,2024-06-01,SMB,Outbound Sales,Growth,99,,,99,1240.4
3556,2024-04-01,Enterprise,Organic,Starter,29,,,29,70.22
3557,2023-06-01,SMB,Paid Search,Starter,29,2024-12-01,,0,409.42
3558,2024-07-01,SMB,Partner,Scale,299,,,299,353.36
3559,2023-01-01,Mid-Market,Referral,Starter,29,2023-02-01,,0,85.37
3560,2023-04-01,SMB,Referral,Starter,29,2023-07-01,,0,81.36
3561,2024-09-01,Mid-Market,Paid Search,Starter,29,,,29,471.94
3562,2024-06-01,Mid-Market,Paid Search,Scale,299,,,299,423.44
3563,2024-07-01,SMB,Organic,Starter,29,,,29,51.91
3564,2024-04-01,SMB,Outbound Sales,Starter,29,,,29,1581.12
3565,2023-03-01,Enterprise,Referral,Scale,299,2024-07-01,,0,106.64
3566,2023-05-01,SMB,Organic,Growth,99,2023-10-01,,0,64.52
3567,2023-02-01,SMB,Outbound Sales,Starter,29,,,29,1604.8
3568,2024-01-01,Enterprise,Outbound Sales,Starter,29,,,29,1444.04
3569,2024-04-01,SMB,Organic,Starter,29,,,29,62.96
3570,2024-01-01,Mid-Market,Partner,Enterprise,799,,,799,339.11
3571,2023-01-01,SMB,Referral,Starter,29,2024-01-01,,0,74.44
3572,2023-04-01,SMB,Paid Search,Enterprise,799,2024-03-01,,0,410.41
3573,2024-07-01,Enterprise,Paid Search,Enterprise,799,,,799,408.31
3574,2023-03-01,Mid-Market,Outbound Sales,Scale,299,,,299,1415.24
3575,2023-08-01,Mid-Market,Paid Search,Starter,29,,,29,394.33
3576,2023-08-01,Mid-Market,Organic,Enterprise,799,,,799,58.88
3577,2023-04-01,SMB,Referral,Enterprise,799,,,799,102.58
3578,2023-05-01,SMB,Paid Search,Starter,29,2023-10-01,,0,495.25
3579,2024-04-01,Mid-Market,Paid Search,Starter,29,2024-08-01,,0,417.33
3580,2023-06-01,SMB,Outbound Sales,Starter,29,,Growth,99,1460.81
3581,2024-02-01,Mid-Market,Referral,Scale,299,2024-05-01,,0,91.7
3582,2023-11-01,Enterprise,Paid Search,Growth,99,,,99,481.76
3583,2024-03-01,Mid-Market,Paid Search,Growth,99,2024-05-01,,0,379.97
3584,2023-04-01,SMB,Referral,Growth,99,2023-05-01,,0,103.08
3585,2023-01-01,SMB,Partner,Starter,29,2024-09-01,,0,301.81
3586,2024-09-01,Mid-Market,Paid Search,Growth,99,,,99,412.63
3587,2024-09-01,SMB,Organic,Starter,29,,,29,70.85
3588,2024-08-01,Mid-Market,Outbound Sales,Growth,99,,,99,1244.74
3589,2024-05-01,Enterprise,Organic,Enterprise,799,,,799,49.98
3590,2023-03-01,SMB,Referral,Starter,29,2024-01-01,,0,96.19
3591,2024-04-01,SMB,Outbound Sales,Growth,99,,,99,1222.02
3592,2023-09-01,SMB,Organic,Starter,29,2024-03-01,,0,63.4
3593,2024-06-01,SMB,Organic,Starter,29,,,29,49.34
3594,2023-05-01,SMB,Organic,Starter,29,2024-10-01,,0,61.5
3595,2024-01-01,SMB,Organic,Starter,29,,,29,53.69
3596,2024-03-01,Mid-Market,Outbound Sales,Starter,29,,,29,1120.65
3597,2023-02-01,Mid-Market,Outbound Sales,Scale,299,,,299,1110.0
3598,2024-02-01,SMB,Paid Search,Starter,29,,Growth,99,496.87
3599,2023-05-01,Mid-Market,Paid Search,Growth,99,,Scale,299,380.59
3600,2024-09-01,Mid-Market,Outbound Sales,Starter,29,,,29,1394.18
3601,2023-12-01,SMB,Organic,Scale,299,,,299,59.63
3602,2023-01-01,Mid-Market,Paid Search,Growth,99,,Scale,299,396.97
3603,2024-06-01,Enterprise,Organic,Growth,99,,,99,61.02
3604,2023-11-01,Mid-Market,Referral,Starter,29,,,29,92.15
3605,2023-03-01,Mid-Market,Paid Search,Growth,99,2024-03-01,,0,476.66
3606,2023-04-01,SMB,Partner,Growth,99,2023-06-01,,0,286.35
3607,2023-05-01,SMB,Organic,Starter,29,2023-07-01,,0,56.47
3608,2023-01-01,SMB,Organic,Enterprise,799,,,799,64.3
3609,2023-04-01,SMB,Paid Search,Scale,299,2024-08-01,,0,398.46
3610,2024-05-01,SMB,Referral,Starter,29,2024-10-01,,0,90.4
3611,2024-04-01,SMB,Paid Search,Growth,99,,,99,365.09
3612,2023-08-01,Mid-Market,Outbound Sales,Starter,29,2024-05-01,,0,1233.28
3613,2024-03-01,SMB,Organic,Starter,29,2024-09-01,,0,52.83
3614,2024-07-01,SMB,Referral,Starter,29,2024-12-01,,0,102.26
3615,2024-04-01,Mid-Market,Paid Search,Starter,29,,,29,470.06
3616,2023-09-01,SMB,Paid Search,Starter,29,,,29,401.88
3617,2024-04-01,Mid-Market,Organic,Starter,29,,,29,58.57
3618,2024-07-01,Enterprise,Paid Search,Starter,29,,,29,404.98
3619,2023-06-01,SMB,Referral,Growth,99,,,99,78.94
3620,2023-10-01,SMB,Paid Search,Scale,299,,,299,467.6
3621,2024-08-01,SMB,Paid Search,Starter,29,,,29,475.26
3622,2024-05-01,Mid-Market,Organic,Growth,99,,,99,62.64
3623,2024-06-01,Mid-Market,Partner,Starter,29,,,29,329.06
3624,2023-02-01,Enterprise,Organic,Starter,29,2024-07-01,,0,63.66
3625,2023-05-01,SMB,Paid Search,Growth,99,2023-07-01,,0,353.23
3626,2023-04-01,SMB,Outbound Sales,Growth,99,,Scale,299,1377.58
3627,2023-07-01,SMB,Organic,Enterprise,799,,,799,56.33
3628,2024-06-01,SMB,Paid Search,Growth,99,,,99,372.99
3629,2023-12-01,SMB,Paid Search,Starter,29,,,29,447.7
3630,2023-12-01,SMB,Referral,Starter,29,,,29,104.0
3631,2024-05-01,Enterprise,Organic,Scale,299,,,299,72.0
3632,2024-04-01,SMB,Partner,Enterprise,799,,,799,309.27
3633,2024-08-01,SMB,Referral,Growth,99,,,99,96.21
3634,2024-01-01,Mid-Market,Paid Search,Starter,29,2024-07-01,,0,445.44
3635,2023-04-01,Mid-Market,Organic,Starter,29,,,29,64.68
3636,2023-01-01,SMB,Partner,Starter,29,,,29,269.55
3637,2023-04-01,SMB,Organic,Starter,29,2024-09-01,,0,51.83
3638,2023-06-01,SMB,Paid Search,Growth,99,2023-11-01,,0,404.45
3639,2023-11-01,Enterprise,Organic,Enterprise,799,,,799,59.18
3640,2024-04-01,SMB,Referral,Scale,299,2024-11-01,,0,99.48
3641,2024-11-01,SMB,Referral,Growth,99,,,99,94.42
3642,2024-11-01,Mid-Market,Referral,Enterprise,799,,,799,91.88
3643,2024-09-01,Enterprise,Referral,Starter,29,,,29,89.95
3644,2023-07-01,Mid-Market,Outbound Sales,Scale,299,2024-01-01,,0,1200.46
3645,2023-05-01,Mid-Market,Referral,Growth,99,2024-02-01,,0,85.42
3646,2023-06-01,SMB,Outbound Sales,Enterprise,799,,,799,1139.07
3647,2023-08-01,SMB,Paid Search,Starter,29,2024-03-01,,0,347.06
3648,2024-06-01,Mid-Market,Outbound Sales,Scale,299,,,299,1087.13
3649,2023-10-01,Mid-Market,Outbound Sales,Starter,29,,,29,1127.33
3650,2023-04-01,Enterprise,Organic,Starter,29,,Growth,99,62.28
3651,2023-10-01,Mid-Market,Paid Search,Starter,29,,,29,499.22
3652,2023-06-01,SMB,Organic,Scale,299,2024-04-01,,0,48.69
3653,2023-06-01,SMB,Referral,Starter,29,2024-07-01,,0,100.2
3654,2023-06-01,Enterprise,Organic,Scale,299,,,299,63.97
3655,2023-01-01,Enterprise,Referral,Starter,29,,,29,102.91
3656,2023-12-01,Mid-Market,Paid Search,Starter,29,2024-07-01,,0,494.82
3657,2024-07-01,Enterprise,Organic,Starter,29,,,29,67.51
3658,2024-01-01,SMB,Referral,Starter,29,2024-03-01,,0,100.72
3659,2023-01-01,Mid-Market,Partner,Starter,29,,,29,250.35
3660,2024-04-01,Mid-Market,Organic,Starter,29,,,29,56.61
3661,2024-03-01,Mid-Market,Paid Search,Enterprise,799,,,799,439.58
3662,2023-07-01,SMB,Organic,Growth,99,2024-08-01,,0,48.41
3663,2023-12-01,SMB,Referral,Growth,99,,,99,89.09
3664,2024-01-01,SMB,Paid Search,Starter,29,2024-11-01,,0,337.4
3665,2024-07-01,SMB,Paid Search,Enterprise,799,,,799,460.59
3666,2024-07-01,SMB,Referral,Scale,299,,,299,81.56
3667,2023-12-01,SMB,Referral,Scale,299,2024-09-01,,0,99.18
3668,2023-05-01,Mid-Market,Referral,Scale,299,,,299,89.28
3669,2024-05-01,SMB,Outbound Sales,Enterprise,799,,,799,1138.32
3670,2024-06-01,SMB,Organic,Enterprise,799,,,799,70.06
3671,2023-04-01,Mid-Market,Paid Search,Starter,29,,Growth,99,453.26
3672,2023-08-01,SMB,Paid Search,Starter,29,2023-09-01,,0,457.7
3673,2023-07-01,Mid-Market,Organic,Starter,29,2024-02-01,,0,53.54
3674,2023-07-01,SMB,Paid Search,Starter,29,,,29,357.1
3675,2023-10-01,SMB,Outbound Sales,Scale,299,2024-07-01,,0,1595.42
3676,2023-05-01,Mid-Market,Referral,Starter,29,,,29,84.47
3677,2024-03-01,Enterprise,Partner,Starter,29,2024-08-01,,0,268.13
3678,2024-10-01,Enterprise,Organic,Growth,99,2024-11-01,,0,69.08
3679,2024-03-01,SMB,Paid Search,Growth,99,,Scale,299,413.84
3680,2023-11-01,SMB,Partner,Scale,299,,,299,318.5
3681,2024-08-01,Mid-Market,Referral,Starter,29,,,29,81.59
3682,2023-03-01,Enterprise,Paid Search,Starter,29,,,29,498.81
3683,2024-09-01,Mid-Market,Partner,Starter,29,,,29,296.88
3684,2024-10-01,SMB,Organic,Starter,29,,,29,58.18
3685,2024-06-01,SMB,Partner,Growth,99,,,99,247.76
3686,2023-01-01,SMB,Paid Search,Starter,29,2023-07-01,,0,454.95
3687,2023-08-01,Mid-Market,Organic,Growth,99,,Scale,299,60.98
3688,2024-06-01,Mid-Market,Paid Search,Starter,29,,,29,498.33
3689,2023-08-01,SMB,Outbound Sales,Growth,99,,,99,1148.92
3690,2023-02-01,SMB,Organic,Starter,29,2024-02-01,,0,57.39
3691,2023-02-01,SMB,Paid Search,Growth,99,2023-06-01,,0,378.68
3692,2024-10-01,Enterprise,Paid Search,Scale,299,,,299,448.16
3693,2023-01-01,SMB,Paid Search,Growth,99,2024-09-01,,0,348.04
3694,2024-01-01,Mid-Market,Paid Search,Scale,299,,,299,502.76
3695,2023-04-01,SMB,Referral,Scale,299,2024-03-01,,0,97.71
3696,2024-06-01,Enterprise,Paid Search,Scale,299,,,299,400.05
3697,2024-03-01,Mid-Market,Referral,Growth,99,2024-11-01,,0,85.26
3698,2023-12-01,SMB,Paid Search,Growth,99,2024-09-01,,0,416.72
3699,2024-11-01,Mid-Market,Referral,Scale,299,2024-12-01,,0,97.12
3700,2024-03-01,SMB,Paid Search,Starter,29,,,29,435.37
3701,2023-08-01,SMB,Paid Search,Growth,99,,Scale,299,417.32
3702,2023-10-01,SMB,Outbound Sales,Enterprise,799,,,799,1185.52
3703,2023-07-01,Mid-Market,Referral,Scale,299,2023-12-01,,0,78.26
3704,2023-04-01,Enterprise,Organic,Starter,29,,,29,69.98
3705,2024-01-01,SMB,Paid Search,Growth,99,,,99,428.68
3706,2023-04-01,Mid-Market,Organic,Starter,29,2023-10-01,,0,61.92
3707,2023-02-01,SMB,Organic,Scale,299,,,299,58.39
3708,2023-04-01,Mid-Market,Outbound Sales,Starter,29,,,29,1462.39
3709,2023-03-01,Mid-Market,Organic,Starter,29,2023-04-01,,0,67.24
3710,2024-08-01,Mid-Market,Paid Search,Scale,299,,Enterprise,799,405.09
3711,2023-11-01,Mid-Market,Outbound Sales,Growth,99,,,99,1108.42
3712,2023-02-01,SMB,Paid Search,Scale,299,2023-12-01,,0,378.41
3713,2024-05-01,Mid-Market,Organic,Enterprise,799,,,799,67.72
3714,2023-12-01,SMB,Paid Search,Starter,29,,,29,430.11
3715,2023-01-01,Mid-Market,Paid Search,Scale,299,2023-11-01,,0,484.06
3716,2023-10-01,SMB,Organic,Starter,29,,Growth,99,57.16
3717,2024-06-01,Mid-Market,Referral,Starter,29,,,29,83.34
3718,2023-08-01,Mid-Market,Paid Search,Starter,29,,,29,336.24
3719,2024-07-01,Mid-Market,Paid Search,Growth,99,,Scale,299,366.27
3720,2023-10-01,Mid-Market,Outbound Sales,Starter,29,,,29,1260.99
3721,2024-06-01,Enterprise,Organic,Starter,29,,,29,49.91
3722,2023-08-01,SMB,Organic,Starter,29,2023-12-01,,0,62.51
3723,2024-04-01,Enterprise,Paid Search,Growth,99,,,99,502.27
3724,2023-10-01,Mid-Market,Outbound Sales,Starter,29,2024-05-01,,0,1111.43
3725,2023-05-01,SMB,Partner,Starter,29,2023-12-01,,0,287.03
3726,2024-04-01,Mid-Market,Organic,Scale,299,,,299,57.6
3727,2024-04-01,Mid-Market,Referral,Starter,29,2024-05-01,,0,74.51
3728,2023-04-01,SMB,Paid Search,Growth,99,2024-12-01,,0,367.16
3729,2023-12-01,Mid-Market,Paid Search,Growth,99,,,99,412.08
3730,2023-02-01,SMB,Outbound Sales,Scale,299,2023-03-01,,0,1596.01
3731,2024-02-01,SMB,Referral,Starter,29,2024-08-01,,0,92.53
3732,2023-11-01,SMB,Partner,Scale,299,2024-05-01,,0,251.98
3733,2024-04-01,SMB,Organic,Growth,99,,,99,65.81
3734,2024-05-01,Mid-Market,Referral,Starter,29,2024-12-01,,0,102.86
3735,2024-05-01,SMB,Paid Search,Enterprise,799,,,799,471.77
3736,2023-05-01,SMB,Outbound Sales,Scale,299,2024-01-01,,0,1521.9
3737,2023-03-01,SMB,Referral,Starter,29,2023-07-01,,0,101.22
3738,2023-09-01,SMB,Organic,Starter,29,2024-04-01,,0,53.35
3739,2024-02-01,SMB,Paid Search,Starter,29,,,29,435.82
3740,2023-05-01,Mid-Market,Paid Search,Growth,99,2024-09-01,,0,363.32
3741,2024-04-01,SMB,Organic,Growth,99,,,99,55.88
3742,2024-01-01,Mid-Market,Outbound Sales,Growth,99,,,99,1305.33
3743,2024-07-01,SMB,Referral,Starter,29,,,29,87.55
3744,2024-08-01,Enterprise,Organic,Enterprise,799,,,799,58.51
3745,2024-04-01,Mid-Market,Paid Search,Starter,29,,,29,467.63
3746,2024-11-01,SMB,Referral,Starter,29,,,29,94.33
3747,2024-06-01,SMB,Paid Search,Growth,99,2024-12-01,,0,443.82
3748,2023-10-01,Enterprise,Referral,Starter,29,2024-06-01,,0,99.67
3749,2024-06-01,Mid-Market,Organic,Growth,99,,,99,52.97
3750,2023-08-01,Enterprise,Referral,Scale,299,,,299,88.72
3751,2023-06-01,SMB,Paid Search,Starter,29,,,29,479.67
3752,2023-10-01,Mid-Market,Organic,Scale,299,,,299,64.94
3753,2023-02-01,Mid-Market,Paid Search,Enterprise,799,,,799,483.86
3754,2024-07-01,SMB,Paid Search,Starter,29,,,29,412.14
3755,2023-07-01,Mid-Market,Paid Search,Enterprise,799,2024-01-01,,0,464.67
3756,2024-10-01,SMB,Partner,Starter,29,,Growth,99,271.92
3757,2024-01-01,Mid-Market,Paid Search,Starter,29,2024-05-01,,0,481.79
3758,2023-01-01,Mid-Market,Paid Search,Enterprise,799,,,799,385.84
3759,2024-07-01,SMB,Referral,Scale,299,,,299,84.26
3760,2024-07-01,SMB,Referral,Starter,29,2024-12-01,,0,97.84
3761,2023-01-01,SMB,Paid Search,Growth,99,,,99,461.62
3762,2023-05-01,Mid-Market,Referral,Scale,299,,,299,73.89
3763,2023-05-01,Mid-Market,Organic,Starter,29,,,29,51.6
3764,2023-06-01,SMB,Organic,Starter,29,,Growth,99,53.99
3765,2023-12-01,Enterprise,Partner,Starter,29,,,29,359.98
3766,2024-08-01,SMB,Paid Search,Starter,29,,,29,474.17
3767,2023-10-01,Mid-Market,Outbound Sales,Growth,99,2024-02-01,,0,1466.13
3768,2023-10-01,Mid-Market,Paid Search,Growth,99,,,99,497.86
3769,2024-07-01,SMB,Paid Search,Starter,29,,,29,451.45
3770,2024-05-01,SMB,Paid Search,Growth,99,,,99,452.2
3771,2024-02-01,Enterprise,Referral,Scale,299,,,299,104.33
3772,2023-05-01,Enterprise,Organic,Growth,99,2023-11-01,,0,55.25
3773,2023-09-01,SMB,Organic,Starter,29,2024-02-01,,0,48.04
3774,2023-07-01,Mid-Market,Organic,Starter,29,2023-12-01,,0,65.16
3775,2024-05-01,Enterprise,Paid Search,Starter,29,,,29,362.23
3776,2023-10-01,SMB,Referral,Starter,29,2024-07-01,,0,82.34
3777,2024-07-01,SMB,Paid Search,Starter,29,,,29,474.18
3778,2024-05-01,Mid-Market,Organic,Scale,299,,,299,66.67
3779,2023-12-01,Mid-Market,Paid Search,Starter,29,,Growth,99,415.76
3780,2023-05-01,Mid-Market,Referral,Scale,299,2023-10-01,,0,75.76
3781,2023-07-01,SMB,Organic,Scale,299,2024-10-01,,0,55.16
3782,2023-08-01,SMB,Paid Search,Growth,99,2024-07-01,,0,415.89
3783,2024-06-01,SMB,Paid Search,Growth,99,2024-07-01,,0,465.05
3784,2023-09-01,Mid-Market,Paid Search,Starter,29,,,29,501.43
3785,2023-08-01,SMB,Outbound Sales,Growth,99,,,99,1417.81
3786,2023-01-01,Enterprise,Organic,Starter,29,,,29,49.28
3787,2023-10-01,SMB,Paid Search,Starter,29,2024-09-01,,0,373.15
3788,2024-01-01,SMB,Organic,Scale,299,2024-09-01,,0,54.23
3789,2023-11-01,SMB,Paid Search,Starter,29,2024-02-01,,0,442.59
3790,2023-07-01,SMB,Organic,Scale,299,,,299,48.44
3791,2024-09-01,Enterprise,Paid Search,Growth,99,,,99,421.1
3792,2024-02-01,Mid-Market,Organic,Starter,29,,,29,71.9
3793,2023-04-01,Mid-Market,Referral,Starter,29,2024-10-01,,0,99.67
3794,2024-08-01,SMB,Paid Search,Starter,29,,,29,465.25
3795,2024-01-01,Mid-Market,Referral,Growth,99,2024-07-01,,0,98.83
3796,2024-05-01,SMB,Partner,Starter,29,,,29,322.01
3797,2023-04-01,SMB,Outbound Sales,Starter,29,,,29,1241.12
3798,2023-03-01,Mid-Market,Organic,Scale,299,,,299,66.79
3799,2023-04-01,SMB,Referral,Starter,29,2023-10-01,,0,95.25
3800,2024-11-01,SMB,Partner,Starter,29,,,29,267.47
3801,2024-09-01,Mid-Market,Organic,Scale,299,,,299,71.5
3802,2023-12-01,SMB,Outbound Sales,Starter,29,2024-01-01,,0,1611.64
3803,2023-12-01,Mid-Market,Outbound Sales,Starter,29,,,29,1281.91
3804,2024-09-01,SMB,Partner,Scale,299,,,299,330.38
3805,2023-08-01,SMB,Referral,Starter,29,2023-11-01,,0,96.53
3806,2024-06-01,SMB,Paid Search,Starter,29,2024-12-01,,0,434.1
3807,2023-04-01,SMB,Organic,Starter,29,,,29,52.34
3808,2024-10-01,SMB,Outbound Sales,Starter,29,,,29,1332.64
3809,2023-08-01,Enterprise,Paid Search,Starter,29,,,29,458.63
3810,2023-11-01,Mid-Market,Organic,Growth,99,2023-12-01,,0,71.72
3811,2024-04-01,SMB,Outbound Sales,Growth,99,,,99,1411.35
3812,2024-10-01,Enterprise,Outbound Sales,Starter,29,,,29,1486.18
3813,2024-09-01,Enterprise,Referral,Growth,99,,,99,104.9
3814,2024-09-01,SMB,Organic,Scale,299,,,299,62.73
3815,2024-11-01,Enterprise,Outbound Sales,Starter,29,,Growth,99,1492.84
3816,2023-06-01,SMB,Paid Search,Starter,29,,,29,412.95
3817,2023-03-01,Mid-Market,Referral,Starter,29,,,29,82.51
3818,2023-03-01,SMB,Referral,Scale,299,,,299,89.75
3819,2024-04-01,Mid-Market,Paid Search,Starter,29,2024-11-01,,0,350.95
3820,2024-06-01,Mid-Market,Organic,Starter,29,2024-07-01,,0,70.32
3821,2023-06-01,Mid-Market,Paid Search,Growth,99,2024-08-01,,0,388.15
3822,2024-08-01,SMB,Paid Search,Scale,299,,,299,413.45
3823,2023-01-01,Mid-Market,Outbound Sales,Starter,29,,,29,1432.82
3824,2023-06-01,Mid-Market,Paid Search,Growth,99,,,99,420.76
3825,2024-09-01,SMB,Organic,Starter,29,,,29,54.79
3826,2024-05-01,SMB,Outbound Sales,Starter,29,2024-11-01,,0,1611.52
3827,2024-09-01,SMB,Referral,Enterprise,799,,,799,102.54
3828,2023-05-01,SMB,Paid Search,Growth,99,2023-09-01,,0,353.27
3829,2024-10-01,SMB,Paid Search,Starter,29,,,29,397.72
3830,2024-11-01,Mid-Market,Outbound Sales,Starter,29,,,29,1184.92
3831,2024-09-01,SMB,Referral,Starter,29,,,29,89.23
3832,2023-02-01,Mid-Market,Partner,Starter,29,,,29,265.06
3833,2024-10-01,SMB,Outbound Sales,Starter,29,,,29,1248.63
3834,2023-09-01,SMB,Organic,Starter,29,2023-12-01,,0,60.5
3835,2024-11-01,Mid-Market,Paid Search,Starter,29,,,29,360.21
3836,2024-04-01,Mid-Market,Referral,Scale,299,,,299,102.99
3837,2024-04-01,SMB,Referral,Starter,29,,,29,85.06
3838,2023-08-01,Mid-Market,Outbound Sales,Growth,99,2024-11-01,,0,1573.72
3839,2024-11-01,Enterprise,Partner,Growth,99,,,99,243.61
3840,2024-04-01,SMB,Partner,Scale,299,,Enterprise,799,332.6
3841,2023-12-01,SMB,Referral,Scale,299,2024-04-01,,0,103.14
3842,2023-04-01,SMB,Organic,Starter,29,2023-08-01,,0,71.63
3843,2023-04-01,SMB,Partner,Scale,299,2023-11-01,,0,255.82
3844,2024-07-01,SMB,Organic,Growth,99,,,99,58.41
3845,2023-08-01,SMB,Outbound Sales,Growth,99,2024-07-01,,0,1490.57
3846,2024-04-01,SMB,Outbound Sales,Growth,99,2024-08-01,,0,1357.32
3847,2023-01-01,Mid-Market,Paid Search,Scale,299,,,299,473.89
3848,2024-06-01,SMB,Paid Search,Starter,29,,,29,501.3
3849,2024-06-01,SMB,Organic,Starter,29,2024-08-01,,0,66.16
3850,2024-06-01,Mid-Market,Referral,Scale,299,,,299,98.72
3851,2024-02-01,Enterprise,Outbound Sales,Starter,29,,,29,1386.66
3852,2024-07-01,Mid-Market,Outbound Sales,Starter,29,,,29,1330.11
3853,2024-09-01,SMB,Outbound Sales,Scale,299,2024-10-01,,0,1530.91
3854,2024-06-01,Mid-Market,Organic,Scale,299,,,299,53.59
3855,2023-02-01,Mid-Market,Organic,Starter,29,,,29,68.67
3856,2024-03-01,Mid-Market,Paid Search,Starter,29,,,29,476.68
3857,2024-01-01,SMB,Partner,Starter,29,,,29,328.46
3858,2024-04-01,Mid-Market,Paid Search,Starter,29,,Growth,99,452.91
3859,2024-01-01,Enterprise,Organic,Starter,29,,,29,48.19
3860,2023-06-01,Mid-Market,Outbound Sales,Enterprise,799,,,799,1614.83
3861,2024-01-01,SMB,Paid Search,Growth,99,,,99,401.84
3862,2023-01-01,Mid-Market,Partner,Growth,99,,,99,285.58
3863,2023-09-01,SMB,Outbound Sales,Growth,99,,Scale,299,1613.72
3864,2024-04-01,Mid-Market,Outbound Sales,Scale,299,2024-11-01,,0,1210.62
3865,2023-03-01,Mid-Market,Paid Search,Starter,29,2024-07-01,,0,496.13
3866,2023-08-01,SMB,Referral,Starter,29,2023-10-01,,0,85.87
3867,2024-04-01,SMB,Paid Search,Enterprise,799,,,799,352.5
3868,2024-11-01,SMB,Organic,Growth,99,,,99,60.55
3869,2024-03-01,SMB,Outbound Sales,Growth,99,,,99,1461.36
3870,2023-09-01,SMB,Paid Search,Starter,29,,,29,438.32
3871,2024-04-01,Mid-Market,Referral,Growth,99,,,99,106.28
3872,2023-06-01,SMB,Paid Search,Growth,99,2024-12-01,,0,400.46
3873,2024-10-01,Mid-Market,Referral,Growth,99,,,99,87.91
3874,2024-03-01,SMB,Paid Search,Starter,29,,,29,377.32
3875,2023-09-01,Mid-Market,Partner,Starter,29,,,29,309.34
3876,2024-07-01,Mid-Market,Outbound Sales,Starter,29,2024-08-01,,0,1587.41
3877,2023-05-01,Enterprise,Paid Search,Growth,99,,,99,394.06
3878,2023-02-01,SMB,Organic,Scale,299,2024-05-01,,0,50.76
3879,2024-08-01,Mid-Market,Paid Search,Scale,299,,,299,397.51
3880,2023-01-01,Mid-Market,Outbound Sales,Enterprise,799,,,799,1556.93
3881,2024-05-01,SMB,Organic,Growth,99,2024-06-01,,0,69.6
3882,2024-10-01,Mid-Market,Partner,Starter,29,,,29,254.64
3883,2024-11-01,SMB,Organic,Scale,299,,Enterprise,799,66.35
3884,2023-06-01,Enterprise,Outbound Sales,Scale,299,,,299,1156.49
3885,2024-06-01,Enterprise,Referral,Starter,29,,,29,103.84
3886,2023-12-01,SMB,Partner,Growth,99,2024-02-01,,0,297.02
3887,2023-09-01,Mid-Market,Partner,Scale,299,,Enterprise,799,347.85
3888,2023-07-01,SMB,Paid Search,Starter,29,,,29,348.52
3889,2023-02-01,Mid-Market,Outbound Sales,Scale,299,,,299,1121.25
3890,2024-02-01,SMB,Outbound Sales,Starter,29,,,29,1585.08
3891,2024-04-01,Mid-Market,Outbound Sales,Growth,99,2024-10-01,,0,1497.06
3892,2023-08-01,Mid-Market,Outbound Sales,Starter,29,,,29,1158.59
3893,2023-04-01,SMB,Paid Search,Growth,99,2024-06-01,,0,485.6
3894,2024-02-01,SMB,Paid Search,Starter,29,,Growth,99,479.44
3895,2023-10-01,Mid-Market,Paid Search,Growth,99,,Scale,299,426.35
3896,2024-02-01,Mid-Market,Paid Search,Starter,29,2024-05-01,,0,363.73
3897,2023-02-01,Mid-Market,Organic,Scale,299,,,299,58.14
3898,2024-02-01,Enterprise,Referral,Scale,299,,,299,91.81
3899,2023-03-01,SMB,Organic,Growth,99,2023-07-01,,0,53.03
3900,2023-10-01,SMB,Referral,Starter,29,2024-05-01,,0,102.9
3901,2023-09-01,Mid-Market,Partner,Growth,99,,Scale,299,340.03
3902,2023-08-01,Mid-Market,Paid Search,Growth,99,,,99,339.92
3903,2024-09-01,SMB,Outbound Sales,Starter,29,2024-11-01,,0,1090.61
3904,2024-09-01,SMB,Organic,Starter,29,,,29,58.48
3905,2024-07-01,Enterprise,Referral,Starter,29,,,29,105.27
3906,2023-03-01,SMB,Referral,Growth,99,,,99,99.65
3907,2024-07-01,Enterprise,Paid Search,Starter,29,,,29,497.02
3908,2024-08-01,SMB,Organic,Scale,299,,Enterprise,799,54.82
3909,2023-01-01,Mid-Market,Organic,Growth,99,2023-07-01,,0,71.24
3910,2024-09-01,Mid-Market,Paid Search,Starter,29,,Growth,99,425.29
3911,2024-09-01,Mid-Market,Organic,Growth,99,,,99,62.66
3912,2024-04-01,SMB,Organic,Growth,99,,,99,53.49
3913,2024-04-01,SMB,Organic,Growth,99,,,99,59.07
3914,2023-02-01,Mid-Market,Referral,Growth,99,,,99,99.22
3915,2023-07-01,Enterprise,Partner,Growth,99,,,99,282.13
3916,2023-10-01,Mid-Market,Organic,Starter,29,2023-12-01,,0,49.67
3917,2024-10-01,Mid-Market,Outbound Sales,Growth,99,,,99,1532.39
3918,2023-01-01,Enterprise,Outbound Sales,Growth,99,2024-07-01,,0,1098.03
3919,2023-06-01,Mid-Market,Paid Search,Growth,99,2024-02-01,,0,352.18
3920,2024-07-01,SMB,Paid Search,Growth,99,,,99,443.03
3921,2023-02-01,SMB,Referral,Enterprise,799,,,799,96.07
3922,2023-06-01,SMB,Referral,Starter,29,,Growth,99,91.79
3923,2024-10-01,SMB,Paid Search,Starter,29,,Growth,99,349.06
3924,2024-07-01,Enterprise,Organic,Starter,29,,Growth,99,66.64
3925,2023-10-01,Mid-Market,Referral,Starter,29,,,29,93.54
3926,2023-11-01,SMB,Partner,Starter,29,2023-12-01,,0,320.46
3927,2023-11-01,SMB,Paid Search,Growth,99,2024-10-01,,0,336.49
3928,2023-01-01,Mid-Market,Organic,Growth,99,2023-09-01,,0,50.11
3929,2023-05-01,Mid-Market,Partner,Scale,299,,,299,326.51
3930,2023-11-01,Mid-Market,Organic,Scale,299,,,299,64.27
3931,2023-09-01,SMB,Paid Search,Scale,299,,,299,369.32
3932,2023-05-01,Mid-Market,Organic,Starter,29,2023-08-01,,0,60.12
3933,2024-08-01,SMB,Referral,Growth,99,,,99,83.25
3934,2023-08-01,SMB,Organic,Starter,29,2024-05-01,,0,63.0
3935,2023-10-01,Mid-Market,Paid Search,Growth,99,2024-09-01,,0,469.98
3936,2023-08-01,SMB,Paid Search,Growth,99,2024-09-01,,0,367.59
3937,2024-09-01,SMB,Partner,Starter,29,2024-12-01,,0,317.92
3938,2023-11-01,Mid-Market,Referral,Starter,29,,,29,87.64
3939,2024-11-01,Mid-Market,Partner,Growth,99,,,99,263.13
3940,2023-10-01,SMB,Referral,Starter,29,,,29,86.27
3941,2023-11-01,SMB,Referral,Growth,99,2024-03-01,,0,75.75
3942,2024-11-01,Mid-Market,Outbound Sales,Starter,29,,,29,1435.14
3943,2024-02-01,SMB,Paid Search,Growth,99,2024-12-01,,0,503.7
3944,2024-07-01,SMB,Organic,Starter,29,,,29,65.6
3945,2024-01-01,Mid-Market,Partner,Starter,29,,,29,342.24
3946,2024-04-01,Mid-Market,Organic,Starter,29,,,29,53.42
3947,2024-05-01,SMB,Organic,Starter,29,,,29,50.55
3948,2024-11-01,Enterprise,Paid Search,Growth,99,,,99,336.36
3949,2024-11-01,SMB,Referral,Growth,99,,,99,98.27
3950,2024-09-01,Enterprise,Paid Search,Enterprise,799,,,799,474.29
3951,2024-04-01,SMB,Paid Search,Scale,299,2024-06-01,,0,367.77
3952,2024-07-01,SMB,Referral,Growth,99,,,99,89.22
3953,2023-05-01,Mid-Market,Organic,Starter,29,,,29,62.04
3954,2023-12-01,Mid-Market,Organic,Starter,29,,,29,71.0
3955,2024-09-01,SMB,Organic,Starter,29,,,29,69.93
3956,2024-02-01,Enterprise,Referral,Starter,29,2024-05-01,,0,72.57
3957,2023-10-01,Enterprise,Partner,Starter,29,,,29,245.91
3958,2024-03-01,SMB,Paid Search,Growth,99,,,99,497.1
3959,2023-06-01,Mid-Market,Organic,Starter,29,,,29,49.39
3960,2023-09-01,SMB,Paid Search,Starter,29,2024-01-01,,0,433.78
3961,2023-02-01,SMB,Organic,Enterprise,799,,,799,49.9
3962,2023-09-01,SMB,Organic,Starter,29,2024-01-01,,0,64.0
3963,2023-07-01,Mid-Market,Paid Search,Growth,99,,Scale,299,366.95
3964,2024-03-01,SMB,Outbound Sales,Starter,29,,,29,1098.44
3965,2023-07-01,SMB,Paid Search,Starter,29,2024-08-01,,0,382.84
3966,2024-02-01,Mid-Market,Paid Search,Growth,99,2024-08-01,,0,425.27
3967,2024-09-01,Mid-Market,Organic,Starter,29,,,29,60.84
3968,2024-03-01,SMB,Referral,Scale,299,2024-10-01,,0,99.49
3969,2024-01-01,Mid-Market,Paid Search,Starter,29,,,29,346.16
3970,2024-03-01,SMB,Outbound Sales,Starter,29,2024-10-01,,0,1084.42
3971,2023-02-01,Mid-Market,Partner,Starter,29,,,29,325.7
3972,2023-12-01,SMB,Outbound Sales,Starter,29,,Growth,99,1595.29
3973,2023-03-01,SMB,Partner,Growth,99,2024-06-01,,0,263.13
3974,2023-08-01,Mid-Market,Organic,Growth,99,2023-12-01,,0,51.6
3975,2023-09-01,Mid-Market,Organic,Growth,99,,,99,56.23
3976,2023-05-01,SMB,Partner,Scale,299,2023-08-01,,0,324.27
3977,2023-03-01,Enterprise,Paid Search,Starter,29,,,29,463.98
3978,2024-08-01,SMB,Paid Search,Starter,29,,,29,493.36
3979,2024-01-01,Mid-Market,Paid Search,Scale,299,,,299,470.72
3980,2023-09-01,SMB,Paid Search,Starter,29,,,29,340.66
3981,2023-04-01,Mid-Market,Partner,Starter,29,2023-08-01,,0,264.77
3982,2024-02-01,SMB,Referral,Starter,29,2024-05-01,,0,84.8
3983,2023-08-01,SMB,Organic,Scale,299,,,299,70.73
3984,2024-02-01,SMB,Paid Search,Growth,99,2024-09-01,,0,437.74
3985,2024-07-01,Mid-Market,Outbound Sales,Starter,29,,,29,1618.01
3986,2024-06-01,Mid-Market,Organic,Starter,29,2024-12-01,,0,55.62
3987,2024-01-01,Enterprise,Paid Search,Starter,29,2024-04-01,,0,490.79
3988,2023-03-01,Mid-Market,Paid Search,Growth,99,,Scale,299,453.37
3989,2023-03-01,SMB,Paid Search,Growth,99,2023-11-01,,0,485.03
3990,2023-10-01,SMB,Paid Search,Starter,29,2024-12-01,,0,491.0
3991,2024-07-01,SMB,Paid Search,Scale,299,,,299,412.11
3992,2023-11-01,Mid-Market,Organic,Starter,29,,,29,68.93
3993,2024-09-01,Enterprise,Outbound Sales,Scale,299,,,299,1610.95
3994,2024-08-01,Mid-Market,Paid Search,Starter,29,,,29,448.08
3995,2024-11-01,Mid-Market,Partner,Growth,99,,,99,271.09
3996,2023-05-01,SMB,Partner,Growth,99,2023-06-01,,0,272.32
3997,2024-07-01,SMB,Paid Search,Scale,299,,Enterprise,799,462.4
3998,2024-11-01,Mid-Market,Referral,Scale,299,,Enterprise,799,83.83
3999,2023-11-01,SMB,Outbound Sales,Starter,29,2024-08-01,,0,1301.97
4000,2024-05-01,SMB,Referral,Scale,299,,,299,90.95
4001,2023-03-01,Enterprise,Partner,Starter,29,,,29,349.4
4002,2023-04-01,SMB,Outbound Sales,Scale,299,2023-05-01,,0,1464.11
4003,2023-10-01,Mid-Market,Paid Search,Enterprise,799,,,799,384.89
4004,2024-11-01,SMB,Paid Search,Growth,99,,,99,358.46
4005,2023-04-01,Mid-Market,Organic,Enterprise,799,,,799,54.96
4006,2024-01-01,Enterprise,Paid Search,Scale,299,,,299,392.03
4007,2023-02-01,Mid-Market,Outbound Sales,Growth,99,2023-11-01,,0,1475.62
4008,2024-11-01,Mid-Market,Outbound Sales,Growth,99,,,99,1309.63
4009,2023-05-01,Enterprise,Paid Search,Starter,29,,,29,503.65
4010,2023-01-01,SMB,Referral,Enterprise,799,2024-09-01,,0,73.24
4011,2023-08-01,Mid-Market,Paid Search,Starter,29,,Growth,99,395.51
4012,2024-04-01,Mid-Market,Organic,Starter,29,2024-09-01,,0,50.06
4013,2024-10-01,SMB,Organic,Scale,299,,Enterprise,799,56.56
4014,2024-11-01,Mid-Market,Organic,Scale,299,,,299,58.41
4015,2023-05-01,Mid-Market,Paid Search,Starter,29,,,29,485.71
4016,2024-09-01,SMB,Outbound Sales,Starter,29,,,29,1309.7
4017,2024-09-01,SMB,Organic,Starter,29,,,29,48.61
4018,2023-12-01,SMB,Organic,Starter,29,,,29,70.92
4019,2023-05-01,SMB,Organic,Growth,99,,Scale,299,51.49
4020,2024-04-01,SMB,Outbound Sales,Enterprise,799,,,799,1497.8
4021,2024-04-01,SMB,Organic,Growth,99,2024-07-01,,0,52.81
4022,2023-05-01,SMB,Organic,Growth,99,,,99,70.16
4023,2023-04-01,Mid-Market,Paid Search,Enterprise,799,,,799,374.06
4024,2023-10-01,SMB,Paid Search,Starter,29,2024-01-01,,0,479.67
4025,2023-10-01,SMB,Organic,Starter,29,2023-11-01,,0,57.95
4026,2023-01-01,Mid-Market,Paid Search,Growth,99,,,99,411.12
4027,2024-10-01,Enterprise,Organic,Growth,99,,,99,63.1
4028,2023-07-01,SMB,Paid Search,Growth,99,,,99,417.89
4029,2024-04-01,SMB,Paid Search,Enterprise,799,,,799,392.57
4030,2023-10-01,SMB,Paid Search,Growth,99,2024-01-01,,0,376.76
4031,2023-04-01,Mid-Market,Paid Search,Starter,29,2024-11-01,,0,380.73
4032,2024-08-01,SMB,Referral,Enterprise,799,,,799,97.33
4033,2024-01-01,SMB,Referral,Starter,29,,,29,75.91
4034,2023-02-01,Mid-Market,Paid Search,Growth,99,,,99,430.34
4035,2024-09-01,SMB,Organic,Growth,99,,,99,57.11
4036,2023-03-01,SMB,Paid Search,Starter,29,2024-04-01,,0,395.32
4037,2023-05-01,SMB,Paid Search,Starter,29,,,29,456.2
4038,2024-10-01,Mid-Market,Organic,Starter,29,,,29,60.08
4039,2024-10-01,Enterprise,Outbound Sales,Growth,99,,,99,1121.68
4040,2023-06-01,Mid-Market,Partner,Growth,99,,,99,349.15
4041,2023-08-01,Mid-Market,Organic,Starter,29,2024-06-01,,0,69.55
4042,2023-08-01,Mid-Market,Paid Search,Growth,99,,,99,407.46
4043,2024-03-01,SMB,Organic,Scale,299,,,299,48.33
4044,2024-11-01,Mid-Market,Organic,Starter,29,,,29,49.45
4045,2023-08-01,Mid-Market,Organic,Growth,99,,,99,59.8
4046,2023-01-01,Mid-Market,Outbound Sales,Starter,29,,,29,1123.97
4047,2023-12-01,SMB,Referral,Starter,29,,,29,87.96
4048,2024-04-01,Mid-Market,Partner,Growth,99,,,99,262.77
4049,2024-10-01,Mid-Market,Partner,Starter,29,,,29,336.3
4050,2023-06-01,SMB,Referral,Growth,99,2024-01-01,,0,85.23
4051,2024-11-01,SMB,Organic,Starter,29,,Growth,99,57.08
4052,2023-10-01,SMB,Referral,Growth,99,2023-12-01,,0,72.9
4053,2024-02-01,SMB,Referral,Starter,29,2024-08-01,,0,95.54
4054,2024-01-01,Mid-Market,Outbound Sales,Starter,29,2024-04-01,,0,1497.67
4055,2023-09-01,Mid-Market,Referral,Starter,29,,,29,81.49
4056,2024-08-01,SMB,Paid Search,Scale,299,,,299,439.62
4057,2024-03-01,SMB,Referral,Starter,29,2024-10-01,,0,95.29
4058,2024-02-01,SMB,Referral,Starter,29,2024-08-01,,0,94.67
4059,2023-04-01,Mid-Market,Referral,Starter,29,2024-03-01,,0,97.14
4060,2024-10-01,SMB,Referral,Scale,299,,,299,100.26
4061,2023-04-01,Enterprise,Paid Search,Starter,29,,,29,463.35
4062,2023-11-01,SMB,Paid Search,Growth,99,2024-03-01,,0,432.44
4063,2023-06-01,Enterprise,Outbound Sales,Starter,29,,Growth,99,1586.99
4064,2023-05-01,SMB,Organic,Starter,29,2024-05-01,,0,66.73
4065,2024-08-01,SMB,Organic,Starter,29,,,29,69.38
4066,2023-09-01,SMB,Paid Search,Starter,29,,,29,421.31
4067,2024-02-01,Mid-Market,Referral,Scale,299,,,299,97.22
4068,2024-08-01,Mid-Market,Referral,Enterprise,799,,,799,103.07
4069,2023-03-01,Mid-Market,Paid Search,Starter,29,2024-01-01,,0,426.68
4070,2023-02-01,Mid-Market,Paid Search,Scale,299,,,299,482.84
4071,2024-06-01,Enterprise,Organic,Growth,99,,,99,65.41
4072,2024-08-01,SMB,Referral,Starter,29,,,29,99.14
4073,2023-04-01,SMB,Organic,Starter,29,2023-12-01,,0,70.26
4074,2024-03-01,Mid-Market,Referral,Starter,29,,,29,83.89
4075,2023-03-01,Enterprise,Referral,Starter,29,,Growth,99,93.41
4076,2024-07-01,SMB,Paid Search,Growth,99,2024-08-01,,0,381.81
4077,2023-10-01,Mid-Market,Organic,Scale,299,,,299,60.7
4078,2024-11-01,Mid-Market,Organic,Starter,29,,,29,58.65
4079,2023-07-01,SMB,Partner,Scale,299,2024-03-01,,0,294.89
4080,2023-07-01,Enterprise,Paid Search,Starter,29,,,29,371.04
4081,2024-07-01,SMB,Organic,Scale,299,,,299,63.01
4082,2024-06-01,SMB,Organic,Growth,99,,,99,67.09
4083,2023-08-01,SMB,Outbound Sales,Starter,29,2024-01-01,,0,1225.08
4084,2024-08-01,Enterprise,Partner,Growth,99,,Scale,299,254.87
4085,2024-04-01,SMB,Paid Search,Growth,99,,,99,378.9
4086,2024-10-01,SMB,Referral,Scale,299,,,299,99.19
4087,2023-01-01,SMB,Organic,Growth,99,,,99,49.52
4088,2024-06-01,Mid-Market,Partner,Starter,29,,,29,314.14
4089,2024-04-01,SMB,Referral,Starter,29,,,29,101.51
4090,2023-09-01,SMB,Paid Search,Starter,29,,,29,470.68
4091,2023-03-01,SMB,Organic,Starter,29,2023-06-01,,0,71.7
4092,2023-06-01,Mid-Market,Organic,Growth,99,2023-10-01,,0,66.96
4093,2024-06-01,SMB,Organic,Starter,29,,Growth,99,51.24
4094,2024-05-01,SMB,Paid Search,Growth,99,,,99,394.32
4095,2024-03-01,SMB,Paid Search,Starter,29,,,29,372.45
4096,2024-03-01,SMB,Organic,Starter,29,,,29,57.03
4097,2023-05-01,Mid-Market,Organic,Growth,99,,,99,63.29
4098,2024-07-01,SMB,Outbound Sales,Starter,29,,,29,1236.51
4099,2024-10-01,SMB,Paid Search,Starter,29,,,29,357.63
4100,2024-03-01,SMB,Referral,Starter,29,,,29,97.71
4101,2023-03-01,SMB,Paid Search,Starter,29,2023-05-01,,0,355.69
4102,2024-02-01,SMB,Paid Search,Starter,29,,,29,495.25
4103,2024-04-01,SMB,Outbound Sales,Starter,29,2024-07-01,,0,1414.03
4104,2024-03-01,SMB,Partner,Starter,29,2024-08-01,,0,331.73
4105,2024-04-01,Mid-Market,Outbound Sales,Starter,29,,,29,1525.11
4106,2024-04-01,Mid-Market,Referral,Starter,29,,,29,95.15
4107,2023-05-01,SMB,Paid Search,Growth,99,2023-10-01,,0,453.94
4108,2023-12-01,SMB,Paid Search,Starter,29,,,29,468.78
4109,2024-01-01,SMB,Outbound Sales,Growth,99,,Scale,299,1325.21
4110,2023-11-01,SMB,Outbound Sales,Starter,29,2024-02-01,,0,1081.49
4111,2024-05-01,SMB,Paid Search,Growth,99,,Scale,299,498.45
4112,2023-12-01,Mid-Market,Partner,Starter,29,,,29,269.13
4113,2024-05-01,SMB,Referral,Starter,29,2024-10-01,,0,77.39
4114,2024-11-01,SMB,Outbound Sales,Scale,299,,,299,1576.38
4115,2023-02-01,SMB,Organic,Starter,29,2023-05-01,,0,60.99
4116,2024-08-01,SMB,Paid Search,Scale,299,,,299,382.31
4117,2023-02-01,SMB,Organic,Growth,99,,,99,70.36
4118,2023-07-01,Enterprise,Outbound Sales,Starter,29,,,29,1541.9
4119,2023-09-01,SMB,Referral,Starter,29,,,29,88.41
4120,2024-03-01,Enterprise,Referral,Starter,29,,,29,106.42
4121,2023-09-01,SMB,Outbound Sales,Starter,29,,Growth,99,1130.34
4122,2024-09-01,SMB,Organic,Growth,99,,,99,70.5
4123,2024-09-01,SMB,Referral,Growth,99,,,99,88.57
4124,2023-05-01,SMB,Paid Search,Starter,29,2023-12-01,,0,413.52
4125,2024-10-01,Mid-Market,Organic,Growth,99,,,99,58.88
4126,2024-01-01,SMB,Paid Search,Starter,29,2024-06-01,,0,408.32
4127,2024-06-01,SMB,Referral,Starter,29,2024-11-01,,0,91.35
4128,2023-12-01,Enterprise,Referral,Enterprise,799,,,799,107.83
4129,2023-08-01,Mid-Market,Outbound Sales,Growth,99,2024-03-01,,0,1087.82
4130,2024-02-01,SMB,Organic,Growth,99,,,99,60.0
4131,2024-07-01,SMB,Outbound Sales,Growth,99,,,99,1233.16
4132,2024-05-01,Mid-Market,Organic,Growth,99,,,99,52.12
4133,2024-01-01,Mid-Market,Organic,Starter,29,,,29,70.2
4134,2024-11-01,Mid-Market,Organic,Starter,29,,,29,57.23
4135,2024-08-01,Mid-Market,Outbound Sales,Starter,29,2024-11-01,,0,1375.05
4136,2023-07-01,SMB,Paid Search,Starter,29,,,29,492.3
4137,2023-03-01,SMB,Referral,Starter,29,2023-04-01,,0,89.26
4138,2023-04-01,SMB,Referral,Enterprise,799,,,799,82.38
4139,2024-10-01,Enterprise,Paid Search,Growth,99,,,99,352.26
4140,2023-01-01,Mid-Market,Outbound Sales,Starter,29,2023-09-01,,0,1403.12
4141,2023-11-01,SMB,Partner,Scale,299,,,299,349.39
4142,2023-03-01,SMB,Paid Search,Growth,99,2023-10-01,,0,349.57
4143,2023-07-01,SMB,Partner,Scale,299,,,299,293.51
4144,2024-01-01,SMB,Referral,Starter,29,2024-11-01,,0,95.93
4145,2024-06-01,Mid-Market,Partner,Growth,99,,,99,252.09
4146,2023-06-01,SMB,Paid Search,Starter,29,,,29,349.22
4147,2023-02-01,SMB,Referral,Scale,299,2023-03-01,,0,79.36
4148,2024-09-01,SMB,Organic,Scale,299,2024-12-01,,0,51.15
4149,2024-06-01,SMB,Referral,Growth,99,,,99,85.6
4150,2024-07-01,SMB,Referral,Scale,299,,,299,86.77
4151,2023-12-01,Enterprise,Referral,Growth,99,,,99,88.3
4152,2023-10-01,SMB,Paid Search,Growth,99,,,99,418.51
4153,2023-08-01,Mid-Market,Partner,Starter,29,,,29,246.99
4154,2024-02-01,SMB,Organic,Growth,99,,,99,63.91
4155,2024-01-01,SMB,Organic,Starter,29,2024-12-01,,0,65.61
4156,2024-02-01,Mid-Market,Paid Search,Starter,29,2024-10-01,,0,359.05
4157,2024-02-01,SMB,Paid Search,Growth,99,2024-07-01,,0,374.13
4158,2024-07-01,SMB,Paid Search,Scale,299,2024-09-01,,0,383.13
4159,2024-10-01,SMB,Organic,Starter,29,2024-12-01,,0,57.99
4160,2024-01-01,Enterprise,Partner,Starter,29,,,29,288.19
4161,2023-10-01,SMB,Organic,Growth,99,2024-01-01,,0,52.94
4162,2024-02-01,Enterprise,Organic,Starter,29,,,29,49.76
4163,2023-04-01,Mid-Market,Organic,Scale,299,,Enterprise,799,54.97
4164,2024-03-01,SMB,Referral,Scale,299,,,299,100.05
4165,2023-10-01,SMB,Paid Search,Growth,99,2024-11-01,,0,345.8
4166,2023-07-01,SMB,Outbound Sales,Starter,29,2023-08-01,,0,1277.72
4167,2023-05-01,SMB,Referral,Enterprise,799,,,799,78.94
4168,2024-08-01,Enterprise,Paid Search,Enterprise,799,,,799,455.7
4169,2023-03-01,SMB,Referral,Starter,29,2023-09-01,,0,83.93
4170,2024-11-01,Mid-Market,Partner,Starter,29,,,29,287.67
4171,2023-07-01,Enterprise,Paid Search,Growth,99,,,99,490.07
4172,2024-03-01,SMB,Organic,Starter,29,,,29,62.67
4173,2024-06-01,Mid-Market,Referral,Growth,99,,,99,101.66
4174,2023-05-01,SMB,Paid Search,Growth,99,,,99,451.07
4175,2023-09-01,SMB,Referral,Starter,29,2024-01-01,,0,106.56
4176,2024-05-01,Mid-Market,Referral,Growth,99,2024-07-01,,0,92.58
4177,2023-03-01,Mid-Market,Outbound Sales,Scale,299,,Enterprise,799,1214.96
4178,2023-04-01,Mid-Market,Paid Search,Growth,99,,,99,452.65
4179,2024-08-01,SMB,Referral,Growth,99,,,99,101.53
4180,2023-04-01,Mid-Market,Organic,Starter,29,,Growth,99,71.22
4181,2023-07-01,Mid-Market,Partner,Growth,99,,,99,314.13
4182,2023-05-01,SMB,Organic,Growth,99,2023-11-01,,0,67.73
4183,2023-01-01,Mid-Market,Paid Search,Growth,99,2023-08-01,,0,455.38
4184,2023-01-01,SMB,Organic,Scale,299,2024-12-01,,0,66.6
4185,2023-07-01,Mid-Market,Paid Search,Enterprise,799,,,799,436.43
4186,2023-05-01,Enterprise,Paid Search,Starter,29,,,29,384.9
4187,2023-05-01,Mid-Market,Referral,Growth,99,,,99,75.15
4188,2024-02-01,SMB,Outbound Sales,Scale,299,,,299,1468.75
4189,2023-02-01,SMB,Organic,Starter,29,,,29,67.91
4190,2023-12-01,SMB,Paid Search,Starter,29,,Growth,99,465.55
4191,2023-03-01,Mid-Market,Paid Search,Starter,29,2023-05-01,,0,342.66
4192,2023-01-01,Mid-Market,Organic,Starter,29,2024-10-01,,0,49.32
4193,2023-07-01,SMB,Paid Search,Starter,29,2023-09-01,,0,353.33
4194,2023-11-01,SMB,Organic,Growth,99,2024-11-01,,0,67.79
4195,2023-03-01,Mid-Market,Outbound Sales,Starter,29,,,29,1409.74
4196,2024-10-01,SMB,Organic,Growth,99,,,99,62.15
4197,2023-02-01,Mid-Market,Organic,Growth,99,,Scale,299,53.12
4198,2023-01-01,SMB,Outbound Sales,Enterprise,799,,,799,1121.34
4199,2023-08-01,Mid-Market,Paid Search,Scale,299,,,299,469.75
4200,2023-11-01,Enterprise,Outbound Sales,Enterprise,799,,,799,1527.34
4201,2024-01-01,Enterprise,Outbound Sales,Growth,99,,,99,1215.73
4202,2023-11-01,SMB,Paid Search,Starter,29,2024-07-01,,0,474.76
4203,2023-12-01,Enterprise,Partner,Enterprise,799,,,799,277.55
4204,2024-05-01,Mid-Market,Paid Search,Growth,99,2024-06-01,,0,472.41
4205,2023-08-01,Mid-Market,Outbound Sales,Starter,29,,,29,1117.08
4206,2023-02-01,Mid-Market,Outbound Sales,Growth,99,2023-05-01,,0,1266.15
4207,2023-08-01,SMB,Paid Search,Starter,29,,,29,465.43
4208,2024-04-01,Mid-Market,Paid Search,Growth,99,,,99,384.51
4209,2023-10-01,SMB,Partner,Growth,99,,,99,244.84
4210,2024-08-01,Mid-Market,Organic,Starter,29,,,29,51.61
4211,2023-09-01,SMB,Outbound Sales,Starter,29,2023-12-01,,0,1599.31
4212,2023-06-01,SMB,Organic,Scale,299,,,299,62.41
4213,2024-04-01,Mid-Market,Organic,Starter,29,,,29,52.25
4214,2024-01-01,Mid-Market,Outbound Sales,Growth,99,,,99,1429.75
4215,2024-07-01,Mid-Market,Organic,Growth,99,,,99,62.96
4216,2024-07-01,Mid-Market,Outbound Sales,Enterprise,799,,,799,1300.21
4217,2023-11-01,Mid-Market,Organic,Growth,99,2024-07-01,,0,64.0
4218,2023-07-01,SMB,Referral,Starter,29,,,29,76.03
4219,2023-01-01,SMB,Referral,Starter,29,2023-08-01,,0,83.57
4220,2023-06-01,SMB,Paid Search,Enterprise,799,2023-10-01,,0,342.31
4221,2023-09-01,SMB,Outbound Sales,Growth,99,,,99,1573.81
4222,2024-01-01,SMB,Paid Search,Growth,99,,,99,486.02
4223,2023-02-01,SMB,Referral,Starter,29,2024-09-01,,0,79.34
4224,2024-03-01,SMB,Paid Search,Starter,29,,,29,454.89
4225,2023-03-01,Mid-Market,Paid Search,Starter,29,2023-11-01,,0,472.59
4226,2024-11-01,SMB,Paid Search,Growth,99,,Scale,299,404.41
4227,2023-11-01,SMB,Referral,Scale,299,2024-12-01,,0,101.41
4228,2023-10-01,SMB,Partner,Growth,99,,,99,299.09
4229,2023-05-01,Enterprise,Referral,Starter,29,2024-10-01,,0,100.7
4230,2024-02-01,SMB,Organic,Growth,99,2024-03-01,,0,66.18
4231,2024-08-01,Mid-Market,Organic,Starter,29,,,29,61.49
4232,2023-09-01,Enterprise,Paid Search,Growth,99,,,99,421.24
4233,2023-02-01,SMB,Organic,Growth,99,2023-08-01,,0,55.03
4234,2024-01-01,SMB,Paid Search,Starter,29,,,29,405.12
4235,2023-10-01,SMB,Organic,Growth,99,,Scale,299,57.4
4236,2024-03-01,SMB,Partner,Scale,299,,,299,252.39
4237,2023-07-01,Mid-Market,Paid Search,Starter,29,2024-04-01,,0,424.05
4238,2023-09-01,SMB,Paid Search,Starter,29,,Growth,99,433.49
4239,2023-12-01,Mid-Market,Organic,Scale,299,2024-05-01,,0,71.26
4240,2024-08-01,Enterprise,Partner,Scale,299,,,299,273.95
4241,2024-03-01,SMB,Organic,Growth,99,,,99,57.59
4242,2023-10-01,Mid-Market,Outbound Sales,Enterprise,799,,,799,1378.01
4243,2023-10-01,SMB,Outbound Sales,Starter,29,2024-01-01,,0,1540.64
4244,2024-04-01,Mid-Market,Organic,Growth,99,,,99,54.19
4245,2024-10-01,SMB,Outbound Sales,Starter,29,,,29,1206.53
4246,2023-09-01,Mid-Market,Organic,Growth,99,,,99,60.77
4247,2024-05-01,Mid-Market,Organic,Starter,29,,,29,51.09
4248,2023-05-01,SMB,Partner,Starter,29,2024-01-01,,0,323.57
4249,2024-11-01,SMB,Referral,Scale,299,,,299,102.95
4250,2023-11-01,Enterprise,Organic,Scale,299,,,299,48.71
4251,2024-01-01,SMB,Outbound Sales,Growth,99,2024-04-01,,0,1185.28
4252,2023-04-01,Mid-Market,Outbound Sales,Starter,29,2023-08-01,,0,1392.72
4253,2023-10-01,Enterprise,Outbound Sales,Enterprise,799,2024-08-01,,0,1527.01
4254,2024-03-01,SMB,Partner,Growth,99,,,99,298.81
4255,2024-04-01,Mid-Market,Paid Search,Growth,99,2024-12-01,,0,467.77
4256,2023-02-01,SMB,Organic,Scale,299,2023-07-01,,0,58.13
4257,2024-02-01,SMB,Paid Search,Starter,29,,,29,401.11
4258,2024-04-01,Mid-Market,Paid Search,Starter,29,2024-05-01,,0,366.52
4259,2023-04-01,SMB,Organic,Growth,99,2024-12-01,,0,51.64
4260,2023-06-01,SMB,Organic,Scale,299,2023-07-01,,0,65.89
4261,2023-02-01,SMB,Partner,Starter,29,2023-04-01,,0,260.32
4262,2024-02-01,SMB,Referral,Scale,299,,,299,86.68
4263,2024-05-01,Enterprise,Organic,Growth,99,,,99,61.08
4264,2024-07-01,SMB,Partner,Starter,29,,,29,271.73
4265,2024-09-01,SMB,Referral,Growth,99,,,99,101.97
4266,2024-06-01,Mid-Market,Paid Search,Growth,99,,,99,404.0
4267,2024-06-01,SMB,Organic,Enterprise,799,,,799,57.04
4268,2024-06-01,SMB,Partner,Starter,29,2024-11-01,,0,261.38
4269,2023-09-01,Mid-Market,Outbound Sales,Scale,299,2024-05-01,,0,1198.69
4270,2024-11-01,SMB,Organic,Enterprise,799,,,799,54.99
4271,2023-02-01,SMB,Organic,Starter,29,,,29,56.38
4272,2024-09-01,SMB,Partner,Growth,99,,,99,324.16
4273,2023-02-01,Enterprise,Paid Search,Scale,299,,Enterprise,799,503.38
4274,2024-06-01,Mid-Market,Paid Search,Starter,29,,,29,421.1
4275,2023-07-01,Mid-Market,Referral,Growth,99,2024-07-01,,0,97.39
4276,2024-04-01,Mid-Market,Paid Search,Growth,99,2024-07-01,,0,376.94
4277,2024-05-01,SMB,Paid Search,Starter,29,,,29,495.11
4278,2023-08-01,Mid-Market,Organic,Scale,299,2024-05-01,,0,67.45
4279,2024-02-01,Enterprise,Paid Search,Starter,29,,,29,451.09
4280,2024-10-01,Mid-Market,Outbound Sales,Growth,99,,,99,1249.23
4281,2024-01-01,SMB,Organic,Starter,29,,,29,49.96
4282,2023-07-01,SMB,Paid Search,Enterprise,799,,,799,498.66
4283,2024-11-01,Enterprise,Paid Search,Starter,29,,Growth,99,457.83
4284,2023-11-01,Mid-Market,Referral,Starter,29,,,29,76.92
4285,2023-10-01,SMB,Referral,Starter,29,,,29,91.87
4286,2023-06-01,Mid-Market,Partner,Growth,99,,,99,313.32
4287,2023-08-01,SMB,Partner,Growth,99,,,99,293.21
4288,2024-06-01,SMB,Referral,Scale,299,2024-08-01,,0,88.98
4289,2024-01-01,SMB,Organic,Starter,29,,,29,61.1
4290,2024-05-01,SMB,Paid Search,Starter,29,,,29,470.65
4291,2023-04-01,SMB,Referral,Growth,99,2024-01-01,,0,101.22
4292,2023-05-01,SMB,Paid Search,Growth,99,2023-06-01,,0,497.38
4293,2023-08-01,SMB,Referral,Starter,29,,,29,78.19
4294,2023-04-01,Enterprise,Organic,Starter,29,,,29,50.65
4295,2023-09-01,Enterprise,Paid Search,Enterprise,799,,,799,438.57
4296,2024-11-01,SMB,Organic,Scale,299,,,299,64.89
4297,2023-07-01,SMB,Partner,Growth,99,,,99,280.79
4298,2023-07-01,SMB,Paid Search,Growth,99,2024-08-01,,0,501.45
4299,2024-05-01,SMB,Organic,Starter,29,,,29,68.19
4300,2024-11-01,Mid-Market,Referral,Growth,99,,,99,89.75
4301,2023-04-01,Enterprise,Organic,Starter,29,,,29,65.38
4302,2023-03-01,SMB,Organic,Starter,29,,,29,58.87
4303,2023-12-01,SMB,Organic,Growth,99,2024-02-01,,0,52.79
4304,2023-08-01,SMB,Paid Search,Starter,29,2023-12-01,,0,362.77
4305,2024-01-01,Mid-Market,Outbound Sales,Growth,99,,,99,1236.59
4306,2024-01-01,SMB,Referral,Starter,29,2024-06-01,,0,104.25
4307,2023-01-01,SMB,Organic,Starter,29,2023-11-01,,0,57.02
4308,2024-08-01,SMB,Organic,Starter,29,,,29,69.76
4309,2023-01-01,Mid-Market,Paid Search,Growth,99,,Scale,299,470.08
4310,2023-02-01,SMB,Paid Search,Starter,29,2023-06-01,,0,437.96
4311,2023-03-01,SMB,Partner,Growth,99,,,99,347.69
4312,2023-07-01,SMB,Outbound Sales,Scale,299,,,299,1182.31
4313,2023-03-01,SMB,Outbound Sales,Starter,29,2024-05-01,,0,1121.16
4314,2023-12-01,Mid-Market,Paid Search,Starter,29,2024-03-01,,0,462.06
4315,2024-05-01,SMB,Paid Search,Scale,299,,,299,488.11
4316,2023-07-01,SMB,Organic,Enterprise,799,2024-07-01,,0,57.19
4317,2023-06-01,SMB,Organic,Starter,29,2023-10-01,,0,48.11
4318,2023-05-01,Enterprise,Outbound Sales,Starter,29,2023-06-01,,0,1493.82
4319,2024-03-01,SMB,Outbound Sales,Starter,29,2024-06-01,,0,1277.07
4320,2023-10-01,SMB,Partner,Starter,29,,,29,310.27
4321,2023-10-01,SMB,Referral,Enterprise,799,,,799,79.54
4322,2023-01-01,Mid-Market,Partner,Growth,99,2024-02-01,,0,321.76
4323,2024-03-01,Mid-Market,Outbound Sales,Growth,99,2024-12-01,,0,1367.22
4324,2024-10-01,SMB,Organic,Starter,29,,,29,48.67
4325,2023-11-01,SMB,Paid Search,Growth,99,2024-02-01,,0,337.03
4326,2023-02-01,SMB,Paid Search,Starter,29,2024-05-01,,0,409.54
4327,2024-10-01,SMB,Outbound Sales,Starter,29,,,29,1168.53
4328,2023-12-01,SMB,Referral,Starter,29,,Growth,99,104.6
4329,2024-01-01,Mid-Market,Outbound Sales,Growth,99,,Scale,299,1136.35
4330,2024-03-01,SMB,Organic,Growth,99,,,99,65.19
4331,2023-10-01,SMB,Referral,Starter,29,2024-03-01,,0,84.6
4332,2024-01-01,SMB,Referral,Starter,29,2024-02-01,,0,105.66
4333,2023-10-01,Enterprise,Outbound Sales,Enterprise,799,,,799,1151.78
4334,2023-04-01,SMB,Paid Search,Scale,299,,,299,466.66
4335,2023-03-01,Enterprise,Organic,Starter,29,2023-07-01,,0,71.02
4336,2024-08-01,SMB,Outbound Sales,Starter,29,2024-11-01,,0,1596.77
4337,2023-09-01,Mid-Market,Outbound Sales,Starter,29,,,29,1218.35
4338,2023-01-01,SMB,Organic,Starter,29,2024-07-01,,0,55.12
4339,2023-09-01,Mid-Market,Referral,Starter,29,2024-08-01,,0,77.38
4340,2024-08-01,SMB,Organic,Growth,99,,,99,56.94
4341,2024-10-01,Enterprise,Paid Search,Scale,299,,,299,450.59
4342,2024-08-01,SMB,Partner,Starter,29,,,29,241.29
4343,2024-08-01,Mid-Market,Paid Search,Starter,29,,,29,445.25
4344,2023-09-01,SMB,Organic,Starter,29,2024-08-01,,0,48.43
4345,2023-08-01,SMB,Paid Search,Growth,99,,,99,448.12
4346,2023-10-01,SMB,Organic,Scale,299,,,299,68.17
4347,2023-05-01,Mid-Market,Organic,Growth,99,2023-12-01,,0,56.64
4348,2024-06-01,SMB,Paid Search,Growth,99,,,99,404.31
4349,2023-08-01,Mid-Market,Referral,Growth,99,,,99,98.2
4350,2024-01-01,SMB,Paid Search,Growth,99,,,99,471.96
4351,2023-01-01,Mid-Market,Organic,Starter,29,2024-11-01,,0,71.99
4352,2023-01-01,SMB,Paid Search,Starter,29,2023-10-01,,0,426.82
4353,2023-05-01,SMB,Referral,Scale,299,,,299,102.77
4354,2024-03-01,Enterprise,Organic,Starter,29,,,29,49.35
4355,2023-02-01,SMB,Outbound Sales,Starter,29,,,29,1137.83
4356,2023-01-01,SMB,Organic,Enterprise,799,,,799,68.89
4357,2024-03-01,SMB,Organic,Starter,29,2024-08-01,,0,57.08
4358,2024-01-01,Enterprise,Organic,Starter,29,,,29,53.43
4359,2023-01-01,SMB,Referral,Scale,299,2023-04-01,,0,86.59
4360,2023-04-01,SMB,Referral,Growth,99,,,99,90.92
4361,2023-07-01,Mid-Market,Referral,Enterprise,799,,,799,83.67
4362,2023-11-01,Mid-Market,Paid Search,Starter,29,2024-02-01,,0,369.21
4363,2023-05-01,SMB,Organic,Starter,29,,,29,48.89
4364,2023-11-01,SMB,Organic,Growth,99,2024-01-01,,0,66.42
4365,2024-06-01,Mid-Market,Organic,Starter,29,,,29,69.7
4366,2024-04-01,SMB,Organic,Scale,299,,Enterprise,799,48.41
4367,2023-08-01,SMB,Paid Search,Scale,299,,,299,394.71
4368,2024-01-01,SMB,Partner,Starter,29,2024-12-01,,0,347.12
4369,2024-06-01,SMB,Paid Search,Starter,29,,,29,339.47
4370,2023-06-01,SMB,Paid Search,Starter,29,,,29,458.89
4371,2024-11-01,SMB,Outbound Sales,Growth,99,,,99,1211.38
4372,2023-04-01,Mid-Market,Paid Search,Starter,29,,,29,465.87
4373,2023-02-01,Mid-Market,Referral,Growth,99,,,99,96.45
4374,2024-01-01,SMB,Referral,Starter,29,2024-10-01,,0,105.88
4375,2024-08-01,SMB,Outbound Sales,Scale,299,2024-11-01,,0,1245.58
4376,2023-03-01,SMB,Outbound Sales,Starter,29,2023-07-01,,0,1161.84
4377,2024-01-01,Mid-Market,Outbound Sales,Growth,99,,,99,1347.32
4378,2023-08-01,SMB,Paid Search,Starter,29,2024-07-01,,0,501.45
4379,2024-08-01,Mid-Market,Outbound Sales,Growth,99,2024-11-01,,0,1101.83
4380,2023-07-01,SMB,Outbound Sales,Starter,29,2024-04-01,,0,1176.32
4381,2024-04-01,Enterprise,Outbound Sales,Starter,29,,Growth,99,1542.93
4382,2024-09-01,Enterprise,Outbound Sales,Starter,29,,,29,1450.6
4383,2023-09-01,SMB,Paid Search,Enterprise,799,,,799,407.38
4384,2024-02-01,Mid-Market,Paid Search,Starter,29,,,29,418.93
4385,2023-01-01,Mid-Market,Referral,Growth,99,,,99,81.21
4386,2024-01-01,SMB,Referral,Growth,99,2024-06-01,,0,106.65
4387,2023-09-01,Enterprise,Organic,Growth,99,,,99,56.23
4388,2024-11-01,SMB,Partner,Starter,29,,,29,285.58
4389,2023-11-01,SMB,Paid Search,Enterprise,799,,,799,414.8
4390,2024-05-01,SMB,Referral,Growth,99,,,99,79.69
4391,2024-04-01,SMB,Referral,Starter,29,,,29,79.07
4392,2024-02-01,Mid-Market,Paid Search,Growth,99,,,99,436.91
4393,2024-03-01,Mid-Market,Paid Search,Starter,29,2024-07-01,,0,466.15
4394,2023-12-01,SMB,Partner,Scale,299,,,299,330.26
4395,2024-02-01,SMB,Referral,Starter,29,,,29,92.36
4396,2024-10-01,SMB,Paid Search,Starter,29,,Growth,99,443.34
4397,2023-12-01,Mid-Market,Paid Search,Growth,99,,,99,430.7
4398,2023-04-01,Mid-Market,Outbound Sales,Starter,29,2024-04-01,,0,1552.46
4399,2023-10-01,SMB,Paid Search,Starter,29,,,29,401.09
4400,2024-03-01,Enterprise,Paid Search,Enterprise,799,,,799,356.71
4401,2023-03-01,SMB,Outbound Sales,Starter,29,2023-12-01,,0,1315.17
4402,2023-06-01,Mid-Market,Organic,Starter,29,,,29,68.9
4403,2023-10-01,Enterprise,Organic,Starter,29,,,29,69.62
4404,2023-03-01,Enterprise,Organic,Starter,29,,Growth,99,62.15
4405,2024-09-01,SMB,Paid Search,Growth,99,2024-10-01,,0,346.46
4406,2023-04-01,Enterprise,Referral,Scale,299,,Enterprise,799,98.0
4407,2023-03-01,SMB,Referral,Starter,29,2023-11-01,,0,95.51
4408,2024-11-01,Enterprise,Referral,Growth,99,,,99,88.26
4409,2023-10-01,SMB,Organic,Starter,29,,,29,51.91
4410,2023-01-01,SMB,Outbound Sales,Growth,99,,,99,1407.49
4411,2023-09-01,SMB,Organic,Growth,99,2024-06-01,,0,59.58
4412,2024-10-01,Mid-Market,Paid Search,Starter,29,,,29,346.15
4413,2024-04-01,SMB,Paid Search,Scale,299,,,299,402.83
4414,2023-01-01,Mid-Market,Organic,Starter,29,2024-02-01,,0,70.53
4415,2023-01-01,Mid-Market,Organic,Scale,299,,,299,57.88
4416,2024-04-01,SMB,Paid Search,Starter,29,,,29,408.14
4417,2023-01-01,SMB,Outbound Sales,Growth,99,2024-06-01,,0,1381.02
4418,2023-03-01,SMB,Referral,Scale,299,2024-09-01,,0,82.7
4419,2024-11-01,SMB,Organic,Growth,99,,Scale,299,49.76
4420,2023-09-01,Mid-Market,Paid Search,Starter,29,2024-08-01,,0,437.01
4421,2023-08-01,SMB,Partner,Growth,99,2024-02-01,,0,299.41
4422,2024-05-01,Mid-Market,Partner,Starter,29,,Growth,99,321.99
4423,2024-11-01,Mid-Market,Paid Search,Starter,29,,,29,416.04
4424,2023-07-01,SMB,Outbound Sales,Enterprise,799,,,799,1213.56
4425,2024-11-01,Mid-Market,Outbound Sales,Enterprise,799,,,799,1287.56
4426,2024-01-01,SMB,Organic,Starter,29,2024-09-01,,0,48.32
4427,2023-11-01,SMB,Referral,Scale,299,2024-02-01,,0,77.59
4428,2023-07-01,SMB,Organic,Growth,99,2024-09-01,,0,66.86
4429,2024-03-01,SMB,Paid Search,Growth,99,,,99,492.52
4430,2023-03-01,SMB,Paid Search,Enterprise,799,,,799,397.34
4431,2023-02-01,Enterprise,Outbound Sales,Growth,99,,,99,1580.83
4432,2024-05-01,SMB,Paid Search,Growth,99,2024-08-01,,0,442.76
4433,2023-10-01,SMB,Paid Search,Scale,299,,,299,383.12
4434,2023-01-01,SMB,Referral,Starter,29,2024-05-01,,0,93.59
4435,2024-01-01,SMB,Organic,Enterprise,799,2024-03-01,,0,67.39
4436,2023-09-01,Mid-Market,Paid Search,Starter,29,,,29,468.02
4437,2024-10-01,SMB,Referral,Scale,299,,,299,103.86
4438,2023-01-01,Mid-Market,Organic,Scale,299,,Enterprise,799,66.89
4439,2024-11-01,Mid-Market,Outbound Sales,Growth,99,,,99,1455.59
4440,2023-01-01,SMB,Organic,Starter,29,2023-06-01,,0,57.21
4441,2023-06-01,Enterprise,Paid Search,Starter,29,,Growth,99,366.2
4442,2023-05-01,Enterprise,Outbound Sales,Growth,99,,Scale,299,1140.83
4443,2024-07-01,Mid-Market,Outbound Sales,Scale,299,,,299,1518.84
4444,2023-07-01,SMB,Organic,Starter,29,2023-10-01,,0,66.4
4445,2023-05-01,SMB,Organic,Starter,29,2024-11-01,,0,69.47
4446,2023-03-01,Mid-Market,Referral,Growth,99,,,99,74.54
4447,2024-11-01,Enterprise,Referral,Starter,29,,,29,94.87
4448,2024-08-01,Mid-Market,Referral,Starter,29,,Growth,99,97.94
4449,2023-10-01,Enterprise,Organic,Growth,99,,,99,57.9
4450,2024-09-01,SMB,Partner,Growth,99,,Scale,299,303.77
4451,2023-07-01,SMB,Organic,Starter,29,2023-12-01,,0,59.92
4452,2024-02-01,Mid-Market,Partner,Enterprise,799,2024-09-01,,0,292.19
4453,2023-07-01,Mid-Market,Organic,Enterprise,799,,,799,54.97
4454,2023-02-01,SMB,Paid Search,Growth,99,2023-08-01,,0,502.15
4455,2024-04-01,SMB,Referral,Starter,29,,,29,103.8
4456,2023-02-01,SMB,Partner,Growth,99,,,99,334.39
4457,2024-06-01,SMB,Outbound Sales,Scale,299,2024-08-01,,0,1534.61
4458,2024-06-01,SMB,Referral,Starter,29,2024-08-01,,0,102.14
4459,2024-03-01,SMB,Referral,Growth,99,,,99,74.69
4460,2023-01-01,SMB,Organic,Starter,29,2024-03-01,,0,61.79
4461,2023-02-01,SMB,Organic,Starter,29,2024-12-01,,0,59.3
4462,2024-06-01,SMB,Outbound Sales,Starter,29,,,29,1187.32
4463,2023-03-01,SMB,Organic,Starter,29,2024-01-01,,0,54.27
4464,2024-01-01,SMB,Referral,Starter,29,,,29,77.09
4465,2023-05-01,SMB,Organic,Starter,29,2023-10-01,,0,59.36
4466,2024-03-01,SMB,Outbound Sales,Growth,99,,,99,1218.42
4467,2023-04-01,SMB,Organic,Scale,299,2024-05-01,,0,53.1
4468,2023-02-01,Enterprise,Organic,Growth,99,,Scale,299,61.17
4469,2023-08-01,Mid-Market,Partner,Growth,99,2024-04-01,,0,265.52
4470,2023-09-01,Mid-Market,Paid Search,Growth,99,,,99,435.06
4471,2024-07-01,SMB,Partner,Growth,99,,,99,258.66
4472,2023-02-01,SMB,Organic,Starter,29,2023-08-01,,0,64.93
4473,2024-07-01,Enterprise,Outbound Sales,Scale,299,,,299,1243.73
4474,2024-09-01,Mid-Market,Organic,Growth,99,2024-12-01,,0,66.32
4475,2024-08-01,SMB,Paid Search,Starter,29,,,29,469.82
4476,2023-12-01,Mid-Market,Outbound Sales,Growth,99,,,99,1612.33
4477,2023-07-01,SMB,Paid Search,Starter,29,2024-12-01,,0,338.78
4478,2023-06-01,SMB,Organic,Starter,29,,,29,67.44
4479,2023-10-01,SMB,Outbound Sales,Starter,29,2024-04-01,,0,1340.22
4480,2023-10-01,SMB,Paid Search,Growth,99,2024-03-01,,0,356.62
4481,2024-05-01,SMB,Outbound Sales,Scale,299,,,299,1489.16
4482,2024-04-01,SMB,Paid Search,Starter,29,,,29,347.06
4483,2023-07-01,Enterprise,Outbound Sales,Starter,29,,,29,1548.55
4484,2024-02-01,Enterprise,Partner,Starter,29,,,29,315.89
4485,2023-07-01,SMB,Outbound Sales,Growth,99,,,99,1181.89
4486,2024-09-01,SMB,Paid Search,Starter,29,,,29,450.39
4487,2024-03-01,SMB,Organic,Growth,99,,,99,52.02
4488,2023-05-01,SMB,Outbound Sales,Growth,99,2023-09-01,,0,1385.32
4489,2023-03-01,Enterprise,Referral,Starter,29,,,29,72.18
4490,2024-06-01,SMB,Paid Search,Growth,99,,,99,493.46
4491,2023-08-01,SMB,Organic,Starter,29,2023-10-01,,0,49.54
4492,2024-07-01,SMB,Organic,Growth,99,,,99,66.0
4493,2024-11-01,Mid-Market,Outbound Sales,Growth,99,,,99,1460.71
4494,2023-09-01,SMB,Outbound Sales,Scale,299,,,299,1431.85
4495,2024-02-01,Mid-Market,Paid Search,Starter,29,,,29,342.57
4496,2024-11-01,Mid-Market,Paid Search,Growth,99,,,99,446.13
4497,2023-11-01,Enterprise,Organic,Enterprise,799,,,799,62.71
4498,2023-04-01,Mid-Market,Organic,Starter,29,2024-12-01,,0,63.18
4499,2023-10-01,Mid-Market,Paid Search,Starter,29,,,29,426.43
4500,2024-03-01,Mid-Market,Paid Search,Starter,29,,,29,391.52
4501,2024-09-01,Mid-Market,Paid Search,Scale,299,,,299,375.34
4502,2024-03-01,Mid-Market,Referral,Scale,299,,,299,88.43
4503,2023-01-01,SMB,Organic,Growth,99,2024-05-01,,0,57.24
4504,2024-07-01,Mid-Market,Organic,Starter,29,,,29,64.51
4505,2024-10-01,SMB,Organic,Starter,29,,,29,54.5
4506,2023-06-01,Mid-Market,Organic,Scale,299,,,299,67.0
4507,2024-04-01,Mid-Market,Outbound Sales,Starter,29,,,29,1609.13
4508,2024-11-01,Mid-Market,Referral,Starter,29,,Growth,99,97.15
4509,2024-07-01,Mid-Market,Referral,Growth,99,,,99,90.44
4510,2023-02-01,Mid-Market,Paid Search,Growth,99,,,99,364.78
4511,2023-03-01,SMB,Outbound Sales,Growth,99,2024-01-01,,0,1610.35
4512,2023-08-01,SMB,Referral,Scale,299,2023-12-01,,0,81.82
4513,2024-02-01,Mid-Market,Outbound Sales,Enterprise,799,,,799,1386.92
4514,2023-11-01,SMB,Paid Search,Starter,29,,Growth,99,410.34
4515,2024-08-01,Mid-Market,Referral,Scale,299,,,299,79.18
4516,2023-05-01,Mid-Market,Paid Search,Starter,29,,,29,467.18
4517,2024-02-01,Mid-Market,Outbound Sales,Starter,29,,,29,1143.64
4518,2023-12-01,SMB,Outbound Sales,Growth,99,,,99,1312.11
4519,2024-07-01,Mid-Market,Referral,Enterprise,799,,,799,79.61
4520,2023-03-01,SMB,Referral,Scale,299,,,299,91.78
4521,2023-11-01,SMB,Partner,Enterprise,799,2024-10-01,,0,343.3
4522,2023-08-01,Enterprise,Outbound Sales,Starter,29,,,29,1561.03
4523,2024-09-01,SMB,Outbound Sales,Starter,29,,Growth,99,1366.47
4524,2023-04-01,Mid-Market,Referral,Starter,29,2024-04-01,,0,80.7
4525,2024-04-01,SMB,Organic,Growth,99,,,99,57.2
4526,2024-07-01,Mid-Market,Organic,Starter,29,,,29,64.53
4527,2023-06-01,Enterprise,Referral,Enterprise,799,,,799,82.36
4528,2023-08-01,SMB,Organic,Starter,29,,,29,51.68
4529,2023-10-01,SMB,Referral,Enterprise,799,,,799,82.02
4530,2024-08-01,Mid-Market,Organic,Starter,29,,,29,50.92
4531,2023-01-01,SMB,Organic,Starter,29,2024-09-01,,0,54.64
4532,2024-09-01,Enterprise,Referral,Enterprise,799,,,799,73.57
4533,2023-12-01,SMB,Partner,Starter,29,,,29,247.49
4534,2024-04-01,Enterprise,Paid Search,Growth,99,,,99,480.22
4535,2024-07-01,Mid-Market,Paid Search,Starter,29,2024-10-01,,0,365.95
4536,2024-08-01,SMB,Paid Search,Scale,299,,,299,477.76
4537,2023-05-01,SMB,Paid Search,Scale,299,,,299,503.31
4538,2023-09-01,SMB,Outbound Sales,Enterprise,799,2024-07-01,,0,1290.86
4539,2023-08-01,SMB,Organic,Starter,29,,,29,58.75
4540,2024-04-01,SMB,Organic,Starter,29,,Growth,99,54.86
4541,2024-07-01,Enterprise,Paid Search,Starter,29,,,29,356.02
4542,2024-11-01,SMB,Referral,Scale,299,,,299,94.93
4543,2023-04-01,Mid-Market,Referral,Scale,299,2023-07-01,,0,102.53
4544,2024-11-01,Mid-Market,Partner,Growth,99,,,99,320.33
4545,2023-01-01,Mid-Market,Referral,Starter,29,2023-02-01,,0,75.94
4546,2024-07-01,Enterprise,Paid Search,Scale,299,,,299,437.92
4547,2024-08-01,Mid-Market,Paid Search,Scale,299,,,299,443.4
4548,2023-04-01,Enterprise,Referral,Starter,29,,,29,96.83
4549,2023-02-01,Mid-Market,Referral,Starter,29,,,29,74.5
4550,2024-08-01,Mid-Market,Partner,Starter,29,,,29,323.77
4551,2023-05-01,SMB,Organic,Starter,29,2023-11-01,,0,62.51
4552,2024-01-01,SMB,Paid Search,Growth,99,2024-02-01,,0,481.84
4553,2023-02-01,SMB,Referral,Starter,29,,,29,77.95
4554,2024-10-01,Enterprise,Paid Search,Scale,299,,,299,346.44
4555,2024-10-01,SMB,Organic,Starter,29,,,29,67.51
4556,2024-08-01,Enterprise,Referral,Scale,299,,Enterprise,799,75.71
4557,2024-05-01,Mid-Market,Organic,Growth,99,,,99,57.12
4558,2024-10-01,Mid-Market,Referral,Starter,29,,,29,103.28
4559,2024-09-01,SMB,Organic,Starter,29,,,29,54.68
4560,2023-02-01,SMB,Referral,Growth,99,2024-11-01,,0,87.9
4561,2023-01-01,Mid-Market,Referral,Scale,299,,,299,94.11
4562,2023-01-01,SMB,Partner,Starter,29,2023-12-01,,0,316.7
4563,2023-02-01,SMB,Paid Search,Starter,29,2024-03-01,,0,435.81
4564,2023-06-01,SMB,Outbound Sales,Starter,29,2023-12-01,,0,1112.75
4565,2024-06-01,SMB,Organic,Starter,29,2024-08-01,,0,66.68
4566,2024-01-01,Mid-Market,Paid Search,Starter,29,,,29,469.55
4567,2024-11-01,Mid-Market,Outbound Sales,Growth,99,,,99,1136.33
4568,2023-02-01,Enterprise,Organic,Starter,29,,Growth,99,65.75
4569,2023-07-01,SMB,Paid Search,Scale,299,,,299,420.65
4570,2024-04-01,SMB,Paid Search,Starter,29,,,29,338.12
4571,2023-03-01,Mid-Market,Paid Search,Starter,29,2023-10-01,,0,452.62
4572,2024-10-01,SMB,Partner,Scale,299,,,299,295.3
4573,2024-05-01,SMB,Paid Search,Growth,99,,,99,357.28
4574,2023-09-01,SMB,Paid Search,Growth,99,,Scale,299,365.54
4575,2024-11-01,Mid-Market,Referral,Enterprise,799,,,799,99.28
4576,2023-08-01,SMB,Referral,Starter,29,,,29,106.03
4577,2024-02-01,SMB,Paid Search,Starter,29,,Growth,99,363.55
4578,2023-03-01,SMB,Paid Search,Growth,99,2023-11-01,,0,403.6
4579,2024-01-01,SMB,Outbound Sales,Starter,29,,Growth,99,1252.63
4580,2023-05-01,Enterprise,Organic,Growth,99,,,99,62.08
4581,2024-02-01,Enterprise,Paid Search,Scale,299,,Enterprise,799,368.8
4582,2023-10-01,SMB,Outbound Sales,Scale,299,,,299,1392.67
4583,2023-12-01,SMB,Partner,Growth,99,,,99,339.74
4584,2023-09-01,SMB,Paid Search,Starter,29,,,29,443.71
4585,2023-11-01,SMB,Organic,Enterprise,799,,,799,52.66
4586,2024-01-01,SMB,Outbound Sales,Starter,29,2024-06-01,,0,1484.46
4587,2024-11-01,SMB,Outbound Sales,Growth,99,,,99,1328.51
4588,2024-03-01,Mid-Market,Paid Search,Growth,99,,,99,354.97
4589,2023-07-01,Mid-Market,Outbound Sales,Starter,29,2024-08-01,,0,1256.65
4590,2024-01-01,SMB,Paid Search,Starter,29,2024-06-01,,0,376.56
4591,2023-12-01,SMB,Partner,Starter,29,,,29,341.21
4592,2023-01-01,Enterprise,Outbound Sales,Starter,29,,,29,1202.55
4593,2024-08-01,Mid-Market,Organic,Scale,299,,Enterprise,799,60.29
4594,2023-01-01,SMB,Partner,Growth,99,2023-07-01,,0,318.28
4595,2024-11-01,Mid-Market,Organic,Growth,99,,,99,49.35
4596,2024-04-01,SMB,Organic,Starter,29,2024-06-01,,0,51.38
4597,2024-01-01,Enterprise,Referral,Growth,99,,,99,100.34
4598,2023-09-01,Mid-Market,Paid Search,Growth,99,,,99,393.77
4599,2024-06-01,SMB,Organic,Growth,99,,,99,64.85
4600,2024-06-01,Mid-Market,Organic,Growth,99,,,99,66.22
4601,2024-03-01,SMB,Paid Search,Growth,99,,,99,443.97
4602,2023-12-01,Enterprise,Organic,Starter,29,,,29,61.96
4603,2023-03-01,Enterprise,Referral,Starter,29,2024-02-01,,0,89.82
4604,2023-01-01,SMB,Referral,Growth,99,2023-03-01,,0,86.15
4605,2024-09-01,Mid-Market,Paid Search,Starter,29,,,29,361.11
4606,2024-10-01,SMB,Paid Search,Growth,99,,,99,499.44
4607,2024-10-01,SMB,Organic,Starter,29,,,29,63.41
4608,2023-02-01,Mid-Market,Organic,Starter,29,,,29,52.66
4609,2023-06-01,Mid-Market,Paid Search,Starter,29,,Growth,99,476.53
4610,2023-05-01,Mid-Market,Referral,Growth,99,,Scale,299,101.61
4611,2023-05-01,Mid-Market,Organic,Growth,99,,,99,66.07
4612,2024-08-01,Mid-Market,Referral,Starter,29,,,29,76.16
4613,2024-03-01,Mid-Market,Outbound Sales,Starter,29,,,29,1089.67
4614,2024-07-01,Enterprise,Paid Search,Growth,99,,,99,454.98
4615,2023-03-01,SMB,Organic,Starter,29,2024-07-01,,0,52.91
4616,2023-12-01,SMB,Organic,Growth,99,2024-08-01,,0,68.18
4617,2024-10-01,Mid-Market,Organic,Starter,29,,,29,64.15
4618,2024-07-01,SMB,Organic,Starter,29,,,29,56.99
4619,2024-06-01,Mid-Market,Organic,Starter,29,2024-09-01,,0,59.7
4620,2024-02-01,SMB,Outbound Sales,Growth,99,,,99,1351.48
4621,2024-11-01,Mid-Market,Paid Search,Starter,29,,,29,399.66
4622,2023-12-01,Mid-Market,Organic,Scale,299,2024-09-01,,0,52.3
4623,2023-03-01,SMB,Organic,Growth,99,2024-07-01,,0,71.86
4624,2023-10-01,SMB,Paid Search,Growth,99,,Scale,299,461.87
4625,2024-01-01,SMB,Paid Search,Starter,29,2024-09-01,,0,362.28
4626,2023-05-01,SMB,Paid Search,Growth,99,,,99,341.81
4627,2024-03-01,SMB,Paid Search,Starter,29,,,29,393.85
4628,2023-07-01,Mid-Market,Organic,Growth,99,,,99,61.31
4629,2024-04-01,SMB,Paid Search,Growth,99,,,99,493.57
4630,2023-05-01,SMB,Outbound Sales,Growth,99,2024-06-01,,0,1151.5
4631,2024-05-01,SMB,Paid Search,Starter,29,,,29,409.96
4632,2023-11-01,Mid-Market,Paid Search,Starter,29,,,29,366.01
4633,2023-01-01,SMB,Paid Search,Growth,99,2024-02-01,,0,347.72
4634,2023-02-01,SMB,Referral,Growth,99,,Scale,299,93.65
4635,2023-03-01,Enterprise,Referral,Enterprise,799,,,799,75.74
4636,2023-09-01,Enterprise,Referral,Starter,29,,,29,97.93
4637,2023-02-01,SMB,Organic,Starter,29,,,29,61.28
4638,2023-08-01,SMB,Referral,Starter,29,,Growth,99,80.37
4639,2024-07-01,SMB,Organic,Growth,99,,,99,67.07
4640,2023-05-01,SMB,Paid Search,Enterprise,799,,,799,453.53
4641,2023-10-01,Enterprise,Paid Search,Enterprise,799,,,799,441.22
4642,2023-03-01,Mid-Market,Referral,Starter,29,,,29,79.7
4643,2023-04-01,SMB,Organic,Starter,29,,Growth,99,64.96
4644,2024-04-01,Mid-Market,Paid Search,Enterprise,799,,,799,426.83
4645,2023-11-01,SMB,Organic,Scale,299,2024-06-01,,0,60.82
4646,2023-02-01,SMB,Organic,Starter,29,,,29,50.87
4647,2024-03-01,Mid-Market,Organic,Starter,29,,,29,51.24
4648,2024-10-01,SMB,Organic,Scale,299,,,299,48.78
4649,2024-06-01,SMB,Paid Search,Starter,29,,,29,377.24
4650,2024-10-01,Mid-Market,Referral,Starter,29,,,29,89.76
4651,2023-04-01,SMB,Paid Search,Growth,99,2023-09-01,,0,396.31
4652,2024-11-01,SMB,Organic,Growth,99,,,99,65.11
4653,2024-07-01,SMB,Organic,Scale,299,,,299,57.78
4654,2023-07-01,Mid-Market,Outbound Sales,Growth,99,,Scale,299,1130.35
4655,2023-10-01,SMB,Organic,Starter,29,2024-05-01,,0,65.39
4656,2024-01-01,Mid-Market,Referral,Starter,29,2024-11-01,,0,78.63
4657,2024-06-01,SMB,Organic,Growth,99,,,99,55.56
4658,2023-12-01,Mid-Market,Organic,Starter,29,,,29,60.01
4659,2024-11-01,SMB,Outbound Sales,Starter,29,,,29,1379.25
4660,2024-09-01,Mid-Market,Organic,Starter,29,2024-11-01,,0,55.08
4661,2023-02-01,SMB,Partner,Starter,29,,Growth,99,295.29
4662,2023-01-01,SMB,Paid Search,Starter,29,2023-11-01,,0,347.21
4663,2023-01-01,SMB,Referral,Starter,29,,Growth,99,77.76
4664,2023-08-01,SMB,Organic,Growth,99,2024-02-01,,0,62.38
4665,2023-06-01,Mid-Market,Paid Search,Growth,99,2024-06-01,,0,336.77
4666,2023-03-01,SMB,Partner,Starter,29,2023-05-01,,0,262.07
4667,2023-07-01,SMB,Paid Search,Scale,299,2024-12-01,,0,441.56
4668,2024-10-01,Mid-Market,Referral,Enterprise,799,2024-12-01,,0,80.36
4669,2023-01-01,Mid-Market,Referral,Growth,99,,,99,101.45
4670,2023-02-01,Mid-Market,Outbound Sales,Starter,29,,,29,1291.96
4671,2023-02-01,SMB,Paid Search,Growth,99,2024-09-01,,0,455.98
4672,2024-04-01,Mid-Market,Organic,Starter,29,,,29,69.24
4673,2023-06-01,SMB,Organic,Enterprise,799,2023-08-01,,0,58.76
4674,2023-09-01,SMB,Organic,Growth,99,2024-07-01,,0,64.2
4675,2024-05-01,SMB,Organic,Starter,29,,,29,68.24
4676,2024-01-01,SMB,Referral,Growth,99,,,99,80.87
4677,2024-07-01,Mid-Market,Referral,Scale,299,,,299,103.87
4678,2023-12-01,SMB,Paid Search,Growth,99,,,99,480.53
4679,2024-04-01,SMB,Referral,Scale,299,,,299,74.18
4680,2023-08-01,Mid-Market,Paid Search,Scale,299,,,299,415.14
4681,2023-11-01,Mid-Market,Paid Search,Growth,99,,,99,354.67
4682,2023-09-01,SMB,Organic,Growth,99,2024-11-01,,0,69.27
4683,2023-12-01,Mid-Market,Outbound Sales,Starter,29,2024-11-01,,0,1209.4
4684,2023-06-01,SMB,Organic,Growth,99,,,99,56.9
4685,2023-09-01,Mid-Market,Organic,Scale,299,,Enterprise,799,70.51
4686,2023-09-01,SMB,Organic,Growth,99,,,99,61.49
4687,2024-01-01,Mid-Market,Organic,Starter,29,,Growth,99,70.25
4688,2024-09-01,SMB,Organic,Enterprise,799,,,799,59.08
4689,2024-08-01,SMB,Outbound Sales,Starter,29,,,29,1610.7
4690,2023-06-01,SMB,Outbound Sales,Growth,99,,Scale,299,1595.84
4691,2023-11-01,SMB,Paid Search,Growth,99,,,99,339.38
4692,2024-05-01,SMB,Referral,Starter,29,,,29,86.62
4693,2023-04-01,SMB,Paid Search,Growth,99,2023-06-01,,0,495.59
4694,2024-04-01,SMB,Organic,Scale,299,,,299,67.54
4695,2023-08-01,Mid-Market,Paid Search,Scale,299,,,299,371.62
4696,2023-02-01,Enterprise,Referral,Starter,29,2023-06-01,,0,103.86
4697,2023-04-01,SMB,Organic,Starter,29,2024-06-01,,0,52.84
4698,2023-02-01,SMB,Outbound Sales,Starter,29,,,29,1585.54
4699,2024-08-01,SMB,Referral,Growth,99,,,99,74.99
4700,2024-08-01,SMB,Organic,Starter,29,2024-09-01,,0,70.71
4701,2023-08-01,SMB,Referral,Growth,99,2023-12-01,,0,74.96
4702,2024-07-01,Enterprise,Outbound Sales,Growth,99,,,99,1203.05
4703,2024-01-01,SMB,Paid Search,Enterprise,799,2024-05-01,,0,431.12
4704,2023-10-01,SMB,Organic,Growth,99,,,99,52.51
4705,2023-10-01,SMB,Paid Search,Enterprise,799,,,799,401.39
4706,2023-10-01,Mid-Market,Referral,Starter,29,2024-06-01,,0,78.08
4707,2023-03-01,SMB,Paid Search,Starter,29,2023-11-01,,0,429.71
4708,2024-06-01,Mid-Market,Referral,Growth,99,2024-09-01,,0,93.99
4709,2023-12-01,SMB,Outbound Sales,Growth,99,2024-06-01,,0,1199.05
4710,2023-02-01,SMB,Paid Search,Growth,99,2023-04-01,,0,384.98
4711,2024-09-01,SMB,Organic,Growth,99,,,99,65.71
4712,2023-07-01,Enterprise,Referral,Starter,29,,,29,75.12
4713,2023-10-01,SMB,Paid Search,Growth,99,2024-11-01,,0,412.09
4714,2023-06-01,Mid-Market,Organic,Scale,299,,,299,54.96
4715,2023-01-01,SMB,Partner,Starter,29,2023-06-01,,0,289.48
4716,2024-10-01,SMB,Organic,Growth,99,,,99,68.05
4717,2023-01-01,SMB,Referral,Scale,299,2023-11-01,,0,107.25
4718,2024-09-01,SMB,Organic,Starter,29,,,29,52.33
4719,2023-12-01,Enterprise,Outbound Sales,Scale,299,,,299,1113.0
4720,2024-10-01,Mid-Market,Outbound Sales,Starter,29,,,29,1186.35
4721,2023-02-01,Mid-Market,Outbound Sales,Scale,299,,,299,1551.18
4722,2023-01-01,Mid-Market,Partner,Starter,29,2024-02-01,,0,345.54
4723,2023-06-01,Mid-Market,Partner,Starter,29,,,29,274.41
4724,2024-04-01,SMB,Partner,Growth,99,2024-10-01,,0,279.58
4725,2023-05-01,SMB,Organic,Growth,99,,,99,63.94
4726,2024-06-01,SMB,Outbound Sales,Growth,99,2024-10-01,,0,1264.55
4727,2023-01-01,SMB,Organic,Starter,29,2023-07-01,,0,69.7
4728,2023-01-01,Mid-Market,Partner,Starter,29,2023-07-01,,0,336.13
4729,2024-08-01,SMB,Partner,Starter,29,,,29,282.94
4730,2024-03-01,SMB,Partner,Scale,299,,,299,356.67
4731,2024-10-01,SMB,Paid Search,Scale,299,,,299,461.15
4732,2023-01-01,SMB,Referral,Starter,29,2023-07-01,,0,99.26
4733,2024-02-01,SMB,Paid Search,Growth,99,,,99,497.34
4734,2024-02-01,Mid-Market,Organic,Starter,29,2024-11-01,,0,58.34
4735,2024-03-01,Mid-Market,Paid Search,Starter,29,,,29,342.96
4736,2024-07-01,SMB,Partner,Scale,299,,,299,358.92
4737,2023-09-01,Mid-Market,Paid Search,Starter,29,,,29,493.13
4738,2024-03-01,SMB,Outbound Sales,Starter,29,2024-06-01,,0,1601.73
4739,2024-03-01,Mid-Market,Referral,Starter,29,,,29,89.06
4740,2024-04-01,Mid-Market,Outbound Sales,Scale,299,,,299,1168.87
4741,2023-08-01,Mid-Market,Outbound Sales,Growth,99,,Scale,299,1185.74
4742,2024-03-01,Enterprise,Paid Search,Starter,29,,,29,415.51
4743,2024-04-01,Mid-Market,Partner,Growth,99,,,99,321.05
4744,2023-10-01,SMB,Referral,Growth,99,2023-12-01,,0,88.75
4745,2024-02-01,SMB,Organic,Growth,99,2024-08-01,,0,57.47
4746,2023-02-01,SMB,Referral,Starter,29,2024-07-01,,0,106.69
4747,2023-11-01,SMB,Organic,Growth,99,,,99,63.55
4748,2023-11-01,Enterprise,Organic,Scale,299,,,299,57.78
4749,2024-05-01,SMB,Partner,Scale,299,,,299,322.78
4750,2023-09-01,SMB,Paid Search,Growth,99,2023-10-01,,0,469.02
4751,2023-12-01,Mid-Market,Paid Search,Starter,29,,Growth,99,397.72
4752,2024-02-01,SMB,Paid Search,Starter,29,2024-09-01,,0,415.81
4753,2023-02-01,Mid-Market,Partner,Starter,29,,,29,317.02
4754,2023-03-01,SMB,Paid Search,Starter,29,2024-08-01,,0,443.12
4755,2023-04-01,SMB,Referral,Growth,99,,,99,78.32
4756,2024-01-01,SMB,Referral,Starter,29,2024-04-01,,0,89.89
4757,2024-02-01,SMB,Outbound Sales,Scale,299,2024-05-01,,0,1219.93
4758,2023-01-01,SMB,Referral,Scale,299,2024-09-01,,0,104.89
4759,2024-07-01,SMB,Partner,Scale,299,,,299,299.58
4760,2023-09-01,SMB,Paid Search,Starter,29,,,29,464.79
4761,2024-09-01,Mid-Market,Organic,Growth,99,,,99,49.06
4762,2024-03-01,Mid-Market,Partner,Starter,29,,,29,285.79
4763,2024-02-01,Mid-Market,Paid Search,Scale,299,,,299,362.68
4764,2024-11-01,Enterprise,Outbound Sales,Growth,99,,,99,1292.21
4765,2024-05-01,SMB,Referral,Starter,29,,Growth,99,100.62
4766,2024-05-01,Mid-Market,Organic,Growth,99,,,99,70.25
4767,2023-09-01,SMB,Paid Search,Scale,299,2023-11-01,,0,489.93
4768,2023-02-01,Mid-Market,Partner,Starter,29,2023-05-01,,0,254.26
4769,2023-09-01,SMB,Outbound Sales,Starter,29,2023-10-01,,0,1242.82
4770,2023-11-01,Mid-Market,Organic,Enterprise,799,,,799,63.85
4771,2023-12-01,Mid-Market,Referral,Growth,99,,,99,79.33
4772,2024-09-01,SMB,Outbound Sales,Scale,299,,Enterprise,799,1107.77
4773,2023-01-01,Mid-Market,Referral,Starter,29,2024-06-01,,0,106.33
4774,2024-02-01,SMB,Outbound Sales,Starter,29,,,29,1257.93
4775,2024-04-01,SMB,Organic,Growth,99,2024-05-01,,0,58.08
4776,2024-04-01,Enterprise,Organic,Scale,299,,,299,54.54
4777,2024-01-01,SMB,Referral,Starter,29,2024-02-01,,0,83.71
4778,2023-08-01,SMB,Outbound Sales,Starter,29,2023-11-01,,0,1600.59
4779,2024-07-01,SMB,Paid Search,Scale,299,2024-11-01,,0,368.22
4780,2024-01-01,SMB,Referral,Growth,99,,,99,89.82
4781,2024-01-01,SMB,Organic,Growth,99,2024-05-01,,0,63.32
4782,2024-04-01,SMB,Outbound Sales,Starter,29,,,29,1201.16
4783,2023-07-01,Mid-Market,Referral,Growth,99,,,99,97.76
4784,2023-03-01,Mid-Market,Outbound Sales,Growth,99,,,99,1448.54
4785,2023-12-01,Enterprise,Organic,Enterprise,799,,,799,70.91
4786,2023-11-01,Mid-Market,Organic,Starter,29,,Growth,99,59.05
4787,2023-07-01,Enterprise,Partner,Growth,99,,,99,286.16
4788,2023-03-01,Enterprise,Organic,Growth,99,,,99,56.67
4789,2023-07-01,SMB,Paid Search,Growth,99,2023-09-01,,0,397.21
4790,2023-03-01,SMB,Outbound Sales,Growth,99,,,99,1100.33
4791,2024-07-01,Mid-Market,Outbound Sales,Starter,29,,Growth,99,1207.56
4792,2023-12-01,SMB,Organic,Scale,299,,,299,50.88
4793,2023-09-01,SMB,Partner,Growth,99,2024-06-01,,0,345.67
4794,2023-06-01,Enterprise,Partner,Growth,99,,,99,246.75
4795,2024-04-01,SMB,Partner,Scale,299,,,299,283.82
4796,2024-06-01,Mid-Market,Outbound Sales,Enterprise,799,,,799,1198.49
4797,2023-12-01,SMB,Partner,Starter,29,2024-11-01,,0,317.47
4798,2023-12-01,SMB,Paid Search,Growth,99,,Scale,299,390.83
4799,2023-10-01,Mid-Market,Partner,Enterprise,799,,,799,241.99
4800,2024-10-01,SMB,Paid Search,Starter,29,,,29,486.16
4801,2024-01-01,Mid-Market,Referral,Starter,29,,,29,94.91
4802,2024-10-01,Mid-Market,Organic,Scale,299,,Enterprise,799,48.03
4803,2023-02-01,SMB,Outbound Sales,Scale,299,2023-07-01,,0,1447.02
4804,2024-11-01,SMB,Organic,Starter,29,,,29,53.19
4805,2023-09-01,Mid-Market,Organic,Starter,29,,,29,71.13
4806,2024-11-01,SMB,Paid Search,Starter,29,,,29,410.74
4807,2024-06-01,SMB,Outbound Sales,Growth,99,2024-12-01,,0,1200.52
4808,2023-03-01,SMB,Organic,Growth,99,,,99,48.73
4809,2023-12-01,Mid-Market,Partner,Starter,29,,,29,247.05
4810,2024-08-01,Mid-Market,Paid Search,Scale,299,,,299,345.48
4811,2023-01-01,Mid-Market,Organic,Scale,299,2023-04-01,,0,48.76
4812,2024-08-01,SMB,Paid Search,Starter,29,,,29,428.14
4813,2023-07-01,SMB,Paid Search,Growth,99,,,99,478.23
4814,2024-09-01,Mid-Market,Paid Search,Starter,29,,,29,394.14
4815,2024-11-01,SMB,Paid Search,Starter,29,,,29,394.59
4816,2023-04-01,SMB,Paid Search,Growth,99,2023-08-01,,0,353.48
4817,2023-09-01,SMB,Organic,Scale,299,,,299,48.03
4818,2023-01-01,SMB,Outbound Sales,Growth,99,,,99,1593.95
4819,2023-05-01,SMB,Paid Search,Starter,29,2023-11-01,,0,412.89
4820,2023-11-01,SMB,Referral,Starter,29,2024-11-01,,0,98.55
4821,2024-01-01,SMB,Outbound Sales,Growth,99,,,99,1548.83
4822,2023-12-01,SMB,Organic,Scale,299,,Enterprise,799,50.69
4823,2024-03-01,Mid-Market,Referral,Starter,29,,Growth,99,81.45
4824,2024-11-01,SMB,Paid Search,Starter,29,,,29,420.33
4825,2024-06-01,SMB,Paid Search,Scale,299,,,299,385.96
4826,2024-04-01,Mid-Market,Paid Search,Growth,99,,,99,344.95
4827,2023-11-01,SMB,Organic,Starter,29,2024-06-01,,0,69.43
4828,2023-12-01,Mid-Market,Paid Search,Starter,29,,,29,377.97
4829,2024-04-01,SMB,Organic,Growth,99,2024-12-01,,0,49.75
4830,2024-11-01,SMB,Partner,Enterprise,799,,,799,290.68
4831,2023-08-01,SMB,Organic,Growth,99,2023-10-01,,0,67.31
4832,2023-04-01,Mid-Market,Paid Search,Growth,99,,,99,364.3
4833,2023-03-01,SMB,Organic,Starter,29,2023-09-01,,0,58.49
4834,2024-07-01,Enterprise,Organic,Enterprise,799,,,799,52.45
4835,2024-03-01,Mid-Market,Paid Search,Starter,29,,,29,473.44
4836,2024-01-01,SMB,Organic,Growth,99,2024-12-01,,0,60.55
4837,2024-07-01,SMB,Referral,Growth,99,,,99,92.82
4838,2023-12-01,Mid-Market,Partner,Scale,299,,Enterprise,799,329.71
4839,2024-08-01,Mid-Market,Organic,Starter,29,,Growth,99,70.55
4840,2023-10-01,SMB,Partner,Starter,29,,Growth,99,252.7
4841,2023-03-01,Mid-Market,Organic,Starter,29,2023-11-01,,0,68.29
4842,2024-06-01,SMB,Partner,Starter,29,2024-10-01,,0,296.91
4843,2023-09-01,Mid-Market,Organic,Scale,299,,,299,63.37
4844,2023-07-01,SMB,Paid Search,Scale,299,,,299,479.27
4845,2024-08-01,SMB,Referral,Scale,299,,,299,83.76
4846,2023-09-01,Enterprise,Organic,Growth,99,,Scale,299,68.87
4847,2023-04-01,Enterprise,Paid Search,Starter,29,,,29,442.08
4848,2023-02-01,SMB,Paid Search,Enterprise,799,2024-01-01,,0,382.87
4849,2023-04-01,SMB,Outbound Sales,Starter,29,2023-06-01,,0,1576.69
4850,2024-04-01,SMB,Outbound Sales,Growth,99,2024-08-01,,0,1111.23
4851,2023-07-01,SMB,Outbound Sales,Starter,29,,,29,1398.89
4852,2023-12-01,Enterprise,Organic,Growth,99,,,99,48.4
4853,2023-08-01,SMB,Outbound Sales,Scale,299,,,299,1124.11
4854,2024-08-01,SMB,Paid Search,Starter,29,,,29,352.83
4855,2023-07-01,Mid-Market,Partner,Growth,99,,Scale,299,347.31
4856,2023-06-01,Mid-Market,Outbound Sales,Starter,29,,,29,1381.7
4857,2024-07-01,SMB,Referral,Growth,99,,,99,81.36
4858,2023-06-01,Mid-Market,Referral,Starter,29,,,29,86.06
4859,2024-11-01,SMB,Paid Search,Scale,299,,,299,476.79
4860,2024-01-01,Enterprise,Paid Search,Scale,299,,Enterprise,799,431.78
4861,2023-03-01,Mid-Market,Referral,Starter,29,2024-07-01,,0,73.14
4862,2023-10-01,Mid-Market,Paid Search,Growth,99,,Scale,299,482.37
4863,2024-11-01,SMB,Organic,Starter,29,,,29,60.92
4864,2024-11-01,Enterprise,Outbound Sales,Growth,99,,,99,1185.94
4865,2024-11-01,SMB,Organic,Starter,29,,Growth,99,65.16
4866,2023-03-01,Mid-Market,Partner,Starter,29,2024-01-01,,0,304.07
4867,2023-11-01,SMB,Paid Search,Scale,299,,,299,367.81
4868,2023-03-01,SMB,Paid Search,Scale,299,,,299,445.21
4869,2023-12-01,SMB,Paid Search,Starter,29,2024-02-01,,0,443.76
4870,2023-05-01,SMB,Partner,Enterprise,799,2024-11-01,,0,354.57
4871,2023-05-01,Mid-Market,Outbound Sales,Growth,99,2024-02-01,,0,1222.7
4872,2024-05-01,Enterprise,Organic,Starter,29,,,29,61.16
4873,2023-11-01,SMB,Paid Search,Starter,29,2024-04-01,,0,389.93
4874,2024-07-01,Enterprise,Organic,Growth,99,,,99,55.16
4875,2023-04-01,Enterprise,Partner,Starter,29,,,29,300.68
4876,2024-09-01,Enterprise,Outbound Sales,Growth,99,,,99,1466.02
4877,2023-11-01,SMB,Referral,Starter,29,,Growth,99,93.77
4878,2023-05-01,Enterprise,Paid Search,Scale,299,2024-12-01,,0,355.71
4879,2024-02-01,SMB,Referral,Growth,99,,Scale,299,105.21
4880,2024-02-01,SMB,Referral,Starter,29,2024-08-01,,0,97.51
4881,2024-04-01,SMB,Organic,Starter,29,2024-07-01,,0,61.9
4882,2023-12-01,SMB,Paid Search,Starter,29,,Growth,99,360.23
4883,2024-10-01,Enterprise,Paid Search,Enterprise,799,,,799,358.66
4884,2023-01-01,SMB,Referral,Growth,99,,,99,82.56
4885,2024-01-01,SMB,Referral,Starter,29,2024-06-01,,0,105.23
4886,2023-03-01,SMB,Paid Search,Scale,299,,,299,360.69
4887,2023-01-01,Mid-Market,Partner,Scale,299,2023-03-01,,0,318.56
4888,2023-06-01,SMB,Paid Search,Scale,299,2024-11-01,,0,444.34
4889,2023-09-01,SMB,Referral,Starter,29,2024-01-01,,0,75.31
4890,2023-02-01,SMB,Partner,Enterprise,799,,,799,324.88
4891,2024-01-01,SMB,Paid Search,Starter,29,2024-02-01,,0,416.0
4892,2024-03-01,SMB,Paid Search,Starter,29,2024-04-01,,0,420.13
4893,2023-05-01,Mid-Market,Paid Search,Growth,99,2023-10-01,,0,336.92
4894,2024-04-01,Mid-Market,Referral,Starter,29,,,29,104.28
4895,2024-10-01,SMB,Outbound Sales,Enterprise,799,,,799,1409.6
4896,2024-05-01,SMB,Outbound Sales,Growth,99,2024-10-01,,0,1406.45
4897,2023-08-01,SMB,Referral,Growth,99,,,99,86.01
4898,2023-02-01,Mid-Market,Paid Search,Starter,29,2024-01-01,,0,453.9
4899,2023-06-01,SMB,Referral,Starter,29,2024-03-01,,0,101.99
4900,2023-11-01,SMB,Partner,Starter,29,2023-12-01,,0,299.4
4901,2024-11-01,Mid-Market,Outbound Sales,Enterprise,799,,,799,1374.34
4902,2024-05-01,Mid-Market,Referral,Growth,99,,,99,79.5
4903,2024-10-01,Mid-Market,Partner,Growth,99,,,99,282.38
4904,2024-07-01,SMB,Partner,Growth,99,,,99,296.18
4905,2023-05-01,Mid-Market,Organic,Starter,29,,,29,63.87
4906,2023-05-01,SMB,Organic,Enterprise,799,,,799,70.36
4907,2024-08-01,Mid-Market,Referral,Starter,29,,,29,76.93
4908,2024-06-01,Enterprise,Organic,Growth,99,,,99,60.7
4909,2023-10-01,Enterprise,Referral,Starter,29,2024-10-01,,0,93.99
4910,2024-03-01,SMB,Paid Search,Starter,29,,Growth,99,474.68
4911,2024-09-01,Mid-Market,Paid Search,Enterprise,799,,,799,477.72
4912,2023-11-01,Enterprise,Organic,Scale,299,,,299,63.86
4913,2023-10-01,SMB,Referral,Starter,29,,Growth,99,79.01
4914,2023-09-01,SMB,Paid Search,Starter,29,2023-12-01,,0,467.01
4915,2024-06-01,SMB,Referral,Growth,99,,,99,92.83
4916,2023-05-01,SMB,Paid Search,Growth,99,2023-07-01,,0,497.5
4917,2023-07-01,Mid-Market,Paid Search,Starter,29,,Growth,99,496.14
4918,2024-09-01,SMB,Paid Search,Starter,29,,,29,428.68
4919,2023-04-01,SMB,Paid Search,Growth,99,2024-11-01,,0,494.48
4920,2023-12-01,Mid-Market,Partner,Growth,99,2024-04-01,,0,243.09
4921,2024-05-01,Enterprise,Paid Search,Growth,99,2024-11-01,,0,489.8
4922,2023-10-01,SMB,Referral,Starter,29,,,29,106.72
4923,2023-11-01,SMB,Paid Search,Scale,299,2024-12-01,,0,500.48
4924,2024-04-01,Enterprise,Organic,Starter,29,,Growth,99,66.67
4925,2024-01-01,SMB,Organic,Starter,29,2024-05-01,,0,52.34
4926,2023-09-01,SMB,Referral,Starter,29,2024-04-01,,0,107.09
4927,2023-06-01,Mid-Market,Paid Search,Growth,99,,,99,407.9
4928,2024-08-01,SMB,Outbound Sales,Starter,29,2024-11-01,,0,1334.47
4929,2023-03-01,Enterprise,Organic,Starter,29,,,29,48.36
4930,2024-06-01,SMB,Organic,Starter,29,,,29,56.24
4931,2023-04-01,SMB,Organic,Starter,29,2023-06-01,,0,54.17
4932,2024-11-01,Mid-Market,Referral,Scale,299,,Enterprise,799,88.19
4933,2023-06-01,SMB,Organic,Growth,99,2023-09-01,,0,54.46
4934,2024-01-01,Mid-Market,Outbound Sales,Starter,29,,,29,1321.53
4935,2023-12-01,SMB,Paid Search,Starter,29,2024-05-01,,0,360.79
4936,2023-06-01,Mid-Market,Paid Search,Scale,299,,,299,495.94
4937,2024-07-01,SMB,Paid Search,Starter,29,,,29,447.57
4938,2023-06-01,SMB,Organic,Growth,99,,,99,71.72
4939,2023-03-01,SMB,Referral,Growth,99,,Scale,299,72.17
4940,2024-07-01,SMB,Paid Search,Scale,299,,,299,476.42
4941,2024-09-01,Enterprise,Referral,Scale,299,,Enterprise,799,75.03
4942,2024-01-01,SMB,Referral,Scale,299,,,299,99.86
4943,2024-07-01,SMB,Paid Search,Growth,99,,,99,490.98
4944,2023-05-01,SMB,Paid Search,Starter,29,2024-09-01,,0,359.63
4945,2024-08-01,Mid-Market,Partner,Enterprise,799,,,799,354.74
4946,2023-04-01,SMB,Paid Search,Starter,29,,,29,409.29
4947,2023-12-01,SMB,Paid Search,Starter,29,2024-04-01,,0,393.83
4948,2023-11-01,SMB,Paid Search,Starter,29,,,29,469.69
4949,2024-03-01,SMB,Outbound Sales,Starter,29,,,29,1540.66
4950,2023-02-01,Mid-Market,Paid Search,Growth,99,2023-06-01,,0,476.54
4951,2023-10-01,SMB,Organic,Scale,299,,,299,62.98
4952,2023-07-01,Mid-Market,Organic,Starter,29,,,29,55.11
4953,2023-01-01,Enterprise,Referral,Growth,99,,,99,81.96
4954,2023-09-01,Mid-Market,Outbound Sales,Growth,99,,,99,1203.47
4955,2023-04-01,Mid-Market,Paid Search,Scale,299,2024-07-01,,0,360.61
4956,2024-06-01,Mid-Market,Paid Search,Starter,29,,Growth,99,401.95
4957,2024-09-01,SMB,Organic,Scale,299,,,299,68.55
4958,2024-06-01,SMB,Organic,Scale,299,,,299,71.91
4959,2024-02-01,Enterprise,Organic,Starter,29,,,29,64.65
4960,2023-01-01,SMB,Outbound Sales,Starter,29,2024-10-01,,0,1164.32
4961,2023-12-01,SMB,Outbound Sales,Growth,99,2024-02-01,,0,1443.72
4962,2023-01-01,SMB,Paid Search,Growth,99,,,99,382.26
4963,2024-04-01,Mid-Market,Referral,Starter,29,,,29,97.83
4964,2023-12-01,Enterprise,Partner,Scale,299,2024-03-01,,0,268.35
4965,2024-05-01,SMB,Organic,Growth,99,,,99,51.94
4966,2024-01-01,Mid-Market,Referral,Starter,29,,,29,94.84
4967,2024-07-01,Mid-Market,Paid Search,Growth,99,2024-10-01,,0,451.11
4968,2023-04-01,SMB,Paid Search,Starter,29,,,29,367.04
4969,2023-12-01,SMB,Outbound Sales,Starter,29,2024-03-01,,0,1356.48
4970,2023-04-01,Mid-Market,Outbound Sales,Enterprise,799,,,799,1555.55
4971,2023-07-01,Mid-Market,Organic,Starter,29,,,29,64.44
4972,2024-11-01,SMB,Organic,Scale,299,,Enterprise,799,64.22
4973,2024-01-01,SMB,Organic,Starter,29,,,29,65.37
4974,2024-02-01,SMB,Organic,Starter,29,2024-07-01,,0,56.4
4975,2024-11-01,SMB,Referral,Starter,29,,,29,79.41
4976,2023-09-01,Mid-Market,Partner,Scale,299,,,299,328.02
4977,2023-05-01,Enterprise,Organic,Scale,299,2024-09-01,,0,67.49
4978,2024-11-01,SMB,Paid Search,Starter,29,,,29,486.5
4979,2023-03-01,Mid-Market,Paid Search,Growth,99,,,99,469.6
4980,2024-07-01,SMB,Organic,Starter,29,2024-12-01,,0,56.31
4981,2024-10-01,Mid-Market,Outbound Sales,Enterprise,799,,,799,1332.17
4982,2023-11-01,SMB,Outbound Sales,Scale,299,2024-07-01,,0,1501.15
4983,2023-01-01,SMB,Paid Search,Starter,29,2023-03-01,,0,426.32
4984,2023-07-01,Enterprise,Organic,Starter,29,,Growth,99,61.37
4985,2024-10-01,SMB,Referral,Enterprise,799,,,799,105.93
4986,2024-03-01,SMB,Referral,Scale,299,,,299,106.47
4987,2023-11-01,SMB,Outbound Sales,Starter,29,2024-03-01,,0,1491.06
4988,2024-10-01,Mid-Market,Paid Search,Scale,299,,,299,472.01
4989,2023-05-01,SMB,Organic,Starter,29,2024-08-01,,0,54.35
4990,2023-02-01,SMB,Referral,Starter,29,2023-08-01,,0,93.38
4991,2024-11-01,SMB,Paid Search,Starter,29,,,29,416.29
4992,2024-05-01,SMB,Paid Search,Starter,29,2024-09-01,,0,342.9
4993,2023-01-01,Mid-Market,Partner,Enterprise,799,2023-04-01,,0,346.02
4994,2023-07-01,SMB,Partner,Starter,29,,Growth,99,275.49
4995,2024-04-01,Mid-Market,Organic,Growth,99,2024-10-01,,0,70.36
4996,2024-01-01,Mid-Market,Paid Search,Growth,99,,,99,442.93
4997,2023-12-01,Mid-Market,Referral,Growth,99,2024-10-01,,0,101.27
4998,2023-09-01,SMB,Paid Search,Scale,299,,,299,413.07
4999,2024-07-01,Enterprise,Partner,Starter,29,,Growth,99,262.49
5000,2024-07-01,Mid-Market,Outbound Sales,Starter,29,,,29,1552.35
